"","GEOID","insur_rate","medn_incm","educ_rate","PoC","EJStress","BrwnFl_500","BrwnFl_250","BrwnFl_1k"
"1","340010001001",0.874493927125506,0.152799388802445,0.263157894736842,0.907894736842105,0.56,7,3,13
"2","340010001002",0.876934414148858,0.199167203331187,0.18978102189781,0.66764922623434,0.64,7,2,7
"3","340010002001",0.800803930326038,0.142119431522274,0.267746913580247,0.841000446627959,0.44,2,1,6
"4","340010002002",0.939172749391727,0.19439922240311,0.262048192771084,0.785888077858881,0.48,1,1,6
"5","340010002003",0.960597826086957,0.422306310774757,0.551775147928994,0.210597826086957,0.48,1,1,2
"6","340010003001",0.856338028169014,0.235231059075764,0.209635416666667,0.945539906103286,0.64,4,2,12
"7","340010003002",0.696593001841621,0.166499334002664,0.0360205831903945,0.958563535911602,0.6,4,3,12
"8","340010003003",0.845614035087719,0.232727069091724,0.359486447931526,0.612865497076023,0.6,5,3,6
"9","340010004001",0.666947014297729,0.134663461346155,0.456702253855279,0.539949537426409,0.68,3,3,10
"10","340010004002",0.909541511771995,0.144879420482318,0.199643493761141,0.731102850061958,0.52,4,1,5
"11","340010004003",0.785803237858032,0.127999488002048,0.060320452403393,0.847447073474471,0.56,5,2,13
"12","340010005001",0.817351598173516,0.231211075155699,0.146825396825397,0.871004566210046,0.64,6,5,13
"13","340010005002",0.690212373037858,0.167903328386686,0.183139534883721,0.939058171745152,0.64,9,3,11
"14","340010011001",0.920751633986928,NA,0.102040816326531,0.943627450980392,0.6,5,2,14
"15","340010011002",0.909413854351687,NA,0.276859504132231,0.930728241563055,0.68,3,2,16
"16","340010012001",0.947725072604066,NA,0.0373692077727952,0.999031945788964,0.68,4,1,14
"17","340010012002",0.844367015098722,0.192855228579086,0.162200282087447,0.976771196283391,0.68,3,2,14
"18","340010012003",0.690322580645161,0.146775412898348,0.0434782608695652,0.819354838709677,0.76,8,4,16
"19","340010013001",0.953333333333333,0.200907196371215,0.368983957219251,0.917777777777778,0.6,3,2,8
"20","340010013002",0.911337209302326,0.18560725757097,0.289537712895377,0.962936046511628,0.68,10,7,20
"21","340010014001",0.848970251716247,0.0593597625609498,0.0345489443378119,0.979591836734694,0.6,8,5,10
"22","340010014002",0.930555555555556,0.285830856676573,0.217391304347826,0.72008547008547,0.64,5,4,10
"23","340010014003",0.832740213523132,0.0991516033935864,0.0540540540540541,0.974377224199288,0.6,6,4,12
"24","340010015001",0.854868913857678,0.0768196927212291,0.136762860727729,0.899812734082397,0.6,5,3,14
"25","340010015002",1,0.0755756976972092,0.193832599118943,0.928571428571429,0.6,3,2,13
"26","340010019001",0.954986760812004,0.190727237091052,0.208092485549133,0.842894969108561,0.44,3,2,5
"27","340010019002",0.913223140495868,0.113391546433814,0.0797413793103448,0.483471074380165,0.44,3,3,4
"28","340010023001",0.4875,0.167855328578686,0.185022026431718,0.950892857142857,0.64,8,5,15
"29","340010023002",0.800117924528302,0.167687329250683,0.229146692233941,0.884433962264151,0.68,10,7,15
"30","340010024001",0.562822719449225,NA,0,1,0.68,12,3,19
"31","340010024002",0.8421875,0.0938556245775017,0.2,0.4828125,0.6,7,6,18
"32","340010024003",1,NA,0.13125,0.795373665480427,0.64,10,5,17
"33","340010024004",0.882186616399623,NA,0.0862676056338028,0.898209236569274,0.68,5,2,12
"34","340010025001",0.97752808988764,0.166499334002664,0.213114754098361,0.972712680577849,0.6,4,3,12
"35","340010025002",0.960295475530933,0.102083591665633,0.108695652173913,0.833795013850416,0.52,3,2,9
"36","340010025003",1,0.197939208243167,0.423948220064725,0.841423948220065,0.44,3,1,7
"37","340010025004",0.952787258248009,0.0841836632653469,0.187137891077636,0.737201365187713,0.52,4,2,8
"38","340010101011",0.954802259887006,0.591497634009464,0.533239038189533,0.122033898305085,0.16,0,0,0
"39","340010101012",1,0.422854308582766,0.470731707317073,0.254437869822485,0.28,0,0,0
"40","340010101013",1,0.560537757848969,0.331683168316832,0.197715917201999,0.2,0,0,0
"41","340010101014",0.970149253731343,0.454542181831273,0.350730688935282,0.0167910447761194,0.16,0,0,0
"42","340010101021",0.975652173913043,0.507997968008128,0.540117416829746,0.0104347826086957,0.28,0,0,0
"43","340010101022",0.959537572254335,NA,0.567307692307692,0.0369318181818182,0.32,0,0,0
"44","340010101023",0.89161554192229,0.417690329238683,0.466346153846154,0.155419222903885,0.4,0,0,0
"45","340010101041",0.970772442588727,0.18499926000296,0.524886877828054,0.187891440501044,0.32,0,0,0
"46","340010101042",0.988054607508532,0.432186271254915,0.428825622775801,0.063973063973064,0.48,0,0,0
"47","340010101051",0.965703971119134,0.2999988000048,0.60676532769556,0.144366197183099,0.4,1,0,2
"48","340010101052",0.97953216374269,0.129251482994068,0.212361331220285,0.540462427745665,0.44,0,0,0
"49","340010101053",0.908823529411765,0.364038543845825,0.396581196581197,0.270538243626062,0.4,0,0,0
"50","340010102001",0.94550408719346,0.258710965156139,0.284545016851228,0.170584045584046,0.56,0,0,0
"51","340010102002",0.973039215686274,0.286666853332587,0.400593471810089,0.170343137254902,0.56,0,0,0
"52","340010102003",0.874015748031496,0.18062327750689,0.264830508474576,0.423622047244094,0.6,0,0,0
"53","340010102004",0.913142857142857,0.411686353254587,0.423847695390782,0.194554736245037,0.36,0,0,0
"54","340010102005",1,0.738249047003812,0.338422391857506,0.0760456273764259,0.52,0,0,0
"55","340010103001",0.863499245852187,0.33499866000536,0.28310502283105,0.811463046757164,0.68,0,0,0
"56","340010103002",0.895214521452145,0.245383018467926,0.259305210918114,0.378712871287129,0.84,0,0,0
"57","340010104011",0.944588744588745,0.367894528421886,0.275494672754947,0.166233766233766,0.4,0,0,0
"58","340010104012",0.864857674913541,0.470138119447522,0.251955671447197,0.0771481777068369,0.32,0,0,0
"59","340010104013",1,0.318570725717097,0.316081330868762,0.6398891966759,0.44,0,0,0
"60","340010104031",0.881024096385542,0.370350518597926,0.287769784172662,0.673076923076923,0.48,0,0,0
"61","340010104032",0.921063739974673,0.383198467206131,0.370523415977961,0.604896580835796,0.52,0,0,0
"62","340010104033",0.931894057422658,0.384502461990152,0.262928348909657,0.693133951137321,0.56,0,0,0
"63","340010105011",0.863697705802969,0.185443258226967,0.410131852879944,0.144399460188934,0.12,0,0,0
"64","340010105012",0.976267529665588,0.517773928904284,0.364331210191083,0.0505376344086022,0.32,0,0,0
"65","340010105013",0.991273996509599,0.316962732149071,0.316228351507377,0.129144851657941,0.2,0,0,0
"66","340010105014",0.961611675126904,0.41999832000672,0.381691867592971,0.181154822335025,0.24,0,0,0
"67","340010105031",0.972665148063781,0.232315070739717,0.274709302325581,0.724373576309795,0.28,0,0,0
"68","340010105032",0.922598479612992,0.288054847780609,0.197828709288299,0.541810642709053,0.24,0,0,0
"69","340010105033",0.959583833533413,0.291818832724669,0.333333333333333,0.610644257703081,0.24,0,0,0
"70","340010105034",0.991443240159726,0.321046715813137,0.318379160636758,0.541928123217342,0.36,0,0,0
"71","340010105051",0.984423676012461,0.340206639173443,0.318532818532819,0.0420560747663551,0.32,0,0,0
"72","340010105052",0.956213511259383,0.334626661493354,0.43180349062702,0.209408825978351,0.32,0,0,0
"73","340010105061",0.988512349224584,0.351798592805629,0.36697247706422,0.278575531303848,0.52,0,0,0
"74","340010105062",0.959518599562363,0.512853948584206,0.404302670623145,0.205142231947484,0.56,0,0,0
"75","340010105063",0.944006999125109,0.41499834000664,0.341252699784017,0.185476815398075,0.36,0,0,0
"76","340010106001",0.996941896024465,0.229051083795665,0.183673469387755,0.54040404040404,0.28,0,0,0
"77","340010106002",0.917188587334725,0.281098875604498,0.192380952380952,0.547668754349339,0.52,0,0,0
"78","340010106003",0.975060337892196,0.185851256594974,0.158522050059595,0.562549800796813,0.48,0,0,0
"79","340010106004",0.703170028818444,0.0933316266734933,0.198717948717949,0.615273775216138,0.4,0,0,0
"80","340010107001",1,0.529561881752473,0.224827586206897,0.0495626822157434,0.36,0,0,0
"81","340010107002",0.976439790575916,0.452222191111236,0.371017471736896,0.111910994764398,0.24,0,0,0
"82","340010107003",0.894760017613386,0.357854568581726,0.225806451612903,0.0435931307793923,0.32,0,0,0
"83","340010107004",0.919504643962848,0.276954892180431,0.013986013986014,0.537298387096774,0.4,0,0,0
"84","340010108001",0.880058866813834,0.225675097299611,0.217993079584775,0.365710080941869,0.88,0,0,0
"85","340010108002",0.980314960629921,0.315250738997044,0.118710691823899,0.123556581986143,0.8,0,0,0
"86","340010109001",0.972323379461034,0.39875040499838,0.407373271889401,0.289147851420248,0.56,0,0,0
"87","340010109002",0.884070058381985,NA,0.486304909560724,0.345704753961635,0.84,0,0,0
"88","340010109003",0.903177004538578,NA,0.221902017291066,0.332829046898638,0.72,0,0,0
"89","340010110001",0.924833491912464,0.294442822228711,0.31424375917768,0.291151284490961,0.88,0,0,0
"90","340010110002",0.921412300683371,0.491666033335867,0.340229885057471,0.161161731207289,0.8,0,0,0
"91","340010111001",0.909660107334526,NA,0.356821589205397,0.26386404293381,0.68,0,0,0
"92","340010111002",0.909452736318408,0.27875088499646,0.143556280587276,0.589054726368159,0.8,0,0,0
"93","340010111003",0.977011494252874,0.305282778868884,0.145966709346991,0.121212121212121,0.76,0,0,0
"94","340010112011",0.960893854748603,0.491762032951868,0.323462414578588,0.118914604948125,0.48,0,0,0
"95","340010112012",0.970472440944882,0.325830696677213,0.207977207977208,0.179133858267717,0.6,0,0,0
"96","340010112021",0.992474546259407,0.367810528757885,0.148086522462562,0.18680832226649,0.44,0,0,0
"97","340010112022",1,0.208263166947332,0.128146453089245,0.115942028985507,0.52,0,0,0
"98","340010112023",0.970068027210884,0.335882656469374,0.0973520249221184,0.285714285714286,0.48,0,0,0
"99","340010112024",0.94263862332696,0.192379230483078,0.166809974204643,0.602931803696622,0.52,0,0,0
"100","340010113001",0.896946564885496,0.280906876372495,0.281065088757396,0.280534351145038,0.64,0,0,0
"101","340010113002",0.947948560930802,0.351070595717617,0.208032955715757,0.354562155541947,0.72,0,0,0
"102","340010113003",0.93951093951094,0.346742613029548,0.237637362637363,0.517256071580741,0.68,1,0,1
"103","340010114011",0.885377611140868,0.512269950920196,0.354838709677419,0.155567394778902,0.48,0,0,0
"104","340010114012",0.970691676436108,0.368290526837893,0.382297551789077,0.39390386869871,0.48,0,0,0
"105","340010114013",0.940284360189574,0.35999856000576,0.371571072319202,0.29478672985782,0.32,0,0,0
"106","340010114031",0.958492626979792,0.50812196751213,0.314429289303661,0.267613326051338,0.44,0,0,0
"107","340010114032",0.989603024574669,0.199167203331187,0.351387054161163,0.363894139886578,0.44,0,0,0
"108","340010114033",0.936974789915966,0.457142171431314,0.381258023106547,0.491596638655462,0.4,0,0,0
"109","340010114041",1,0.442598229607082,0.423855165069223,0.196078431372549,0.36,0,0,0
"110","340010114042",0.93562574970012,0.285666857332571,0.321794246708922,0.515904572564612,0.36,0,0,0
"111","340010114043",0.991767554479419,0.414954340182639,0.310311284046693,0.465859564164649,0.28,0,0,0
"112","340010114044",1,NA,0.383624655013799,0.468540012217471,0.24,0,0,0
"113","340010115001",0.951072017592084,0.405850376598494,0.296677215189873,0.142167381974249,0.36,0,0,0
"114","340010115002",0.979122434536447,0.403230387078452,0.260773480662983,0.489384288747346,0.44,0,0,0
"115","340010115003",0.92843779232928,0.224863100547598,0.121256391526662,0.324602432179607,0.48,0,0,0
"116","340010116001",0.967951695308871,0.262566949732201,0.179422199695895,0.14723641430562,0.36,0,0,0
"117","340010116002",0.92964824120603,0.309582761668953,0.160759493670886,0.299832495812395,0.48,0,0,0
"118","340010116003",0.969150174621653,0.451818192727229,0.335101679929266,0.133798720186155,0.24,0,0,0
"119","340010117021",0.97752808988764,0.401110395558418,0.156501726121979,0.603803486529319,0.76,0,0,0
"120","340010117022",0.925510612735282,0.206019175923296,0.169751116783663,0.670955165692008,0.64,0,0,0
"121","340010117031",0.920305676855895,0.290526837892648,0.169517884914463,0.709923664122137,0.56,0,0,0
"122","340010117032",0.942986425339366,0.35249859000564,0.364997121473805,0.673755656108597,0.56,0,0,0
"123","340010117033",0.982048574445618,0.281042875828497,0.227686703096539,0.487856388595565,0.64,0,0,0
"124","340010117041",0.95615866388309,0.238235047059812,0.254493170381021,0.478079331941545,0.64,0,0,0
"125","340010117042",0.99034749034749,0.290738837044652,0.297120418848168,0.535521235521236,0.68,0,0,0
"126","340010118031",0.982698961937716,NA,0.581419624217119,0.480103806228374,0.52,0,0,0
"127","340010118032",0.913389513108614,0.202447190211239,0.266914498141264,0.692415730337079,0.64,0,0,0
"128","340010118033",0.971620971620972,0.538997844008624,0.507945850500294,0.185185185185185,0.56,0,0,0
"129","340010118041",0.828708842027377,0.379930480278079,0.214123006833713,0.50425453200148,0.4,0,0,0
"130","340010118042",0.98586118251928,0.530309878760485,0.420648464163823,0.295629820051414,0.4,0,0,0
"131","340010118043",0.885540237255531,0.33375066499734,0.465191332411249,0.313562039115101,0.4,0,0,0
"132","340010118051",0.991089509923046,0.436750252998988,0.33041447752481,0.261569416498994,0.2,0,0,0
"133","340010118061",0.88663967611336,0.481666073335707,0.405786350148368,0.430414979757085,0.44,0,0,0
"134","340010118062",0.902102496714849,0.484218063127748,0.222517730496454,0.23850197109067,0.4,0,0,0
"135","340010118063",1,0.434282262870949,0.529471544715447,0.357436600411241,0.36,0,0,0
"136","340010118071",0.919653893695921,0.59499762000952,0.378548895899054,0.496291718170581,0.32,0,0,0
"137","340010118072",0.912143693869582,0.482126071495714,0.317116060961313,0.2827020695041,0.48,0,0,0
"138","340010118073",0.958785249457701,0.431498274006904,0.266856600189934,0.291753291753292,0.24,0,0,0
"139","340010118081",0.924878479893946,0.635537457850169,0.427591463414634,0.765797613787008,0.24,0,0,0
"140","340010118082",0.989886219974716,0.226583093667625,0.494208494208494,0.224796493425172,0.16,0,0,0
"141","340010119011",0.875,0.1812752748989,0.0161073825503356,0.95820189274448,0.64,1,1,1
"142","340010119012",0.842023346303502,NA,0.0409145607701564,0.992217898832685,0.72,0,0,1
"143","340010119021",0.915482954545455,NA,0.191311612364244,0.950994318181818,0.64,0,0,0
"144","340010119022",0.712548015364917,0.197635209459162,0.135752688172043,0.823623559539053,0.72,0,0,1
"145","340010120001",0.823985408116735,0.216519133923464,0.0885022692889561,0.910168718650251,0.64,0,0,0
"146","340010120002",0.873853211009174,0.23059907760369,0.219206680584551,0.818807339449541,0.8,1,1,1
"147","340010121001",0.879179331306991,0.23499906000376,0.141714285714286,0.921732522796353,0.64,1,1,1
"148","340010121002",0.911284599006387,0.138299446802213,0.102702702702703,0.866580310880829,0.52,0,0,1
"149","340010122001",0.916524119055765,0.193399226403094,0.129510309278351,0.953472459801574,0.68,1,1,1
"150","340010122002",0.964831804281346,0.423178307286771,0.101740294511379,0.940366972477064,0.52,0,0,0
"151","340010122003",0.935018050541516,0.189471242115032,0.130364372469636,0.832644628099174,0.64,0,0,0
"152","340010123021",0.995808104331625,0.624281502873989,0.50246652572234,0.347461574289707,0.52,0,0,0
"153","340010123022",0.966834895457823,0.279498882004472,0.390804597701149,0.373467916366258,0.48,0,0,0
"154","340010124011",0.997371188222923,0.291038835844657,0.382716049382716,0.170305676855895,0.64,0,0,0
"155","340010124012",0.966224366706876,0.571841712633149,0.45839636913767,0.0422195416164053,0.56,0,0,0
"156","340010124021",0.996405463695183,0.400498398006408,0.458891013384321,0.171099928109274,0.56,0,0,0
"157","340010124022",0.95702479338843,0.459790160839357,0.512931034482759,0.338735818476499,0.52,0,0,0
"158","340010125011",0.978246539222149,0.405498378006488,0.525796661608498,0.0884848484848485,0.56,0,0,0
"159","340010125012",0.990070921985816,0.50687397250411,0.592668024439919,0.286524822695035,0.6,0,0,0
"160","340010125021",0.96440489432703,0.450274198903204,0.476968796433878,0.169076751946607,0.44,0,0,0
"161","340010125022",0.987935656836461,0.620961516153935,0.62874251497006,0.131367292225201,0.52,0,0,0
"162","340010126021",0.925637393767705,0.628997484010064,0.577801958650707,0.228753541076487,0.4,0,0,0
"163","340010127011",0.889204545454545,0.393886424454302,0.301647655259823,0.128851540616246,0.48,0,0,0
"164","340010127012",0.901768172888016,0.346562613749545,0.125,0.0392927308447937,0.48,0,0,0
"165","340010127013",0.884659746251442,0.278442886228455,0.356564019448947,0.313725490196078,0.44,0,0,0
"166","340010127021",0.964133738601824,0.264026943892224,0.276947285601888,0.278419452887538,0.56,0,0,0
"167","340010128011",0.869404365519793,0.168331326674693,0.232458816351434,0.504994450610433,0.52,0,0,0
"168","340010128012",0.833755274261603,0.230959076163695,0.214765100671141,0.39915611814346,0.56,0,0,0
"169","340010128021",0.834389140271493,0.380906476374095,0.300571428571429,0.0180995475113122,0.56,0,0,0
"170","340010128022",0.930188679245283,0.252330990676037,0.377828054298643,0.0264150943396226,0.6,0,0,0
"171","340010130001",1,0.490554037783849,0.470158343483557,0.024,0.24,0,0,0
"172","340010130002",1,0.433886264454942,0.690298507462687,0,0.4,0,0,0
"173","340010130003",1,0.510425958296167,0.375533428165007,0.103481624758221,0.28,0,0,0
"174","340010130004",0.987588652482269,0.337854648581406,0.632743362831858,0,0.4,0,0,0
"175","340010131011",0.981094527363184,0.81124875500498,0.7062423500612,0.0557213930348259,0.36,0,0,0
"176","340010131021",1,0.372290510837957,0.467455621301775,0,0.44,0,0,0
"177","340010131022",0.986072423398329,0.464046143815425,0.617210682492582,0.103064066852368,0.32,0,0,0
"178","340010131023",1,0.411034355862577,0.669082125603865,0.132352941176471,0.2,0,0,0
"179","340010132011",0.898477157360406,0.356498574005704,0.391653290529695,0.688324873096447,0.56,1,0,1
"180","340010132012",1,0.334762660949356,0.284955752212389,0.522508038585209,0.52,1,0,1
"181","340010132013",0.92192513368984,0.1749993000028,0.298309178743961,0.163636363636364,0.6,1,0,1
"182","340010132021",0.943298969072165,0.378570485718057,0.468834688346883,0.141752577319588,0.4,0,0,1
"183","340010132022",0.962566844919786,0.249999000004,0.311206896551724,0.258467023172906,0.44,0,0,0
"184","340010133011",1,0.234627061491754,0.386990077177508,0.294894366197183,0.32,0,0,0
"185","340010133012",0.815668202764977,NA,0.457547169811321,0,0.28,0,0,0
"186","340010133013",0.99626400996264,0.351458594165623,0.297872340425532,0.188044831880448,0.44,0,0,0
"187","340010133021",0.991862567811935,0.401282394870421,0.380619380619381,0.197106690777577,0.44,0,0,0
"188","340010133022",0.918149466192171,0.338330646677413,0.51,0.385231316725979,0.4,0,0,0
"189","340010133023",1,0.25125099499602,0.271889400921659,0.262237762237762,0.48,0,0,0
"190","340010135001",0.912306558585114,0.658329366682533,0.572666025024062,0.204863669859985,0.16,0,0,0
"191","340010135002",0.986259541984733,0.39499842000632,0.515397082658023,0.0259541984732824,0.36,0,0,0
"192","340010135003",0.955056179775281,0.372258510965956,0.604072398190045,0.162118780096308,0.28,0,0,0
"193","340019834001",0.979218034519197,NA,0.583941605839416,0.357293127629734,0.4,0,0,0
"194","340030010011",1,0.435454258182967,0.612774451097804,0.273498233215548,0.68,0,0,0
"195","340030010012",0.969594594594595,0.800828796684813,0.872047244094488,0.190315315315315,0.64,0,0,0
"196","340030010013",1,0.742709029163883,0.611032531824611,0.259941804073715,0.48,0,0,0
"197","340030010021",1,1,0.826128722382325,0.117206982543641,0.52,0,0,0
"198","340030010022",0.910058541777541,0.544105823576706,0.720371804802479,0.336881319850985,0.64,0,0,0
"199","340030021001",0.973268529769137,0.709497162011352,0.72744014732965,0.3681652490887,0.52,0,0,0
"200","340030021002",0.972843450479233,0.976604093583626,0.858947368421053,0.42332268370607,0.44,0,0,0
"201","340030022001",0.994854202401372,0.443330226679093,0.704072398190045,0.496283590623213,0.84,0,0,0
"202","340030022002",0.906202723146747,0.376750492998028,0.391566265060241,0.512966476913346,0.72,0,0,0
"203","340030022003",0.970430107526882,0.7749969000124,0.377777777777778,0.293010752688172,0.68,0,0,0
"204","340030022004",0.977812995245642,0.499998000008,0.644139387539599,0.436608557844691,0.6,0,0,0
"205","340030023001",0.939970717423133,0.502997988008048,0.376937383756975,0.283010365029292,0.6,0,0,0
"206","340030023002",0.959977765425236,0.687393250426998,0.811194653299916,0.564758198999444,0.56,0,0,0
"207","340030023003",0.975594874923734,0.57999768000928,0.658238884045336,0.389261744966443,0.8,0,0,0
"208","340030031001",0.989966555183946,0.491110035559858,0.410891089108911,0.579710144927536,0.56,0,0,0
"209","340030031002",0.92741935483871,0.549813800744797,0.446808510638298,0.762672811059908,0.6,0,0,0
"210","340030031003",0.842748091603053,0.441706233175067,0.684045881126173,0.745801526717557,0.6,0,0,0
"211","340030031004",0.965413533834587,0.288862844548622,0.438053097345133,0.968421052631579,0.72,0,0,0
"212","340030031005",0.93433734939759,0.496562013751945,0.416326530612245,0.715060240963855,0.76,0,0,0
"213","340030032001",0.935574229691877,0.404722381110476,0.51067615658363,0.76750700280112,0.88,0,0,0
"214","340030032002",0.871778350515464,0.264114943540226,0.34520780322307,0.723582474226804,0.84,0,0,0
"215","340030032003",0.892857142857143,NA,0.37890625,0.870408163265306,0.8,0,0,0
"216","340030032004",0.939012584704743,0.41499834000664,0.479899497487437,0.866408518877057,0.72,0,0,0
"217","340030032005",0.752054794520548,0.288330846676613,0.340384615384615,0.806849315068493,0.76,0,0,0
"218","340030033001",0.949830890642616,0.62249751000996,0.35177539223782,0.692220969560316,0.8,0,0,0
"219","340030033002",0.953424657534247,0.516361934552262,0.529929577464789,0.612328767123288,0.6,0,0,0
"220","340030033003",0.916104146576664,0.475554097783609,0.4002574002574,0.530376084860174,0.72,0,0,0
"221","340030033004",1,0.519061923752305,0.302931596091205,0.523952095808383,0.72,0,0,0
"222","340030033005",0.820638820638821,0.56499774000904,0.521358159912377,0.748566748566749,0.6,0,0,0
"223","340030033006",0.984441301272984,0.619425522297911,0.577330508474576,0.908062234794908,0.6,0,0,0
"224","340030034011",0.979670861568248,0.571425714297143,0.377245508982036,0.545014520813166,0.64,0,0,0
"225","340030034012",0.940782122905028,0.630829476682093,0.548892988929889,0.496648044692737,0.72,0,0,0
"226","340030034021",0.981818181818182,0.544581821672713,0.55530474040632,0.706060606060606,0.68,0,0,0
"227","340030034022",0.909803921568627,0.687305250778997,0.472826086956522,0.488888888888889,0.8,0,0,0
"228","340030034023",0.991231915826392,0.801996792012832,0.676528599605523,0.158702323542306,0.72,0,0,0
"229","340030035001",0.895604395604396,0.836360654557382,0.507777777777778,0.760989010989011,0.52,0,0,0
"230","340030035002",0.628970163618864,0.118555525777897,0.206798866855524,0.934071222329163,0.76,0,0,0
"231","340030035003",0.902186421173763,0.592065631737473,0.571653543307087,0.477560414269275,0.68,0,0,0
"232","340030040011",0.932602739726027,0.512329950680197,0.484756097560976,0.703825136612022,0.88,0,0,0
"233","340030040012",0.956038870893105,0.456666173335307,0.371912491178546,0.754225673823664,0.8,0,0,0
"234","340030040021",0.936443542934415,0.446410214359143,0.358326068003487,0.681541582150101,0.8,0,0,0
"235","340030040022",0.687638786084382,0.465714137143451,0.353932584269663,0.769059955588453,0.88,0,0,0
"236","340030040023",0.892592592592593,0.399542401830393,0.380952380952381,0.522222222222222,0.76,0,0,0
"237","340030040024",0.971896955503513,0.388382446470214,0.2678916827853,0.614363778298205,0.96,0,0,0
"238","340030050001",1,0.460486158055368,0.288568257491676,0.178394826930392,0.76,0,0,0
"239","340030050002",0.925090252707581,0.480474078103688,0.422028353326063,0.435018050541516,0.64,0,0,0
"240","340030050003",0.958005249343832,0.353222587109652,0.488275862068966,0.373578302712161,0.68,0,0,0
"241","340030050004",0.972299168975069,0.237019051923792,0.231722428748451,0.61865189289012,0.76,0,0,0
"242","340030050005",0.748677248677249,NA,0.0769230769230769,0.0767195767195767,0.88,0,0,0
"243","340030061011",0.982121573301549,0.334614661541354,0.388888888888889,0.237187127532777,0.64,0,0,0
"244","340030061012",0.821325648414986,0.425894296422814,0.484885126964934,0.569644572526417,0.68,0,0,0
"245","340030061013",0.840501792114695,0.553649785400858,0.672727272727273,0.421146953405018,0.72,0,0,0
"246","340030061014",0.921775898520085,0.420462318150727,0.403846153846154,0.687103594080338,0.68,0,0,0
"247","340030061021",1,0.499810000759997,0.256926952141058,0.730213351686167,0.84,0,0,0
"248","340030061022",0.81615925058548,0.211619153523386,0.125188536953243,0.420374707259953,0.76,0,0,0
"249","340030061023",0.859168241965974,0.194523221907112,0.418725617685306,0.672022684310019,0.68,0,0,0
"250","340030062011",0.75668449197861,0.379934480262079,0.456439393939394,0.535828877005348,0.68,0,0,0
"251","340030062012",0.979241877256318,0.37375050499798,0.362068965517241,0.617328519855596,0.68,0,0,0
"252","340030062013",0.973651191969887,0.049811800752797,0.249244712990937,0.761606022584693,0.6,0,0,0
"253","340030062014",1,0.631029475882096,0.502762430939227,0.435835351089588,0.68,0,0,0
"254","340030062021",0.950630828304992,0.496514013943944,0.488721804511278,0.691168403730115,0.64,0,0,0
"255","340030062022",0.976063829787234,0.532833868664525,0.702445652173913,0.420212765957447,0.6,0,0,0
"256","340030062023",0.980582524271845,0.418074327702689,0.821948488241881,0.305285868392665,0.56,0,0,0
"257","340030062024",1,0.540565837736649,0.662192393736018,0.516248839368617,0.6,0,0,0
"258","340030063011",0.887183422870299,0.207279170883316,0.321111111111111,0.676132003069839,0.72,0,0,0
"259","340030063012",0.675691583284285,0.367586529653881,0.220322886989554,0.690994702766333,0.8,0,0,0
"260","340030063013",0.888412017167382,NA,0.214901960784314,0.673283261802575,0.68,0,0,0
"261","340030063021",1,0.677773288906844,0.378217821782178,0.15220700152207,0.72,0,0,0
"262","340030063022",0.80586592178771,NA,0.531953195319532,0.699720670391061,0.8,0,0,0
"263","340030063023",1,0.704953180187279,0.652582159624413,0.424453280318091,0.68,0,0,0
"264","340030063024",0.921675774134791,0.191215235139059,0.392982456140351,0.75591985428051,0.76,0,0,0
"265","340030070011",0.92,0.723569105723577,0.600954979536153,0.533333333333333,0.68,0,0,0
"266","340030070012",0.943286476005817,0.550453798184807,0.675965665236052,0.476100331282537,0.84,0,0,0
"267","340030070021",1,0.9937480250079,0.765,0.463338533541342,0.32,0,0,0
"268","340030070022",0.964424680377988,0.90563637745449,0.702821869488536,0.710950528071151,0.48,0,0,0
"269","340030070023",0.96042868920033,0.506781972872108,0.698630136986301,0.555647155812036,0.68,0,0,0
"270","340030070024",1,0.404166383334467,0.621505376344086,0.470246734397678,0.64,0,0,0
"271","340030080011",0.965646806226516,0.714541141835433,0.624713958810069,0.492753623188406,0.64,0,0,0
"272","340030080012",0.990958408679928,0.620885516457934,0.394190871369295,0.529100529100529,0.88,0,0,0
"273","340030080013",0.953922789539228,0.740453038187847,0.50544844928751,0.278331257783313,0.68,0,0,0
"274","340030080021",0.968075117370892,NA,0.635212888377445,0.39197267292912,0.8,0,0,0
"275","340030080022",0.991447368421053,0.693329226683093,0.623456790123457,0.493421052631579,0.64,0,0,0
"276","340030080023",1,0.765308938764245,0.635253054101222,0.360574268360022,0.76,0,0,0
"277","340030091001",0.969845150774246,0.637705449178203,0.718457943925234,0.419722901385493,0.52,0,0,0
"278","340030091002",0.994717379820391,0.86812052751789,0.828967642526965,0.254622292657158,0.6,0,0,0
"279","340030091003",1,0.6312494750021,0.65234375,0.382801664355062,0.52,0,0,0
"280","340030091004",0.95959595959596,0.595273618905524,0.742718446601942,0.317722681359045,0.64,0,0,0
"281","340030092001",0.988428158148505,0.814280742877028,0.691318327974277,0.244937319189971,0.64,0,0,0
"282","340030092002",0.963311382878645,0.661997352010592,0.618798955613577,0.438381937911571,0.68,0,0,0
"283","340030092003",0.99597423510467,0.918044327822689,0.77896138482024,0.29951690821256,0.52,0,0,0
"284","340030101001",0.874390243902439,0.648033407866369,0.581521739130435,0.537804878048781,0.68,0,0,0
"285","340030101002",0.95542472666106,0.373414506341975,0.517119244391972,0.550883095037847,0.72,0,0,0
"286","340030101003",0.974271012006861,0.698821204715181,0.65947242206235,0.502572898799314,0.72,0,0,0
"287","340030101004",0.980340760157274,0.603457586169655,0.54635761589404,0.269986893840105,0.64,0,0,0
"288","340030101005",0.832386363636364,0.253514985940056,0.405850091407678,0.275568181818182,0.6,0,0,0
"289","340030101006",1,0.463886144455422,0.385435168738899,0.424307036247335,0.52,0,0,0
"290","340030101007",0.975388601036269,0.406026375894496,0.507826086956522,0.44300518134715,0.68,0,0,0
"291","340030102001",0.986868686868687,0.641537433850265,0.326291079812207,0.532323232323232,0.72,0,0,0
"292","340030102002",0.909530386740331,0.483434066263735,0.367321867321867,0.627762430939227,0.76,0,0,0
"293","340030102003",0.942857142857143,NA,0.500797448165869,0.593406593406593,0.64,0,0,0
"294","340030102004",0.951060358890702,0.51315394738421,0.385922330097087,0.564437194127243,0.64,0,0,0
"295","340030102005",0.834328358208955,0.295354818580726,0.232172470978441,0.294029850746269,0.72,0,0,0
"296","340030103001",0.889267461669506,0.46499814000744,0.168396770472895,0.718909710391823,0.8,0,0,0
"297","340030103002",0.865853658536585,NA,0.482673267326733,0.689024390243902,0.76,0,0,0
"298","340030103003",1,0.597141611433554,0.461309523809524,0.333333333333333,0.64,0,0,0
"299","340030103004",0.975661375661376,0.373598505605978,0.410635155096012,0.237037037037037,0.6,0,0,0
"300","340030103005",0.929411764705882,0.763432946268215,0.505952380952381,0.562352941176471,0.6,0,0,0
"301","340030103006",1,0.395930416278335,0.515384615384615,0.25615763546798,0.64,0,0,0
"302","340030103007",0.925821596244131,0.457610169559322,0.564335664335664,0.373708920187793,0.76,0,0,0
"303","340030111001",0.890179514255544,0.523017907928368,0.490076335877863,0.616684266103485,0.72,0,0,0
"304","340030111002",0.947727272727273,0.552945788216847,0.571245186136072,0.446969696969697,0.72,0,0,0
"305","340030111003",0.966167859466493,0.245667017331931,0.396207584830339,0.709824333116461,0.72,0,0,0
"306","340030111004",0.809284116331096,0.444282222871109,0.397406559877956,0.697086311159978,0.84,0,0,0
"307","340030112001",0.950054288816504,0.183571265714937,0.169540229885057,0.781758957654723,0.72,0,0,0
"308","340030112002",0.93214019388516,0.581069675721297,0.386836027713626,0.49813571961223,0.8,0,0,1
"309","340030112003",0.803867403314917,0.295678817284731,0.281036834924966,0.326887661141805,0.8,0,0,1
"310","340030112004",0.886706948640483,0.260414958340167,0.170045045045045,0.432779456193353,0.76,0,0,1
"311","340030113001",0.74724342663274,0.462918148327407,0.445218492716909,0.618744698897371,0.84,0,0,1
"312","340030113002",0.973175965665236,0.243887024451902,0.215625,0.265021459227468,0.8,0,0,0
"313","340030113003",0.947089947089947,0.497342010631957,0.208333333333333,0.402116402116402,0.8,0,0,0
"314","340030113004",0.944223107569721,0.335586657653369,0.339055793991416,0.374501992031873,0.84,0,0,0
"315","340030114001",0.962903225806452,0.303274786900852,0.185185185185185,0.175806451612903,0.68,0,0,0
"316","340030114002",0.921409214092141,0.32751868992524,0.240641711229947,0.379858657243816,0.72,0,0,0
"317","340030114003",0.983155530600786,0.303250786996852,0.238552437223043,0.434025828186412,0.84,0,0,0
"318","340030114004",0.96045197740113,0.507705969176123,0.32018927444795,0.375141242937853,0.84,0,0,0
"319","340030114005",0.933458294283037,0.403610385558458,0.288488210818308,0.703842549203374,0.8,0,0,0
"320","340030120011",0.770135214579659,0.377250490998036,0.294363256784969,0.609053497942387,0.76,0,0,0
"321","340030120012",1,0.280526877892488,0.31638418079096,0.124694376528117,0.76,0,0,0
"322","340030120013",0.949612403100775,0.285910856356575,0.391276041666667,0.516472868217054,0.84,0,0,0
"323","340030120014",0.937193326790972,0.372674509301963,0.482575310100413,0.536800785083415,0.72,0,0,0
"324","340030120021",0.954183266932271,0.289190843236627,0.490729295426452,0.432270916334661,0.84,0,0,1
"325","340030120022",0.912234042553192,0.585497658009368,0.433534743202417,0.200797872340426,0.72,0,0,0
"326","340030120023",0.960526315789474,0.42749829000684,0.509775524981897,0.577972709551657,0.8,0,0,0
"327","340030130021",0.969879518072289,0.658025367898528,0.648648648648649,0.55421686746988,0.72,0,0,0
"328","340030130022",0.947403910991234,0.396306414774341,0.80639431616341,0.66149696561025,0.76,0,0,0
"329","340030130023",0.724009900990099,0.161147355410578,0.231660231660232,0.891089108910891,0.72,0,0,0
"330","340030130024",0.97907444668008,0.694665221339115,0.780651340996169,0.496579476861167,0.72,0,0,0
"331","340030130031",0.950154162384378,0.665849336602654,0.782740808264965,0.692702980472765,0.8,0,0,0
"332","340030130041",0.967585089141005,NA,0.803720930232558,0.880064829821718,0.8,0,0,0
"333","340030130042",0.97687535250987,0.479734081063676,0.751503006012024,0.529046813310773,0.76,0,0,0
"334","340030130043",0.891406987724268,0.66186135255459,0.758454106280193,0.604343720491029,0.72,0,0,0
"335","340030140001",0.997572815533981,0.740261038955844,0.344642857142857,0.402912621359223,0.72,0,0,0
"336","340030140002",0.975503062117235,0.55499778000888,0.586247086247086,0.386477462437396,0.6,0,0,0
"337","340030140003",1,0.350882596469614,0.344357976653696,0.0880597014925373,0.8,0,0,0
"338","340030140004",0.970756062767475,0.564053743785025,0.454870420017873,0.276325088339223,0.6,0,0,0
"339","340030140005",1,0.761980952076192,0.644041041831097,0.158069883527454,0.56,0,0,0
"340","340030140006",0.912590216519647,0.53499786000856,0.429282868525896,0.0525164113785558,0.76,0,0,0
"341","340030151001",0.967652495378928,NA,0.745985401459854,0.234750462107209,0.6,0,0,0
"342","340030151002",1,0.989496042015832,0.936651583710407,0.205246913580247,0.44,0,0,0
"343","340030151003",0.952601156069364,0.517305930776277,0.546310832025118,0.322543352601156,0.6,0,0,0
"344","340030152001",1,NA,0.166666666666667,0.964651162790698,0.72,0,0,0
"345","340030152002",0.919914953933381,0.819128723485106,0.702605570530099,0.729978738483345,0.64,0,0,0
"346","340030152003",0.610894941634241,NA,0.378823529411765,0.754863813229572,0.68,0,0,0
"347","340030152004",0.868194842406877,NA,0.366711772665765,0.845588235294118,0.56,0,0,0
"348","340030152005",1,0.325214699141203,0.518358531317495,0.906854130052724,0.56,0,0,0
"349","340030152006",0.742838956078931,NA,0.223790322580645,0.860598345003183,0.68,0,0,0
"350","340030153001",0.940100882723834,0.585261658953364,0.216322517207473,1,0.72,0,0,0
"351","340030153002",0.886459802538787,0.212691149235403,0.147153598281418,0.979548660084626,0.64,0,0,0
"352","340030153003",0.897843359818388,0.357646569413722,0.303977272727273,0.947786606129398,0.6,0,0,0
"353","340030153004",0.9453125,0.143827424690301,0.238505747126437,0.975446428571429,0.64,0,0,0
"354","340030154011",0.912820512820513,NA,0.106237816764133,0.851282051282051,0.8,0,0,0
"355","340030154012",0.704440333024977,0.257186971252115,0.459352280237938,0.783533765032377,0.8,0,0,0
"356","340030154013",0.833199679230152,0.46125015499938,0.0676437429537768,0.540497193263833,0.72,0,0,0
"357","340030154021",0.964333481943825,0.327546689813241,0.544109277177006,0.727151136870263,0.64,0,0,0
"358","340030154022",0.726587728740581,NA,0.436363636363636,0.731969860064586,0.8,0,0,0
"359","340030155001",1,0.67940128239487,0.680645161290323,0.587778855480116,0.56,0,0,0
"360","340030155002",0.815592903828198,NA,0.480295566502463,0.788982259570495,0.56,0,0,0
"361","340030155003",1,NA,0.898550724637681,0.149152542372881,0.48,0,0,0
"362","340030155004",0.987464387464387,0.762724949100204,0.704807692307692,0.0788313120176406,0.64,0,0,0
"363","340030155005",0.971947194719472,0.305446778212887,0.62582056892779,0.495049504950495,0.72,0,0,0
"364","340030155006",1,0.451150195399218,0.792682926829268,0.783898305084746,0.68,0,0,0
"365","340030160001",0.978222996515679,1,0.705665024630542,0.461672473867596,0.36,0,0,0
"366","340030160002",0.981707317073171,1,0.795608108108108,0.79390243902439,0.52,0,0,0
"367","340030160003",0.938009787928222,0.881536473854105,0.756637168141593,0.722675367047308,0.56,0,0,0
"368","340030160004",0.937866354044549,0.446182215271139,0.714285714285714,0.716295427901524,0.6,0,0,0
"369","340030160005",0.936390532544379,NA,0.737357259380098,0.636094674556213,0.52,0,0,0
"370","340030160006",0.961196443007276,0.682365270538918,0.816705336426914,0.397736459175424,0.52,0,0,0
"371","340030171011",0.858313817330211,0.864540541837833,0.809869375907112,0.457845433255269,0.68,0,0,0
"372","340030171012",1,1,0.758503401360544,0,0.6,0,0,0
"373","340030171013",0.945845697329377,0.835880656477374,0.686104218362283,0.270029673590504,0.72,0,0,0
"374","340030171014",1,0.385414458342167,0.71889400921659,0.22372528616025,0.6,0,0,0
"375","340030171015",1,0.499674001303995,0.660660660660661,0.276780544296468,0.68,0,0,0
"376","340030171021",0.852189781021898,0.567725729097084,0.830769230769231,0.0666058394160584,0.56,0,0,0
"377","340030171022",0.976324689966178,0.377446490214039,0.734550561797753,0.250281848928974,0.6,0,0,0
"378","340030172001",0.962354188759279,0.398498406006376,0.536690647482014,0.343584305408271,0.76,0,0,0
"379","340030172002",1,0.653885384458462,0.461764705882353,0.161731207289294,0.8,0,0,0
"380","340030172003",0.97007874015748,0.52559789760841,0.591549295774648,0.820472440944882,0.88,1,0,2
"381","340030172004",0.962485345838218,0.386590453638185,0.413793103448276,0.123094958968347,0.8,0,0,0
"382","340030172005",0.936613844870726,0.485382058471766,0.447831184056272,0.472894078398666,0.84,1,0,2
"383","340030172006",1,0.592725629097484,0.495750708215297,0.378540772532189,0.76,1,1,3
"384","340030173011",0.990441176470588,0.271562913748345,0.449044585987261,0.280882352941176,0.8,0,0,1
"385","340030173012",0.99213630406291,0.82626069495722,0.825242718446602,0.230013106159895,0.72,0,0,0
"386","340030173013",0.949152542372881,0.747809008763965,0.65979381443299,0.0706214689265537,0.68,0,0,1
"387","340030173021",1,0.523693905224379,0.543385490753912,0.0825688073394495,0.68,0,0,0
"388","340030173022",1,0.654685381258475,0.49728555917481,0.427835051546392,0.84,0,0,0
"389","340030173023",1,0.575293698825205,0.586330935251799,0.0926998841251448,0.76,0,0,0
"390","340030174001",1,0.73874904500382,0.679936305732484,0.240786240786241,0.64,0,0,0
"391","340030174002",1,0.683885264458942,0.781088082901554,0.239412273120138,0.8,0,0,0
"392","340030174003",0.957976653696498,0.752236991052036,0.683848797250859,0.409338521400778,0.72,0,0,0
"393","340030174004",0.977142857142857,0.614497542009832,0.590488771466314,0.39265306122449,0.84,0,0,0
"394","340030174005",0.975230007077141,0.60999756000976,0.712244897959184,0.336164189667374,0.8,0,0,0
"395","340030175011",0.950911640953717,0.663497346010616,0.561256544502618,0.673913043478261,0.76,0,0,0
"396","340030175012",0.963793103448276,0.713569145723417,0.628643852978454,0.181896551724138,0.8,0,0,0
"397","340030175013",0.923632610939113,NA,0.672881355932203,0.578947368421053,0.72,0,0,0
"398","340030175014",0.985185185185185,0.45560617757529,0.419087136929461,0.148148148148148,0.8,0,0,0
"399","340030175021",0.904820012202563,0.40999836000656,0.488700564971751,0.477439024390244,0.8,0,0,0
"400","340030175022",0.970375246872943,0.512789948840205,0.700290979631426,0.36405529953917,0.72,0,0,0
"401","340030175023",0.990125673249551,0.49249803000788,0.661268556005398,0.357271095152603,0.72,0,0,0
"402","340030181011",0.769516728624535,NA,0.262528047868362,0.751460435475305,0.72,0,0,0
"403","340030181012",0.69262577532736,0.245479018083928,0.208333333333333,0.751895244658856,0.72,0,0,0
"404","340030181013",0.987261146496815,0.232459070163719,0.111464968152866,0.496815286624204,0.76,0,0,0
"405","340030181014",0.884584980237154,0.121631513473946,0.250655021834061,0.694861660079051,0.8,0,0,0
"406","340030181021",0.707494407158837,0.234923060307759,0.217360114777618,0.591163310961969,0.8,0,0,0
"407","340030181022",0.694419840566873,0.220527117891528,0.119117647058824,0.771479185119575,0.72,0,0,0
"408","340030182001",0.795638126009693,0.214499142003432,0.362264150943396,0.732633279483037,0.8,0,0,0
"409","340030182002",0.817976257772753,0.210583157667369,0.177366702937976,0.784624081401922,0.76,0,0,0
"410","340030182003",0.924488725747247,0.356986572053712,0.453733248245054,0.614053487152596,0.88,0,0,0
"411","340030182004",0.900720576461169,0.317274730901076,0.0981012658227848,0.580464371497198,0.96,0,0,0
"412","340030182005",0.829087048832272,0.270162919348323,0.149171270718232,0.313163481953291,0.76,0,0,0
"413","340030191021",0.834406623735051,0.500145999416002,0.534238124614436,0.797148114075437,0.72,0,0,0
"414","340030191022",0.978196233894945,0.322998708005168,0.573652694610778,0.601585728444004,0.68,0,0,0
"415","340030191031",0.968582375478927,0.287142851428594,0.381849315068493,0.570114942528736,0.68,0,0,0
"416","340030191032",0.921113689095128,0.40749837000652,0.70625,0.824825986078886,0.52,0,0,0
"417","340030191033",0.864583333333333,0.273842904628382,0.666666666666667,0.571180555555556,0.64,0,0,0
"418","340030191034",0.969903463940943,0.332570669717321,0.666111573688593,0.744716351501668,0.64,0,0,0
"419","340030191041",0.836589698046181,0.532853868584526,0.508728179551122,0.811722912966252,0.68,0,0,0
"420","340030191042",0.970824215900802,0.440806236775053,0.614718614718615,0.593727206418672,0.72,0,0,0
"421","340030191043",0.94027149321267,0.403178387286451,0.690677966101695,0.532126696832579,0.72,0,0,0
"422","340030191044",0.947747747747748,0.448074207703169,0.479188900747065,0.841441441441441,0.6,0,0,0
"423","340030192021",0.907276995305164,0.466954132183471,0.737250101999184,0.68562263050452,0.76,0,0,0
"424","340030192031",0.943840579710145,0.213571145715417,0.406287787182588,0.625905797101449,0.72,0,0,0
"425","340030192032",0.924542682926829,0.417998328006688,0.622522522522522,0.459603658536585,0.64,0,0,0
"426","340030192033",0.953926701570681,0.40499838000648,0.705882352941177,0.471204188481675,0.6,0,0,0
"427","340030192041",0.812824956672444,0.113959544161823,0.498837209302326,0.755632582322357,0.84,0,0,0
"428","340030192042",0.898002853067047,0.286490854036584,0.634,0.799572039942939,0.68,0,0,0
"429","340030192043",0.958174904942966,0.4249983000068,0.606986899563319,0.401140684410646,0.76,0,0,0
"430","340030193031",0.800122624156959,0.520749917000332,0.762055335968379,0.672593500919681,0.8,0,0,0
"431","340030193032",0.902593295382669,0.524469902120392,0.616071428571429,0.769765970904491,0.76,0,0,0
"432","340030193033",0.842647058823529,0.276998892004432,0.350574712643678,0.688235294117647,0.68,0,0,0
"433","340030193034",1,0.355886576453694,0.625877632898696,0.610095098756401,0.64,0,0,0
"434","340030193041",0.898785425101215,0.6187495250019,0.623595505617977,0.678137651821862,0.72,0,0,0
"435","340030193042",0.947411668036155,0.660453358186567,0.41852286049238,0.689400164338537,0.76,0,0,0
"436","340030193043",0.872274143302181,0.493526025895896,0.58492975734355,0.539979231568017,0.8,0,0,0
"437","340030193051",0.983564567769477,0.486930052279791,0.697855750487329,0.500960512273212,0.68,0,0,0
"438","340030193052",0.853545394300862,0.780732877068492,0.785974499089253,0.666666666666667,0.72,0,0,0
"439","340030193053",0.981180496150556,0.44125023499906,0.826589595375723,0.153977758768178,0.72,0,0,0
"440","340030193061",0.962646264626463,0.70499718001128,0.647773279352227,0.487398739873987,0.68,0,0,0
"441","340030201001",1,1,0.857142857142857,0.14983164983165,0.4,0,0,0
"442","340030201002",0.970074812967581,0.584165663337347,0.613333333333333,0.367206982543641,0.44,0,0,0
"443","340030201003",0.96551724137931,0.74249703001188,0.695906432748538,0.144984326018809,0.48,0,0,0
"444","340030202001",1,0.794060823756705,0.872638634978672,0.148103309120258,0.52,0,0,0
"445","340030202002",1,0.970996116015536,0.781420765027322,0.279248505550811,0.36,0,0,0
"446","340030202003",1,0.9499962000152,0.797235023041475,0.20386974988202,0.56,0,0,0
"447","340030211011",0.811387900355872,0.176331294674821,0.12263099219621,0.475978647686833,0.84,0,0,0
"448","340030211012",0.903092783505155,NA,0.185483870967742,0.123711340206186,0.72,0,0,0
"449","340030211013",0.676363636363636,0.157067371730513,0.195445920303605,0.336969696969697,0.72,0,0,0
"450","340030211014",0.875879718490083,0.325514697941208,0.278917145200984,0.665387076135637,0.72,0,0,0
"451","340030211021",0.970049916805324,0.352186591253635,0.35871743486974,0.199667221297837,0.72,0,0,0
"452","340030211022",0.816194331983806,0.332818668725325,0.219827586206897,0.0728744939271255,0.68,0,0,0
"453","340030211023",0.897470039946738,0.39499842000632,0.288624787775891,0.271637816245007,0.8,0,0,0
"454","340030212001",0.993171471927162,NA,0.334792122538293,0.474962063732929,0.8,0,0,0
"455","340030212002",0.961081081081081,0.317666729333083,0.242928452579035,0.162162162162162,0.84,0,0,0
"456","340030212003",0.913156189241737,NA,0.253629376601196,0.535320803629294,0.8,0,0,0
"457","340030212004",0.810810810810811,0.212271150915396,0.241379310344828,0.487258687258687,0.76,0,0,0
"458","340030212005",0.661508704061896,0.393998424006304,0.334096109839817,0.526112185686654,0.84,0,0,0
"459","340030212006",0.794419970631424,0.36062255750977,0.261363636363636,0.302496328928047,0.8,0,0,0
"460","340030213001",0.935387673956262,0.335754656981372,0.17258883248731,0.327111984282908,0.76,0,0,0
"461","340030213002",0.746113989637306,0.26999892000432,0.149920255183413,0.432642487046632,0.88,0,0,0
"462","340030213003",0.769778481012658,NA,0.213333333333333,0.299050632911392,0.8,0,0,0
"463","340030213004",0.869515669515669,0.388998444006224,0.173539518900344,0.457549857549858,0.76,0,0,0
"464","340030214001",0.916940789473684,0.35499858000568,0.32648401826484,0.299342105263158,0.8,0,0,4
"465","340030214002",0.818992989165073,0.322142711429154,0.317272727272727,0.478011472275335,0.8,0,0,4
"466","340030214003",0.794778384942319,NA,0.181905678537055,0.546448087431694,0.8,0,0,2
"467","340030214004",0.65985401459854,0.347058611765553,0.209195402298851,0.496350364963504,0.72,0,0,0
"468","340030215001",0.948717948717949,0.278074887700449,0.0532150776053215,0.597285067873303,0.8,0,0,0
"469","340030215002",0.818279569892473,NA,0.0973597359735974,0.644086021505376,0.76,0,0,2
"470","340030215003",0.892585551330799,0.233267066931732,0.220198675496689,0.89828897338403,0.76,0,0,1
"471","340030215004",0.452830188679245,0.347774608901564,0.162094763092269,0.769230769230769,0.88,1,0,3
"472","340030215005",0.816429170159262,0.2937308250767,0.141863699582754,0.776194467728416,0.8,0,0,2
"473","340030215006",0.871019108280255,0.137059451762193,0.16722972972973,0.36624203821656,0.76,0,0,0
"474","340030216001",0.791295746785361,0.341090635637457,0.240687679083095,0.600395647873393,0.88,0,0,1
"475","340030216002",0.786042240587695,0.301590793636825,0.264124293785311,0.808080808080808,0.84,0,0,3
"476","340030216003",0.87007874015748,0.197187211251155,0.242914979757085,0.47007874015748,0.88,0,0,3
"477","340030216004",0.730569948186529,0.260530957876168,0.115845539280959,0.744386873920553,0.88,1,0,3
"478","340030221001",0.978,0.757056971772113,0.846833578792342,0.063,0.76,0,0,0
"479","340030221002",0.950033760972316,1,0.704675028506271,0.210458360232408,0.76,0,0,0
"480","340030221003",0.965894465894466,0.494302022791909,0.465807730426165,0.236808236808237,0.76,0,0,0
"481","340030222001",1,1,0.846341463414634,0.36039886039886,0.56,0,0,0
"482","340030222002",1,0.543633825464698,0.783359497645212,0.393988627132413,0.64,0,0,0
"483","340030222003",1,1,0.853658536585366,0.180280046674446,0.64,0,0,0
"484","340030222004",0.978738483345145,0.62999748001008,0.669867947178872,0.228206945428774,0.68,0,0,0
"485","340030222005",0.971086739780658,0.736665053339787,0.893428063943162,0.294117647058824,0.68,0,0,0
"486","340030222006",1,0.799856800572798,0.704361873990307,0.278260869565217,0.8,0,0,1
"487","340030222007",0.963073852295409,1,0.887205387205387,0.268463073852295,0.8,0,0,1
"488","340030231001",0.898389570552147,0.300586797652809,0.681729834791059,0.784125766871166,0.88,0,0,0
"489","340030231002",0.773607748184019,0.283666865332539,0.385185185185185,0.827481840193705,0.96,0,0,0
"490","340030232011",0.862919132149901,0.657049371802513,0.501333333333333,0.625246548323471,0.72,0,0,0
"491","340030232012",1,0.411762352950588,0.490322580645161,0.755029585798817,0.72,0,0,0
"492","340030232013",0.955968688845401,0.282418870324519,0.511019283746556,0.841487279843444,0.76,0,0,0
"493","340030232014",1,NA,0.480769230769231,0.74460839954597,0.64,0,0,0
"494","340030232021",1,0.329678681285275,0.699376947040498,0.821428571428571,0.68,0,0,0
"495","340030232022",0.878818737270876,0.552117791528834,0.378737541528239,0.336048879837067,0.8,0,0,0
"496","340030232023",0.8757016840417,0.417222331110676,0.569948186528497,0.685645549318364,0.88,0,0,0
"497","340030233011",0.903343023255814,0.70562117751529,0.478260869565217,0.525436046511628,0.76,0,0,0
"498","340030233012",0.657071339173967,0.730713077147691,0.396174863387978,0.653316645807259,0.76,0,0,0
"499","340030233013",0.965018094089264,0.398362406550374,0.621487603305785,0.528347406513872,0.68,0,0,0
"500","340030233031",0.60431654676259,0.169167323330707,0.168674698795181,0.268585131894484,0.68,0,0,0
"501","340030233032",0.931701030927835,0.379342482630069,0.745791245791246,0.650579150579151,0.64,0,0,0
"502","340030233033",0.968973747016706,0.223715105139579,0.321766561514196,0.807875894988067,0.64,0,0,0
"503","340030233041",0.915867944621938,0.460354158583366,0.610419026047565,0.443024494142705,0.64,0,0,0
"504","340030233042",1,0.287750848996604,0.319206492335437,0.640449438202247,0.8,0,0,0
"505","340030234011",0.68436798803291,0.282186871252515,0.33210332103321,0.926701570680628,0.76,0,0,1
"506","340030234012",0.939974457215837,0.440906236375054,0.638569604086845,0.401021711366539,0.68,0,0,0
"507","340030234013",0.881304126337239,0.31934672261311,0.417199715707178,0.786551197147224,0.76,0,0,1
"508","340030234021",0.818302387267904,0.18625125499498,0.0988467874794069,0.668435013262599,0.8,0,0,0
"509","340030234022",0.920844327176781,0.206695173219307,0.423104181431609,0.690318701142513,0.84,0,0,2
"510","340030234023",0.990904497220819,0.661717353130587,0.238668555240793,0.850934815563416,0.76,0,0,2
"511","340030234024",0.935587761674718,NA,0.740530303030303,0.871175523349436,0.76,0,0,2
"512","340030234025",0.979749276759884,0.410414358342567,0.541176470588235,0.740597878495661,0.68,0,0,1
"513","340030235011",0.878678134902671,0.322446710213159,0.265691651432054,0.844726120416478,0.8,0,0,0
"514","340030235012",0.944532488114105,0.185271258914964,0.328986960882648,0.494194484760523,0.72,0,0,0
"515","340030235021",0.802867383512545,0.323330706677173,0.241779497098646,0.880184331797235,0.84,0,0,0
"516","340030235022",0.535780958307405,0.247367010531958,0.188729874776386,0.974486621032981,0.8,0,0,0
"517","340030235023",0.889228886168911,0.396322414710341,0.699570815450644,0.446756425948592,0.64,0,0,0
"518","340030236011",0.858064516129032,0.349734601061596,0.344155844155844,0.783333333333333,0.96,0,0,0
"519","340030236012",0.943025540275049,0.368214527141891,0.294736842105263,0.544204322200393,0.68,0,0,0
"520","340030236013",0.97055730809674,0.237987048051808,0.169333333333333,0.846477392218717,0.92,0,0,0
"521","340030236021",0.683115338882283,0.226667093331627,0.147270114942529,0.942330558858502,0.84,0,0,0
"522","340030236022",0.813953488372093,0.224671101315595,0.0822981366459627,0.91354770690564,0.88,0,0,0
"523","340030236023",1,0.301998792004832,0.103715170278638,0.797297297297297,0.96,0,0,0
"524","340030241001",1,1,0.775324675324675,0.547738693467337,0.44,0,0,0
"525","340030241002",1,0.60374958500166,0.665532879818594,0.215111796453354,0.36,0,0,0
"526","340030241003",0.964715316760224,0.823552705789177,0.760845383759733,0.506014434643144,0.4,0,0,0
"527","340030241004",0.973176470588235,0.781036875852497,0.83690393918452,0.517176470588235,0.44,0,0,0
"528","340030242001",1,0.950904196383214,0.735029940119761,0.313919052319842,0.4,0,0,0
"529","340030242002",0.994582043343653,NA,0.641025641025641,0.314241486068111,0.68,0,0,0
"530","340030242003",0.976833976833977,1,0.735294117647059,0.121621621621622,0.64,0,0,0
"531","340030242004",1,0.576425694297223,0.536637931034483,0.222919937205651,0.52,0,0,0
"532","340030242005",0.975235849056604,0.738433046267815,0.835274542429285,0.465801886792453,0.48,0,0,0
"533","340030251001",0.94478527607362,0.459302162791349,0.452830188679245,0.629447852760736,0.8,0,0,2
"534","340030251002",0.798888888888889,0.20560317758729,0.471819645732689,0.753333333333333,0.72,0,0,1
"535","340030251003",0.904676258992806,0.645413418346327,0.436893203883495,0.633093525179856,0.72,0,0,0
"536","340030251004",0.873817034700315,0.338870644517422,0.31437125748503,0.3732912723449,0.84,0,0,0
"537","340030251005",0.961322869955157,0.389498442006232,0.317555938037866,0.515695067264574,0.84,0,0,0
"538","340030251006",0.707317073170732,NA,0.292490118577075,0.539541759053954,0.64,0,0,0
"539","340030252001",0.947097722263042,0.363886544453822,0.497123130034522,0.625275532696547,0.64,0,0,1
"540","340030252002",1,0.659045363818545,0.266787658802178,0.162764771460424,0.68,0,0,0
"541","340030252003",0.963815789473684,NA,0.440545808966862,0.0871710526315789,0.68,0,0,0
"542","340030252004",0.9,0.428846284614862,0.423005565862709,0.189393939393939,0.68,0,0,0
"543","340030252005",0.911764705882353,0.668625325498698,0.608346709470305,0.510588235294118,0.68,0,0,0
"544","340030252006",1,0.617809528761885,0.568480300187617,0.0215613382899628,0.6,0,0,0
"545","340030261001",1,0.696425214299143,0.666666666666667,0.249791840133222,0.44,0,0,0
"546","340030261002",0.963320463320463,0.891296434814261,0.672131147540984,0.200772200772201,0.6,0,0,0
"547","340030261003",0.947560975609756,0.411302354790581,0.488029465930018,0.101219512195122,0.68,0,0,0
"548","340030261004",0.955724225173941,0.734065063739745,0.627777777777778,0.0898165717900063,0.72,0,0,0
"549","340030262001",0.946843853820598,0.446962212151151,0.494926719278467,0.245847176079734,0.72,0,0,0
"550","340030262002",1,0.789540841836633,0.654411764705882,0.327521793275218,0.44,0,0,0
"551","340030262003",0.989461358313817,0.744165023339907,0.677121771217712,0.27751756440281,0.44,0,0,0
"552","340030262004",0.977538185085355,0.61374954500182,0.59009009009009,0.248876909254268,0.68,0,0,0
"553","340030262005",0.96827495042961,0.69249723001108,0.739738805970149,0.216126900198282,0.76,0,0,0
"554","340030270001",1,1,0.769315673289183,0.431117203564085,0.48,0,0,0
"555","340030270002",1,0.70999716001136,0.853365384615385,0.14572864321608,0.72,0,0,0
"556","340030270003",1,1,0.892523364485981,0.324324324324324,0.56,0,0,0
"557","340030270004",1,1,0.828746177370031,0.120361990950226,0.68,0,0,0
"558","340030280011",0.955204216073781,0.234559061763753,0.613508442776735,0.699604743083004,0.72,0,0,0
"559","340030280012",0.915109450080085,0.472954108183567,0.54366640440598,0.859049652963161,0.68,0,0,0
"560","340030280013",0.920877025738799,0.503177987288051,0.519893899204244,0.643469971401335,0.68,0,0,0
"561","340030280014",1,0.513997944008224,0.600896860986547,0.448916408668731,0.68,0,0,0
"562","340030280015",0.924392439243924,0.307270770916916,0.599744245524297,0.587758775877588,0.64,0,0,0
"563","340030280021",0.971498371335505,0.76999692001232,0.740834386852086,0.530944625407166,0.6,0,0,0
"564","340030280022",0.942181340341656,0.240355038579846,0.677304964539007,0.495400788436268,0.72,0,0,0
"565","340030280023",0.98438855160451,0.646173415306339,0.677383592017738,0.640069384215091,0.72,0,0,0
"566","340030280024",0.952380952380952,0.4062663749345,0.545454545454545,0.877344877344877,0.64,0,0,0
"567","340030291001",0.873163186388244,0.421322314710741,0.45953488372093,0.648105181747873,0.88,0,0,0
"568","340030291002",0.867625899280576,0.213999144003424,0.403846153846154,0.762589928057554,0.88,0,0,0
"569","340030291003",0.843363209560393,0.265506937972248,0.493387004025302,0.669227486128895,0.92,0,0,0
"570","340030292001",0.892250310816411,0.326934692261231,0.193942923704135,0.496062992125984,0.92,0,0,0
"571","340030292002",0.900247320692498,NA,0.285871964679912,0.460016488046167,0.92,0,0,0
"572","340030292003",0.981155015197568,0.636817452730189,0.248322147651007,0.882066869300912,0.76,0,0,0
"573","340030292004",0.840037418147802,0.312954748181007,0.312419974391805,0.562207670720299,0.8,0,0,0
"574","340030292005",1,0.226527093891624,0.303703703703704,0.275618374558304,0.8,0,0,0
"575","340030301001",0.96299037749815,0.203999184003264,0.363220494053065,0.778682457438934,0.84,2,1,5
"576","340030301002",0.937125748502994,0.309010763956944,0.273819055244195,0.546706586826347,0.84,2,2,6
"577","340030301003",0.798007246376812,NA,0.365203761755486,0.834239130434783,0.72,1,0,6
"578","340030301004",0.967625899280576,NA,0.169491525423729,0.39568345323741,0.8,6,4,6
"579","340030301005",0.835606604450826,0.200195199219203,0.109540636042403,0.641062455132807,0.88,5,3,6
"580","340030302011",0.910294117647059,0.343666625333499,0.154382470119522,0.780882352941176,0.68,0,0,2
"581","340030302012",1,0.298330806676773,0.309210526315789,0.584188911704312,0.76,2,1,4
"582","340030302013",0.919067215363512,0.51499794000824,0.229865771812081,0.440329218106996,0.64,1,0,4
"583","340030302014",0.822278911564626,0.347646609413562,0.118668596237337,0.53656462585034,0.72,0,0,2
"584","340030302021",0.876038781163435,0.347666609333563,0.223097112860892,0.279085872576177,0.84,4,2,6
"585","340030302022",0.933740191804708,NA,0.298527443105756,0.791630340017437,0.64,4,2,5
"586","340030302023",0.931750741839763,0.476630093479626,0.218289085545723,0.577645895153314,0.88,4,4,5
"587","340030303001",0.799252536038441,0.290330838676645,0.276794035414725,0.785371062466631,0.72,3,0,6
"588","340030303002",0.826175869120654,NA,0.203166226912929,0.601226993865031,0.84,5,2,6
"589","340030303003",0.895027624309392,0.333406666373334,0.192139737991266,0.605893186003683,0.88,4,4,6
"590","340030303004",0.971115537848606,0.530553877784489,0.287319422150883,0.527888446215139,0.72,0,0,3
"591","340030303005",0.916666666666667,0.24687501249995,0.339593114241002,0.42289156626506,0.72,0,0,0
"592","340030304011",0.982178217821782,NA,0.62739322533137,0.587128712871287,0.56,0,0,2
"593","340030304012",1,0.389210443158227,0.329253365973072,0.594570928196147,0.64,0,0,0
"594","340030304013",1,0.474410102359591,0.636998254799302,0.764705882352941,0.52,0,0,0
"595","340030304014",0.983633387888707,0.33188667245331,0.439490445859873,0.780687397708674,0.6,0,0,0
"596","340030304021",0.981818181818182,0.576693693225227,0.199498117942284,0.448484848484848,0.6,0,0,3
"597","340030304022",0.917177914110429,0.201195195219219,0.278546712802768,0.280674846625767,0.84,4,2,6
"598","340030304023",0.920807453416149,0.218787124851501,0.153518123667377,0.62888198757764,0.64,1,0,5
"599","340030304024",0.922855082912761,0.481458074167703,0.282765737874097,0.518385003604903,0.6,0,0,4
"600","340030311001",0.90282131661442,0.412894348422606,0.209104938271605,0.564890282131661,0.68,0,0,0
"601","340030311002",0.98444976076555,0.449166203335187,0.438943894389439,0.192583732057416,0.72,0,0,0
"602","340030311003",0.94211123723042,0.55064979740081,0.363565891472868,0.505107832009081,0.72,0,0,0
"603","340030311004",0.941515650741351,0.559721761112956,0.497978047371462,0.49670510708402,0.76,0,0,0
"604","340030312001",0.966013071895425,0.401110395558418,0.41248097412481,0.398692810457516,0.64,0,0,0
"605","340030312002",0.95619335347432,0.42749829000684,0.489702517162471,0.299093655589124,0.64,0,0,0
"606","340030312003",0.91889400921659,0.178959284162863,0.205412054120541,0.447004608294931,0.68,0,0,0
"607","340030312004",0.992084432717678,0.334230663077348,0.427209705372617,0.402374670184697,0.56,0,0,0
"608","340030312005",0.938808373590982,0.38375046499814,0.441247002398082,0.251207729468599,0.6,0,0,0
"609","340030313001",1,0.464258142967428,0.2,0.230027548209366,0.56,0,0,0
"610","340030313002",0.918196994991653,NA,0.473076923076923,0.380634390651085,0.6,0,0,0
"611","340030313003",0.849936948297604,0.401634393462426,0.351107465135357,0.548549810844893,0.72,0,0,0
"612","340030313004",0.899644128113879,NA,0.368368368368368,0.607829181494662,0.64,0,0,0
"613","340030313005",0.956882255389718,0.367586529653881,0.610169491525424,0.562189054726368,0.52,0,0,0
"614","340030313006",0.96972049689441,0.43435826256695,0.248717948717949,0.21195652173913,0.6,0,0,0
"615","340030314001",1,0.323998704005184,0.275261324041812,0.336906584992343,0.68,0,0,0
"616","340030314002",0.908045977011494,0.590237639049444,0.564625850340136,0.331034482758621,0.64,0,0,0
"617","340030314003",1,0.34499862000552,0.381856540084388,0.360927152317881,0.68,0,0,0
"618","340030314004",1,0.42749829000684,0.341317365269461,0.48502994011976,0.6,0,0,0
"619","340030314005",1,0.429830280678877,0.503037667071689,0.221638655462185,0.64,0,0,0
"620","340030314006",0.855679702048417,0.310246759012964,0.318339100346021,0.188081936685289,0.64,0,0,0
"621","340030321021",1,0.589893640425438,0.699300699300699,0.293223284100782,0.28,0,0,0
"622","340030321022",0.961416824794434,0.65499738001048,0.561864406779661,0.286855036855037,0.36,0,0,0
"623","340030321023",0.98083373263057,0.390254438982244,0.580896686159844,0.220412074748443,0.28,0,0,0
"624","340030321031",1,0.474210103159587,0.500347947112039,0.246753246753247,0.48,0,0,0
"625","340030321032",0.965697674418605,0.3187507249971,0.61849710982659,0.138372093023256,0.24,0,0,0
"626","340030321033",0.938940092165899,0.382030471878113,0.398773006134969,0.195852534562212,0.68,0,0,0
"627","340030321041",0.899243329350856,0.415906336374655,0.791666666666667,0.484667463162087,0.2,0,0,0
"628","340030321042",0.926698450536353,0.469114123543506,0.375344986200552,0.285458879618594,0.48,0,0,0
"629","340030322011",1,0.875784496862013,0.658343483556638,0.172043010752688,0.32,0,0,0
"630","340030322012",1,0.818924724301103,0.797488226059655,0.594777562862669,0.64,0,0,0
"631","340030322013",0.989247311827957,0.36375054499782,0.717673630717109,0.081989247311828,0.4,0,0,0
"632","340030322021",1,0.543885824456702,0.61200495049505,0.325877192982456,0.48,0,0,0
"633","340030322022",1,0.641537433850265,0.58678955453149,0.239309210526316,0.52,0,0,0
"634","340030322023",0.905432595573441,0.294282822868709,0.362093352192362,0.535211267605634,0.72,0,0,0
"635","340030322024",0.955882352941177,0.67999728001088,0.522916666666667,0.45855614973262,0.6,0,0,0
"636","340030331001",0.978743961352657,0.602833588665645,0.382947976878613,0.529468599033816,0.64,0,0,0
"637","340030331002",0.945676274944568,0.433874264502942,0.3875,0.412416851441242,0.72,0,0,0
"638","340030331003",1,0.645905416378335,0.55741127348643,0.357653791130186,0.56,0,0,0
"639","340030331004",0.990430622009569,0.516649933400266,0.372431506849315,0.362269309637731,0.72,0,0,0
"640","340030332001",0.897959183673469,0.280554877780489,0.357519788918206,0.553935860058309,0.68,0,0,0
"641","340030332002",0.97317436661699,0.527809888760445,0.551422319474836,0.582712369597616,0.76,0,0,0
"642","340030332003",0.926470588235294,0.505273978904084,0.440559440559441,0.399141630901288,0.84,0,0,1
"643","340030333001",1,NA,0.35028901734104,0.493595217762596,0.76,0,0,0
"644","340030333002",0.943181818181818,0.511109955560178,0.601769911504425,0.261363636363636,0.76,0,0,0
"645","340030333003",0.965585054080629,0.655933376266495,0.561933534743202,0.764995083579154,0.76,0,0,0
"646","340030333004",0.979674796747967,0.38877844488622,0.371900826446281,0.651761517615176,0.8,0,0,1
"647","340030340011",1,0.692141231435074,0.620614035087719,0.024866785079929,0.8,0,0,0
"648","340030340012",1,0.336962652149391,0.480769230769231,0.389948006932409,0.84,0,0,0
"649","340030340013",0.88593421973408,0.314442742229031,0.406649616368286,0.232330300909727,0.92,0,0,0
"650","340030340021",0.971781305114638,0.678073287706849,0.668010752688172,0.054673721340388,0.56,0,0,0
"651","340030340022",1,0.577081691673233,0.54016620498615,0.0687455705173636,0.84,0,0,0
"652","340030340023",1,0.847936608253567,0.557336621454994,0.232006125574273,0.68,0,0,0
"653","340030340024",0.943521594684385,0.388330446678213,0.555803571428571,0.355481727574751,0.72,0,0,0
"654","340030351001",0.978461538461538,0.80749677001292,0.53420523138833,0.253076923076923,0.36,0,0,0
"655","340030351002",0.982013011863758,0.697701209195163,0.480200501253133,0.345962495216227,0.6,0,0,0
"656","340030351003",0.96372430471584,0.642365430538278,0.618971061093248,0.342200725513906,0.6,0,0,0
"657","340030351004",0.897674418604651,0.50435798256807,0.507124895222129,0.361046511627907,0.68,0,0,0
"658","340030351005",0.963133640552995,0.747221011115956,0.635551948051948,0.129032258064516,0.52,0,0,0
"659","340030352001",1,1,0.710629921259842,0.157676348547718,0.52,0,0,0
"660","340030352002",0.950710108604845,0.566925732297071,0.578587699316629,0.0810359231411863,0.52,0,0,0
"661","340030352003",0.978586723768737,0.956912172351311,0.956953642384106,0.124197002141328,0.4,0,0,0
"662","340030352004",0.988590057049715,0.592793628825485,0.636167922497309,0.251968503937008,0.56,0,0,0
"663","340030352005",1,0.914576341694633,0.84238714613619,0.315922920892495,0.44,0,0,0
"664","340030361001",0.955056179775281,0.32749869000524,0.336309523809524,0.701459034792368,0.96,0,0,0
"665","340030361002",0.840732519422864,0.308074767700929,0.274258219727346,0.531631520532741,0.76,0,0,0
"666","340030362001",0.939197166469894,0.482118071527714,0.36523266022827,0.602125147579693,0.8,0,0,0
"667","340030362002",0.761258041458184,0.263330946676213,0.24780701754386,0.868477483917084,0.88,0,0,0
"668","340030371001",0.969491525423729,0.428886284454862,0.44205298013245,0.353672316384181,0.56,0,0,0
"669","340030371002",0.945876288659794,0.443570225719097,0.451178451178451,0.610824742268041,0.64,0,0,0
"670","340030371003",0.980028530670471,0.462586149655401,0.625954198473282,0.559201141226819,0.8,0,0,0
"671","340030371004",0.898078529657477,0.47749809000764,0.37037037037037,0.429406850459482,0.68,0,0,0
"672","340030371005",0.978260869565217,0.77187291250835,0.530805687203792,0.289224952741021,0.56,0,0,0
"673","340030371006",1,0.808996764012944,0.614583333333333,0.525597269624573,0.52,0,0,0
"674","340030372011",0.948994252873563,0.510713957144171,0.409965034965035,0.599137931034483,0.68,0,0,0
"675","340030372012",0.988734261100066,0.602853588585646,0.351485148514851,0.422133863485752,0.68,0,0,0
"676","340030372013",0.985873605947955,0.634129463482146,0.418674698795181,0.603717472118959,0.8,0,0,0
"677","340030372031",0.980477223427332,0.65814536741853,0.578947368421053,0.380694143167028,0.52,0,0,0
"678","340030372032",0.983668341708543,0.409542361830553,0.419838523644752,0.314663951120163,0.72,0,0,0
"679","340030372033",1,0.861600553597786,0.602329450915141,0.283036551077788,0.64,0,0,0
"680","340030372034",1,0.512185951256195,0.515625,0.403030303030303,0.76,0,0,0
"681","340030372041",0.964200477326969,0.3937504249983,0.588990825688073,0.733890214797136,0.52,0,0,0
"682","340030372042",0.949966193373901,0.302142791428834,0.68361581920904,0.776876267748479,0.6,0,0,0
"683","340030372043",0.85559265442404,0.241111035555858,0.396954314720812,0.512520868113522,0.64,0,0,0
"684","340030381001",0.894117647058824,0.365554537781849,0.594132029339853,0.337254901960784,0.64,0,0,0
"685","340030381002",0.966032608695652,0.336834652661389,0.47275641025641,0.217391304347826,0.68,0,0,0
"686","340030381003",0.911300919842313,0.385402458390166,0.547507788161994,0.373193166885677,0.64,0,0,0
"687","340030381004",0.95397489539749,NA,0.27190332326284,0.560669456066946,0.52,0,0,0
"688","340030381005",0.866585067319461,0.420414318342727,0.350496838301716,0.449204406364749,0.68,1,1,3
"689","340030381006",0.967459324155194,0.605157579369683,0.3875,0.599499374217772,0.68,2,0,4
"690","340030382001",0.982618771726535,0.302774788900844,0.375399361022364,0.603707995365006,0.56,0,0,2
"691","340030382002",0.691295546558704,NA,0.219794344473008,0.563765182186235,0.6,1,0,2
"692","340030382003",0.928865373309818,0.312774748901004,0.339185393258427,0.567313345091123,0.68,1,1,4
"693","340030382004",0.882772680937819,0.41187435250259,0.342747111681643,0.64118246687054,0.56,1,0,3
"694","340030383001",1,0.662109351562594,0.22841726618705,0.150166852057842,0.6,0,0,0
"695","340030383002",1,NA,0.338530066815145,0.18809980806142,0.64,0,0,0
"696","340030383003",0.946935041171089,0.451478194087224,0.26343381389253,0.400731930466606,0.6,0,0,0
"697","340030383004",1,0.610749557001772,0.400369003690037,0.181395348837209,0.56,1,1,5
"698","340030383005",0.958646616541353,0.544145823416706,0.403428571428571,0.18984962406015,0.6,0,0,1
"699","340030383006",0.923664122137405,0.457086171655313,0.285714285714286,0.516735173223723,0.56,1,0,2
"700","340030391001",0.926,0.394742421030316,0.404761904761905,0.179,0.48,0,0,0
"701","340030391002",0.801412180052957,0.398390406438374,0.301652892561983,0.363636363636364,0.44,0,0,0
"702","340030391003",0.967471143756558,0.809256762972948,0.584187408491947,0.231374606505771,0.4,0,0,0
"703","340030392001",0.920823436262866,0.751760992956028,0.607058823529412,0.137767220902613,0.24,0,0,0
"704","340030392002",1,0.802112791548834,0.629310344827586,0.101741521539872,0.2,0,0,0
"705","340030392003",0.973645680819912,0.79624881500474,0.573099415204678,0.320644216691069,0.2,0,0,0
"706","340030392004",0.915989159891599,0.68687325250699,0.662288930581614,0.127371273712737,0.4,0,0,0
"707","340030392005",0.973138910207214,0.663249347002612,0.698209718670077,0.0936300844205679,0.32,0,0,0
"708","340030393001",0.94469696969697,0.4749981000076,0.449404761904762,0.192424242424242,0.44,0,0,0
"709","340030393002",0.990915443745632,0.680829276682893,0.504854368932039,0.137546468401487,0.32,0,0,0
"710","340030400011",0.991023339317774,0.63999744001024,0.791176470588235,0.108617594254937,0.56,0,0,0
"711","340030400012",0.985477178423237,0.932628269486922,0.750470809792844,0.354463130659767,0.72,0,0,0
"712","340030400013",1,0.961956152175391,0.751085383502171,0.439466158245949,0.68,0,0,0
"713","340030400021",0.988394584139265,0.535453858184567,0.65472027972028,0.254674403610574,0.76,0,0,0
"714","340030400022",0.992047713717694,0.780472878108488,0.633519553072626,0.177601060304838,0.72,0,0,0
"715","340030400023",0.977966101694915,0.71187315250739,0.770992366412214,0.152542372881356,0.6,0,0,0
"716","340030400024",1,0.893328426686293,0.655737704918033,0.236749116607774,0.64,0,0,0
"717","340030411001",0.824657534246575,0.186619253522986,0.448566610455312,1,0.68,0,0,0
"718","340030411002",0.767757382282522,0.565565737737049,0.576604554865424,0.878691141260974,0.72,0,0,0
"719","340030411003",0.959897610921502,NA,0.674684994272623,0.722696245733788,0.8,0,0,0
"720","340030411004",0.858867924528302,0.400786396854413,0.655376799322608,0.850566037735849,0.72,0,0,0
"721","340030411005",0.919826652221018,0.315286738853045,0.487483530961792,0.830985915492958,0.84,0,0,0
"722","340030412001",0.91682301438399,0.44940220239119,0.597266881028939,0.84302689180738,0.64,0,0,0
"723","340030412002",0.796334012219959,0.410886356454574,0.37987987987988,0.865580448065173,0.68,0,0,0
"724","340030412003",0.825149700598802,0.349442602229591,0.574506283662478,0.774850299401198,0.68,0,0,0
"725","340030412004",0.965156794425087,1,0.790987535953979,0.936585365853659,0.72,0,0,0
"726","340030413011",0.578811369509044,0.262082951668193,0.284105131414268,0.928509905254091,0.8,0,0,0
"727","340030413012",0.91220556745182,0.51749793000828,0.471142520612485,0.706638115631692,0.72,0,0,0
"728","340030413013",0.88689407540395,0.335446658213367,0.501157407407407,0.899012567324955,0.8,0,0,0
"729","340030413021",0.878587196467991,0.420138319446722,0.533136094674556,0.852097130242826,0.68,0,0,0
"730","340030413022",0.900735294117647,0.276586893652425,0.375,0.625,0.8,0,0,0
"731","340030413023",0.85580204778157,0.426110295558818,0.717923604309501,0.843003412969283,0.8,0,0,0
"732","340030421011",0.993166287015945,0.411474354102584,0.697727272727273,0.390280941533789,0.64,0,0,0
"733","340030421012",0.991955445544555,0.590797636809453,0.634285714285714,0.326113861386139,0.64,0,0,0
"734","340030421021",0.984172661870504,0.519693921224315,0.682474226804124,0.543884892086331,0.6,0,0,0
"735","340030421022",0.927378964941569,0.611737553049788,0.261780104712042,0.519276160503541,0.72,0,0,0
"736","340030421023",1,0.709805160779357,0.545631067961165,0.237689393939394,0.6,0,0,0
"737","340030421024",0.953582240161453,0.632445470218119,0.643156424581006,0.418264379414733,0.72,0,0,0
"738","340030423011",1,0.741997032011872,0.532901833872708,0.425531914893617,0.72,0,0,0
"739","340030423012",0.963932518906341,NA,0.503117206982544,0.430073606729758,0.68,0,0,0
"740","340030423013",0.962235649546828,0.823884704461182,0.58969465648855,0.491691842900302,0.8,0,0,0
"741","340030423021",0.986615678776291,0.73499706001176,0.461229946524064,0.316443594646272,0.6,0,0,0
"742","340030423022",0.861392405063291,0.594701621193515,0.143113503813369,0.448224852071006,0.8,0,0,0
"743","340030423023",0.950718685831622,0.68434526261895,0.485013623978202,0.493839835728953,0.72,0,0,0
"744","340030423024",0.951779563719862,0.653329386682453,0.525073746312684,0.375430539609644,0.64,0,0,0
"745","340030424001",0.994171523730225,0.552305790776837,0.613130128956624,0.14571190674438,0.52,0,0,0
"746","340030424002",0.998180715585203,0.486730053079788,0.43979057591623,0.497271073377805,0.72,0,0,0
"747","340030424003",0.956233421750663,0.467854128583486,0.618717504332756,0.523872679045093,0.64,0,0,0
"748","340030424004",0.958020989505247,0.658997364010544,0.652941176470588,0.386806596701649,0.6,0,0,0
"749","340030425001",0.98114689709348,0.525585897656409,0.497062279670975,0.623723487824038,0.76,0,0,0
"750","340030425002",0.982448036951501,0.357186571253715,0.550953320184089,0.660940325497288,0.72,0,0,0
"751","340030425003",0.964956195244055,0.537141851432594,0.622467771639042,0.346683354192741,0.64,0,0,0
"752","340030430011",0.993428258488499,0.787664849340603,0.646003262642741,0.12157721796276,0.52,0,0,0
"753","340030430012",1,0.754164983340067,0.549435028248588,0.190528034839412,0.48,0,0,0
"754","340030430013",0.966616084977238,0.979856080575678,0.646464646464647,0.194255479969766,0.52,0,0,0
"755","340030430021",0.966129032258065,0.60437358250567,0.398410896708286,0.166534496431404,0.72,0,0,0
"756","340030430022",0.996138996138996,0.359714561141755,0.461283917935142,0.301915322580645,0.72,0,0,0
"757","340030430023",0.971204188481675,0.725513097947608,0.506591337099812,0.174083769633508,0.6,0,0,0
"758","340030430024",0.99507874015748,1,0.787974683544304,0.147637795275591,0.52,0,0,0
"759","340030441001",0.907772621809745,0.822644709421162,0.700961538461538,0.157192575406032,0.36,0,0,0
"760","340030441002",0.93972602739726,0.499250002999988,0.532959326788219,0.298630136986301,0.32,0,0,0
"761","340030441003",1,0.679133283466866,0.802656546489564,0.0949554896142433,0.24,0,0,0
"762","340030441004",1,0.703665185339259,0.710716633793557,0.396287328490718,0.44,0,0,0
"763","340030442011",0.99116781157998,0.895552417790329,0.731164383561644,0.277723258096173,0.56,0,0,0
"764","340030442012",0.988861386138614,0.644521421914312,0.766339869281046,0.219059405940594,0.56,0,0,0
"765","340030442013",0.988165680473373,0.63249747001012,0.663807890222985,0.260355029585799,0.48,0,0,0
"766","340030442021",0.990627928772259,0.504897980408078,0.619458128078818,0.159683426443203,0.6,0,0,0
"767","340030442022",0.997310381925766,0.46812212751149,0.585409252669039,0.14470145239376,0.56,0,0,0
"768","340030442023",0.821495327102804,0.49125003499986,0.714864864864865,0.314018691588785,0.64,0,0,0
"769","340030451011",1,0.404310382758469,0.495192307692308,0.583804143126177,0.84,0,0,0
"770","340030451012",0.698209718670077,0.314614741541034,0.257876312718786,0.63000852514919,0.8,0,0,0
"771","340030451013",0.808309037900875,0.594189623241507,0.373239436619718,0.5,0.76,0,0,0
"772","340030451014",0.923076923076923,0.280934876260495,0.348717948717949,0.671564390665514,0.92,0,0,0
"773","340030451021",0.915503875968992,0.43499826000696,0.719512195121951,0.702325581395349,0.72,0,0,0
"774","340030451022",1,NA,0.632758620689655,0.534526854219949,0.8,0,0,0
"775","340030451023",0.928627450980392,0.443062227751089,0.566834170854271,0.753725490196078,0.8,0,0,0
"776","340030451024",0.804822043628014,0.46749813000748,0.348066298342541,0.774971297359357,0.72,0,0,0
"777","340030452001",0.829558998808105,NA,0.467261904761905,0.68057210965435,0.76,0,0,0
"778","340030452002",0.976076555023923,0.7749969000124,0.519565217391304,0.91866028708134,0.96,0,0,0
"779","340030452003",0.907407407407407,0.253926984292063,0.337858220211161,0.762731481481482,0.96,0,0,0
"780","340030452004",0.907894736842105,0.317830728677085,0.55,0.796783625730994,0.72,0,0,0
"781","340030461001",0.952941176470588,0.446710213159147,0.430744595676541,0.593837535014006,0.88,0,0,0
"782","340030461002",0.983451536643026,0.372762508949964,0.370915032679739,0.711583924349882,0.76,0,0,0
"783","340030461003",0.938121546961326,0.620173519305923,0.207492795389049,0.538121546961326,0.76,0,0,0
"784","340030461004",0.83005366726297,NA,0.393474088291747,0.581395348837209,0.92,0,0,0
"785","340030462001",0.865647626709574,0.316578733685065,0.292410714285714,0.670152855993564,0.76,0,0,0
"786","340030462002",0.929372197309417,0.472398110407558,0.256329113924051,0.483183856502242,1,0,0,0
"787","340030462003",0.922155688622755,0.376666493334027,0.486885245901639,0.623952095808383,0.8,0,0,0
"788","340030462004",0.961538461538462,0.405714377142491,0.338388625592417,0.551748251748252,0.8,0,0,0
"789","340030463001",0.897544453852667,0.244583021667913,0.397637795275591,0.685859441151566,0.84,0,0,0
"790","340030463002",0.943137254901961,NA,0.413301662707838,0.703921568627451,0.88,0,0,0
"791","340030463003",0.880952380952381,0.409090363638545,0.27600411946447,0.849439775910364,0.92,0,0,0
"792","340030463004",0.923723335488041,0.46062215751137,0.278481012658228,0.844214608920491,0.96,0,0,0
"793","340030471001",0.990527740189445,0.800916796332815,0.786301369863014,0.434370771312585,0.56,0,0,0
"794","340030471002",1,0.869164523341907,0.840989399293286,0.504464285714286,0.72,0,0,0
"795","340030471003",1,0.698845204619182,0.62992125984252,0.2587890625,0.68,0,0,0
"796","340030471004",0.938974776240846,0.704497182011272,0.701044386422977,0.590724165988609,0.72,0,0,0
"797","340030471005",0.998855835240275,1,0.858306188925081,0.0812356979405034,0.68,0,0,0
"798","340030472001",1,0.978584085663657,0.947467166979362,0.154672395273899,0.56,0,0,0
"799","340030472002",1,0.73812904748381,0.873379860418744,0.195638629283489,0.6,0,0,0
"800","340030472003",0.989484752891693,0.918328326686693,0.754414125200642,0.318611987381703,0.6,0,0,0
"801","340030472004",0.992613111726685,0.820552717789129,0.916223404255319,0.159741458910434,0.64,0,0,0
"802","340030473001",0.995939086294416,1,0.952136752136752,0.127918781725888,0.56,0,0,0
"803","340030473002",1,1,0.825831702544031,0.309133489461358,0.76,0,0,0
"804","340030473003",0.977194194885971,1,0.798358733880422,0.348306841741534,0.72,0,0,0
"805","340030474001",0.978854625550661,0.611761552953788,0.755704697986577,0.336555360281195,0.76,0,0,0
"806","340030474002",1,0.840872636509454,0.644508670520231,0.213228035538006,0.8,0,0,0
"807","340030474003",0.922905027932961,0.440786236855053,0.649068322981366,0.151447661469933,0.84,0,0,0
"808","340030474004",0.934093789607098,0.561469754120984,0.787021630615641,0.232704402515723,0.76,0,0,0
"809","340030474005",0.958257713248639,0.920552317790729,0.938255033557047,0.325771324863884,0.84,0,0,0
"810","340030475001",0.973958333333333,1,0.787292817679558,0.149305555555556,0.72,0,0,0
"811","340030475002",1,0.486738053047788,0.745508982035928,0.448007774538387,0.72,0,0,0
"812","340030475003",1,0.50999796000816,0.602957906712173,0.26830985915493,0.6,0,0,0
"813","340030475004",0.940188172043011,1,0.778225806451613,0.355355997434253,0.6,0,0,0
"814","340030475005",0.803963198867657,1,0.760580411124547,0.285916489738146,0.72,0,0,0
"815","340030475006",0.98804780876494,0.92437230251079,0.871028037383178,0.113545816733068,0.76,0,0,0
"816","340030481001",0.972918756268806,0.532545869816521,0.644444444444444,0.641925777331996,0.76,0,0,0
"817","340030481002",0.97562776957164,0.377082491670033,0.67609756097561,0.519202363367799,0.8,0,0,0
"818","340030481003",0.877551020408163,0.209063163747345,0.539170506912442,0.571428571428571,0.76,0,0,0
"819","340030481004",0.974087161366313,0.5562497750009,0.733226837060703,0.297997644287397,0.6,0,0,0
"820","340030482001",1,0.816616733533066,0.833551769331586,0.366946778711485,0.64,0,0,0
"821","340030482002",1,0.854164583341667,0.908579465541491,0.68082788671024,0.72,0,0,0
"822","340030482003",1,1,0.704738760631835,0.661324041811847,0.64,0,0,0
"823","340030482004",0.982445141065831,NA,0.73421300659755,0.26269592476489,0.68,0,0,0
"824","340030482005",0.95489443378119,0.723665105339579,0.705035971223022,0.232245681381958,0.56,0,0,0
"825","340030482006",0.988073394495413,1,0.869281045751634,0.473394495412844,0.48,0,0,0
"826","340030482007",1,NA,0.509306260575296,0.178707224334601,0.44,0,0,0
"827","340030490011",1,0.917140331438674,0.761363636363636,0.271554650373388,0.4,0,0,0
"828","340030490012",1,0.870156519373922,0.761499148211244,0.210348706411699,0.4,0,0,0
"829","340030490013",0.991670522906062,0.921496314014744,0.8149300155521,0.235539102267469,0.44,0,0,0
"830","340030490021",1,0.340934636261455,0.456221198156682,0.422673198040588,0.56,0,0,0
"831","340030490022",0.959173635022135,0.53878184487262,0.482810164424514,0.317265125430398,0.4,0,0,0
"832","340030490023",0.995789473684211,0.811536753852985,0.610722610722611,0.181052631578947,0.44,0,0,0
"833","340030500001",1,0.740329038683845,0.405017921146953,0.474302496328928,0.64,0,0,0
"834","340030500002",0.927645051194539,0.592689629241483,0.431066176470588,0.414334470989761,0.76,0,0,0
"835","340030500003",1,0.528693885224459,0.352094240837696,0.318655851680185,0.8,0,0,1
"836","340030500004",0.969715698393078,0.319258722965108,0.48122866894198,0.508034610630408,0.76,0,0,0
"837","340030500005",0.911435941530525,0.412066351734593,0.522332506203474,0.380051590713672,0.68,0,0,0
"838","340030511001",0.931064572425829,0.626909492362031,0.417302798982188,0.171902268760908,0.72,0,0,0
"839","340030511002",0.958990536277603,0.647617409530362,0.745283018867924,0.280757097791798,0.6,0,0,0
"840","340030511003",0.986584107327141,0.716069135723457,0.705192629815745,0.166150670794634,0.72,0,0,0
"841","340030511004",0.955456570155902,0.310830756676973,0.447129909365559,0.293986636971047,0.64,0,0,0
"842","340030511005",0.912608405603736,0.413042347830609,0.335423197492163,0.624416277518346,0.76,0,0,0
"843","340030511006",0.984747378455672,0.263550945796217,0.604,0.329837940896092,0.64,0,0,0
"844","340030512001",0.976552598225602,0.921108315566738,0.563811188811189,0.282002534854246,0.64,0,0,0
"845","340030512002",1,0.46687413250347,0.505882352941176,0.293153326904532,0.76,0,0,0
"846","340030513001",0.893314366998578,0.503569985720057,0.622406639004149,0.41678520625889,0.72,0,0,0
"847","340030513002",0.960586617781852,0.442774228903084,0.741379310344828,0.752520623281393,0.68,0,0,0
"848","340030513003",0.97337962962963,NA,0.545103092783505,0.366898148148148,0.64,0,0,0
"849","340030513004",0.941520467836257,0.55999776000896,0.724299065420561,0.50682261208577,0.72,0,0,0
"850","340030513005",0.843537414965986,0.505553977784089,0.520833333333333,0.745578231292517,0.6,0,0,0
"851","340030513006",0.800847457627119,0.27749889000444,0.357037037037037,0.42478813559322,0.6,0,0,0
"852","340030514001",0.982573726541555,0.518633925464298,0.513957307060755,0.46112600536193,0.88,0,0,0
"853","340030514002",0.9296875,0.491426034295863,0.63,0.454241071428571,0.6,0,0,0
"854","340030514003",1,0.666713333146667,0.53460972017673,0.466058763931104,0.6,0,0,0
"855","340030514004",0.948353293413174,0.615473538105848,0.591385331781141,0.486526946107784,0.68,0,0,0
"856","340030514005",0.996822033898305,0.709597161611354,0.634545454545455,0.634533898305085,0.64,0,0,0
"857","340030521001",0.985163204747775,0.660489358042568,0.372615039281706,0.213649851632047,0.6,0,0,0
"858","340030521002",0.919726729291204,0.425310298758805,0.320733104238259,0.332194705380017,0.8,0,0,0
"859","340030521003",0.976013706453455,0.498926004295983,0.440754039497307,0.255282695602513,0.64,0,0,0
"860","340030521004",0.884462151394422,0.749165003339987,0.29664660361135,0.399070385126162,0.84,0,0,0
"861","340030521005",0.741811175337187,NA,0.368124118476728,0.543352601156069,0.52,0,0,0
"862","340030521006",0.948787061994609,0.496666013335947,0.338709677419355,0.413746630727763,0.64,0,0,0
"863","340030522001",0.976020553811019,0.591489634041464,0.411493288590604,0.423636882671995,0.84,0,0,0
"864","340030522002",0.970204841713222,NA,0.28169014084507,0.0707635009310987,0.68,0,0,4
"865","340030522003",0.89426523297491,0.296470814116744,0.266240681576145,0.405913978494624,0.72,0,0,4
"866","340030522004",0.928443649373882,0.481782072871708,0.409921671018277,0.491949910554562,0.92,0,0,4
"867","340030522005",0.98533724340176,0.473266106935572,0.210982658959538,0.281220209723546,0.88,0,0,0
"868","340030531001",0.991507430997877,1,0.789173789173789,0.210191082802548,0.48,0,0,0
"869","340030531002",0.973977695167286,0.469482122071512,0.669970267591675,0.334556126192223,0.56,0,0,0
"870","340030531003",0.955576559546314,1,0.786057692307692,0.321361058601134,0.48,0,0,0
"871","340030532011",1,0.909496362014552,0.878453038674033,0.239613526570048,0.28,0,0,0
"872","340030532012",0.984307359307359,0.958028167887328,0.743666169895678,0.199675324675325,0.28,0,0,0
"873","340030532013",0.979189485213582,0.790176839292643,0.671953255425709,0.406352683461117,0.56,0,0,0
"874","340030532021",0.977987421383648,0.67626929492282,0.692375886524823,0.170859538784067,0.36,0,0,0
"875","340030532022",0.959316037735849,0.927852288590846,0.695319961795607,0.39622641509434,0.28,0,0,0
"876","340030541011",0.987967914438503,0.495526017895928,0.549645390070922,1,0.68,0,0,0
"877","340030541012",0.932680538555692,0.591717633129467,0.184761904761905,1,0.64,0,0,0
"878","340030541013",0.955604883462819,0.793528825884696,0.226815642458101,0.890122086570477,0.6,0,0,0
"879","340030541014",1,0.455266178935284,0.34526558891455,0.983299933199733,0.56,0,0,0
"880","340030541021",1,0.423622305510778,0.195169082125604,0.989495798319328,0.68,0,0,0
"881","340030541022",0.936170212765957,0.547797808808765,0.825688073394495,0.0784574468085106,0.56,0,0,0
"882","340030541023",1,1,0.868387096774194,0.347758887171561,0.52,0,0,0
"883","340030542001",0.903584672435105,0.55749777000892,0.398926654740608,0.668726823238566,0.72,0,0,0
"884","340030542002",0.618566176470588,0.342954628181487,0.373961218836565,0.650735294117647,0.68,0,0,0
"885","340030542003",0.889042995839112,0.468682125271499,0.568539325842697,0.633841886269071,0.68,0,0,0
"886","340030542004",0.992838541666667,0.509425962296151,0.447484554280671,0.813078346699568,0.64,0,0,0
"887","340030542005",0.864285714285714,0.288418846324615,0.287386215864759,0.810714285714286,0.64,0,0,0
"888","340030543001",0.933536276002029,0.917664329342683,0.671090047393365,0.145611364789447,0.64,0,0,0
"889","340030543002",1,0.842936628253487,0.814625850340136,0.0797927461139896,0.56,0,0,0
"890","340030543003",0.942164179104478,1,0.794318181818182,0.307835820895522,0.64,0,0,0
"891","340030543004",1,NA,0.808314087759815,0.205923836389281,0.52,0,0,0
"892","340030543005",1,0.663233347066612,0.993614303959132,0.0330218068535826,0.48,0,0,0
"893","340030543006",1,NA,0.795246800731261,0.00595238095238095,0.6,0,0,0
"894","340030544001",1,1,0.736156351791531,0.098159509202454,0.64,0,0,0
"895","340030544002",0.978868862647607,0.398330406678373,0.5078125,0.875699192044748,0.72,0,0,0
"896","340030544003",0.862997658079625,NA,0.270935960591133,0.596018735362998,0.76,0,0,0
"897","340030544004",0.791993037423847,0.303510785956856,0.134131736526946,0.675369886858137,0.68,0,0,0
"898","340030544005",0.957854406130268,NA,0.710306406685237,0.7272030651341,0.68,0,0,0
"899","340030544006",0.930666666666667,0.337998648005408,0.659758203799655,0.752,0.68,0,0,0
"900","340030544007",0.974251913709116,1,0.743866535819431,0.708420320111343,0.64,0,0,0
"901","340030545001",0.960219478737997,0.69249723001108,0.537340619307832,0.53360768175583,0.68,0,0,0
"902","340030545002",0.966637401229148,0.626997492010032,0.746496815286624,0.250219490781387,0.68,0,0,0
"903","340030545003",0.905927835051546,0.590997636009456,0.608695652173913,0.595360824742268,0.72,0,0,0
"904","340030545004",0.972972972972973,0.411610353558586,0.690932311621967,0.29642545771578,0.64,0,0,0
"905","340030546011",1,0.262914948340207,0.636,0.527131782945736,0.6,0,0,0
"906","340030546012",0.992017416545718,0.371782512869949,0.415254237288136,0.637268847795164,0.72,0,0,0
"907","340030546013",1,0.461194155223379,0.496478873239437,0.776936026936027,0.72,0,0,0
"908","340030546021",0.923334729786343,0.559205763176947,0.464033850493653,0.681608713866778,0.64,0,0,0
"909","340030546022",0.988874345549738,0.412126351494594,0.42481884057971,0.730366492146597,0.64,0,0,0
"910","340030546023",0.953488372093023,0.477690089239643,0.525050100200401,0.780203784570597,0.64,0,0,0
"911","340030546024",0.943109987357775,0.703633185467258,0.565943238731219,0.594184576485461,0.64,0,0,0
"912","340030551001",0.960467205750225,1,0.648173207036536,0.238993710691824,0.44,0,0,0
"913","340030551002",1,0.817852728589086,0.872340425531915,0.229885057471264,0.48,0,0,0
"914","340030551003",1,1,0.943060498220641,0.252925292529253,0.4,0,0,0
"915","340030551004",0.983176312247645,1,0.950570342205323,0.18371467025572,0.6,0,0,0
"916","340030551005",0.985677083333333,0.875752496990012,0.898989898989899,0.291666666666667,0.72,0,0,0
"917","340030551006",0.94987922705314,0.653413386346455,0.750833333333333,0.499123319696084,0.8,0,0,0
"918","340030552011",1,0.6437494250023,0.847567567567568,0.243818681318681,0.68,0,0,0
"919","340030552012",1,0.831032675869297,0.77158273381295,0.202686202686203,0.64,0,0,0
"920","340030552013",0.959821428571429,0.937852248591006,0.857402361489555,0.7265625,0.56,0,0,0
"921","340030552021",0.770750988142292,0.606425574297703,0.777161862527716,0.871541501976285,0.92,0,0,0
"922","340030552022",0.947665056360709,0.658377366490534,0.725153374233129,0.49194847020934,0.68,0,0,0
"923","340030552023",0.943919344675488,0.871132515469938,0.786885245901639,0.277252678008822,0.64,0,0,0
"924","340030561001",1,0.874496502013992,0.585443037974684,0.140127388535032,0.52,0,0,0
"925","340030561002",1,0.461562153751385,0.493411420204978,0.139227642276423,0.56,0,0,0
"926","340030561003",1,0.73999704001184,0.62291169451074,0.139240506329114,0.68,0,0,0
"927","340030561004",0.958818958818959,0.591425634297463,0.471131639722864,0.348873348873349,0.72,0,0,0
"928","340030562001",0.971688574317492,0.388926444294223,0.447630922693267,0.232558139534884,0.88,0,0,0
"929","340030562002",0.927196652719665,0.72812108751565,0.639077340569878,0.235983263598326,0.72,0,0,0
"930","340030562003",0.949963741841914,0.701729193083228,0.44921875,0.252356780275562,0.68,0,0,0
"931","340030562004",1,0.493198027207891,0.643835616438356,0.425575101488498,0.52,0,0,0
"932","340030571011",0.872056015276894,0.315586737653049,0.504065040650406,0.660725652450668,0.84,1,1,2
"933","340030571012",0.774945375091042,0.277810888756445,0.467619047619048,0.079388201019665,0.84,2,1,2
"934","340030571013",0.763475462590507,0.305754776980892,0.358306188925081,0.476267095736122,0.68,0,0,2
"935","340030571021",0.963921034717495,0.439442242231031,0.366727941176471,0.229407760381212,0.72,0,0,2
"936","340030571022",0.979820627802691,0.224231103075588,0.361878453038674,0.320627802690583,0.72,0,0,2
"937","340030571023",0.7698975571316,0.380342478630085,0.362676056338028,0.217494089834515,0.68,0,0,2
"938","340030571024",0.936802973977695,0.372682509269963,0.348596750369276,0.156133828996283,0.72,0,0,0
"939","340030572001",0.882865440464666,0.225687097251611,0.291839557399723,0.579864472410455,0.8,1,0,4
"940","340030572002",0.695386702849389,0.226355094579622,0.221631205673759,0.254409769335142,0.8,2,1,3
"941","340030572003",0.914137033824805,0.443042227831089,0.258227848101266,0.237640936686904,0.68,0,0,2
"942","340030581001",0.995117982099268,NA,0.565456545654565,0.0634662327095199,0.44,0,0,0
"943","340030581002",0.974600188146754,0.643073427706289,0.477246207701284,0.285042333019755,0.64,0,0,0
"944","340030581003",0.904829545454545,0.567545729817081,0.555226824457594,0.227272727272727,0.56,0,0,0
"945","340030582001",0.974576271186441,0.679229283082868,0.642699115044248,0.189265536723164,0.64,0,0,0
"946","340030582002",1,0.661921352314591,0.694866920152091,0.0657358929610238,0.56,0,0,0
"947","340030582003",0.960215053763441,0.544317822728709,0.485875706214689,0.0731182795698925,0.48,0,0,0
"948","340030582004",1,0.693329226683093,0.692541856925419,0.0897308075772682,0.6,0,0,0
"949","340030582005",0.956674473067916,0.618329526681893,0.663189269746647,0.336065573770492,0.56,0,0,0
"950","340030591001",0.966562173458725,0.683657265370939,0.667958656330749,0.491017964071856,0.72,0,0,0
"951","340030591002",1,0.742141031435874,0.508301404853129,0.388670338316286,0.72,0,0,0
"952","340030591003",0.952229299363057,0.671909312362751,0.648648648648649,0.475583864118896,0.76,0,0,0
"953","340030591004",0.981292517006803,0.415310338758645,0.512166859791425,0.476190476190476,0.76,0,0,0
"954","340030591005",1,NA,0.456238361266294,0.120991253644315,0.84,0,0,0
"955","340030592001",1,NA,0.463680387409201,0.262941659819228,0.88,0,0,0
"956","340030592002",1,0.607801568793725,0.660606060606061,0.281481481481481,0.64,0,0,0
"957","340030592003",0.751288659793814,0.658229367082532,0.264760147601476,0.564432989690722,0.72,0,0,0
"958","340030592004",0.996569468267582,0.58374966500134,0.412048192771084,0.399656946826758,0.6,0,0,0
"959","340030592005",0.988943488943489,0.77624889500442,0.691823899371069,0.167690417690418,0.56,0,0,0
"960","340030592006",1,0.623445506217975,0.550359712230216,0.366310160427808,0.64,0,0,0
"961","340030600011",0.998571428571429,0.468354126583494,0.651764705882353,0.371428571428571,0.64,0,0,0
"962","340030600012",1,0.456478174087304,0.424184261036468,0.4,0.64,0,0,0
"963","340030600013",1,0.530585877656489,0.427427427427427,0.238738738738739,0.76,0,0,0
"964","340030600014",0.973268529769137,0.659045363818545,0.601208459214502,0.422843256379101,0.84,0,0,0
"965","340030600021",0.98692152917505,0.635513457946168,0.694607843137255,0.600268276324614,0.76,0,0,2
"966","340030600022",1,0.665165339338643,0.354632587859425,0.206809583858764,0.68,0,0,0
"967","340030600023",0.962991518889746,0.878328486686053,0.534013605442177,0.239013107170393,0.6,0,0,0
"968","340030600024",0.984580239862935,0.298330806676773,0.510322047894302,0.472872644203312,0.56,0,0,0
"969","340030611001",0.996788990825688,1,0.781305114638448,0.0724770642201835,0.56,0,0,0
"970","340030611002",1,0.79439682241271,0.80127186009539,0.139380530973451,0.6,0,0,0
"971","340030611003",0.975111111111111,0.53687385250459,0.59812108559499,0.130666666666667,0.56,0,0,0
"972","340030611004",1,0.499818000727997,0.593123209169054,0.0821678321678322,0.64,0,0,0
"973","340030612001",0.992957746478873,0.506329974680101,0.6991643454039,0.156941649899396,0.64,0,0,0
"974","340030612002",0.917112299465241,0.798828804684781,0.591489361702128,0.22927807486631,0.56,0,0,0
"975","340030612003",1,0.66814532741869,0.525139664804469,0.0354523227383863,0.64,0,0,0
"976","340030613001",0.989893318360472,1,0.569425901201602,0.10514440433213,0.4,0,0,0
"977","340030613002",1,0.90499638001448,0.642857142857143,0.131812420785805,0.52,0,0,0
"978","340030614001",1,0.675713297146811,0.632450331125828,0.174404015056462,0.84,0,0,0
"979","340030614002",0.992387166938554,0.675753296986812,0.56440281030445,0.226753670473083,0.6,0,0,0
"980","340030614003",0.985559566787004,0.704249183003268,0.720229555236729,0.0189530685920578,0.6,0,0,0
"981","340030614004",1,0.486214055143779,0.55893536121673,0.0859574468085106,0.56,0,0,0
"982","340057001021",0.963808703145196,0.416666333334667,0.355223880597015,0.108143041792331,0.96,1,1,5
"983","340057001031",0.975609756097561,0.317646729413082,0.358509566968781,0.417157275021026,0.72,3,1,3
"984","340057001032",0.9334451901566,0.340686637253451,0.269375470278405,0.319910514541387,0.72,3,1,4
"985","340057001041",0.891354246365723,0.465766136935452,0.371392722710163,0.543511450381679,0.88,4,0,4
"986","340057001042",0.852834740651387,0.232307070771717,0.132427843803056,0.592279855247286,0.92,4,4,5
"987","340057001043",NA,NA,NA,NA,0.68,5,4,5
"988","340057002001",0.957992998833139,0.431666273334907,0.413793103448276,0.294049008168028,0.84,0,0,0
"989","340057002002",0.971143174250832,0.520685917256331,0.520205731080088,0.123230204509701,0.68,0,0,0
"990","340057003031",0.884507042253521,0.54062183751265,0.377777777777778,0.436619718309859,0.84,0,0,0
"991","340057003032",0.989449886963075,0.61499754000984,0.535849056603774,0.118194842406877,0.8,0,0,0
"992","340057003033",0.774641148325359,0.374542501829993,0.311455108359133,0.330056179775281,0.88,0,0,0
"993","340057003034",NA,NA,NA,NA,0.64,0,0,0
"994","340057003041",1,0.383958464166143,0.345528455284553,0.252702702702703,0.8,2,0,2
"995","340057003042",0.986658580958157,0.503073987704049,0.401610017889088,0.144936325045482,0.88,0,0,2
"996","340057003051",0.981703470031546,0.6124975500098,0.485123966942149,0.131230283911672,0.52,0,0,0
"997","340057003052",0.989459815546772,0.356358574565702,0.381590705987489,0.166666666666667,0.68,0,0,1
"998","340057003053",0.980542452830189,0.573497706009176,0.482448244824482,0.135214579659024,0.72,1,0,1
"999","340057003061",1,0.488378046487814,0.436156763590392,0.0194986072423398,0.68,0,0,0
"1000","340057003062",0.981676846196557,0.531469874120504,0.474025974025974,0.0677401443642421,0.68,0,0,0
"1001","340057003071",0.984937238493724,0.608177567289731,0.495838287752675,0.215062761506276,0.52,0,0,0
"1002","340057003072",0.996796925048046,0.659145363418546,0.518790100824931,0.0890454836643177,0.56,0,0,0
"1003","340057004011",0.886148007590133,0.233823064707741,0.288607594936709,0.128971962616822,0.92,0,0,0
"1004","340057004012",0.960872836719338,0.383886464454142,0.170142700329308,0.169415292353823,0.88,0,0,0
"1005","340057004021",0.980973451327434,0.324042703829185,0.177199504337051,0.256842105263158,0.76,0,0,0
"1006","340057004022",0.918181818181818,0.37249851000596,0.204176334106729,0.118989405052975,0.6,0,0,0
"1007","340057004031",0.974725274725275,0.340818636725453,0.258680555555556,0.342857142857143,0.76,0,0,0
"1008","340057004032",0.99051724137931,0.449666201335195,0.252,0.0669201520912548,0.72,0,0,0
"1009","340057004033",0.947517730496454,0.374998500006,0.337221633085896,0.173758865248227,0.68,0,0,0
"1010","340057004034",0.970786516853933,0.281970872116512,0.359941944847605,0.201123595505618,0.72,0,0,0
"1011","340057004051",0.987341772151899,0.287998848004608,0.231958762886598,0.240506329113924,0.76,0,0,0
"1012","340057004052",0.969905417024935,0.321410714357143,0.0789825970548862,0.357695614789338,0.8,0,0,0
"1013","340057004071",0.901980198019802,NA,0.374496644295302,0.424752475247525,0.72,0,0,0
"1014","340057004072",0.905070118662352,NA,0.458661417322835,0.64185544768069,0.64,0,0,0
"1015","340057004073",0.959882005899705,0.27687489250043,0.601071975497703,0.619469026548673,0.76,0,0,0
"1016","340057004074",0.939064200217628,0.186775252898988,0.238666666666667,0.84766050054407,0.8,0,0,0
"1017","340057004081",0.896907216494845,0.306578773684905,0.391233766233766,0.506973923590055,0.6,0,0,0
"1018","340057004082",0.980879541108987,0.199887200451198,0.54932735426009,0.493307839388145,0.72,0,0,0
"1019","340057005011",0.979020979020979,0.48815404738381,0.731707317073171,0.0236013986013986,0.64,0,0,0
"1020","340057005012",0.919288645690834,0.437854248583006,0.536741214057508,0.152758777929777,0.76,0,0,0
"1021","340057005013",1,0.394198423206307,0.743290548424737,0.390712570056045,0.72,0,0,0
"1022","340057005014",0.972782258064516,0.531425874296503,0.729222520107239,0.276209677419355,0.76,0,0,0
"1023","340057005021",1,0.63999744001024,0.689986282578875,0.0783018867924528,0.48,0,0,0
"1024","340057005022",0.989211618257261,0.482142071431714,0.379639448568399,0.210788381742739,0.88,0,0,0
"1025","340057005031",0.963112005365527,0.734837060651757,0.793103448275862,0.371562709590879,0.6,0,0,0
"1026","340057005032",1,0.721997112011552,0.697674418604651,0.136732329084589,0.56,0,0,0
"1027","340057005033",0.990234375,0.572645709417162,0.603100775193798,0.272377285851781,0.68,0,0,0
"1028","340057005041",0.975152129817444,0.745713017147931,0.571525885558583,0.116037735849057,0.72,0,0,0
"1029","340057005042",0.991784914115011,0.6062815748737,0.64326160815402,0.0806572068707991,0.72,0,0,0
"1030","340057005051",1,0.728329086683653,0.75,0.201226993865031,0.48,0,0,0
"1031","340057005052",0.982693754702784,1,0.781853281853282,0.375272727272727,0.4,0,0,0
"1032","340057005053",0.945420906567993,1,0.870699881376038,0.199823943661972,0.64,0,0,0
"1033","340057005054",0.977150537634409,1,0.797560975609756,0.0302631578947368,0.44,0,0,0
"1034","340057005055",0.983342906375646,1,0.82220367278798,0.359563469270534,0.6,0,0,0
"1035","340057006021",0.955087719298246,0.611469554121783,0.25065963060686,0.0912280701754386,0.6,0,0,0
"1036","340057006022",0.930795847750865,0.543569825720697,0.355844155844156,0.180795847750865,0.64,0,0,0
"1037","340057006023",0.878875968992248,0.642749429002284,0.601360544217687,0.196705426356589,0.6,0,0,0
"1038","340057006024",0.894594594594595,0.322934708261167,0.293079096045198,0.400540540540541,0.44,0,0,0
"1039","340057006025",0.982794218857536,0.72249711001156,0.920224719101124,0.464556090846524,0.48,0,0,0
"1040","340057006031",0.853418308227115,0.347914608341567,0.18925421010425,0.158748551564311,0.8,0,0,0
"1041","340057006032",0.98936170212766,0.524249903000388,0.45367027677497,0.0402249134948097,0.72,0,0,0
"1042","340057006033",0.951638065522621,0.265786936852253,0.50996015936255,0.518980759230369,0.84,0,0,0
"1043","340057006051",0.994215473608098,0.574113703545186,0.656353591160221,0.162689804772234,0.56,0,0,0
"1044","340057006052",0.993514915693904,0.546665813336747,0.436931079323797,0.0907911802853437,0.72,0,0,0
"1045","340057006053",0.93038493038493,0.315874736501054,0.58584686774942,0.208026208026208,0.68,0,0,0
"1046","340057007011",0.696917808219178,0.414114343542626,0.139622641509434,0.369824163357913,0.6,0,0,0
"1047","340057007012",0.876829268292683,0.259542961828153,0.230893000804505,0.265853658536585,0.8,0,0,0
"1048","340057007021",0.752941176470588,0.222251110995556,0.447368421052632,0.714438502673797,0.76,0,0,0
"1049","340057007022",0.82986360373295,0.310906756372974,0.164766839378238,0.508255563531945,0.64,0,0,0
"1050","340057007031",0.808510638297872,0.288214847140611,0.247596153846154,0.329324699352451,0.72,0,0,0
"1051","340057007032",0.825250836120401,NA,0.167155425219941,0.404682274247492,0.8,0,0,0
"1052","340057008001",0.942857142857143,0.331638673445306,0.176034589252625,0.260504201680672,0.8,0,0,0
"1053","340057008002",0.953942777390091,0.421034315862737,0.215297450424929,0.405443126308444,0.56,0,0,0
"1054","340057008003",1,0.208499166003336,0.394588500563698,0.429012345679012,0.72,0,0,0
"1055","340057009001",0.858684985279686,0.405830376678493,0.317757009345794,0.506378802747792,0.76,0,0,0
"1056","340057009002",0.977073499662846,0.357854568581726,0.204386839481555,0.435603506405934,0.72,0,0,0
"1057","340057010011",1,0.274442902228391,0.301085883514314,0.014446227929374,0.72,0,0,0
"1058","340057010012",0.910394265232975,0.18999924000304,0.253761283851555,0.686379928315412,0.6,0,0,0
"1059","340057010013",1,NA,0.147347740667976,0.682352941176471,0.6,0,0,0
"1060","340057010014",0.991379310344828,NA,0.364583333333333,0.326724137931034,0.72,0,0,0
"1061","340057010021",0.891454965357968,0.326782692869229,0.216959511077158,0.213856812933025,0.72,0,0,0
"1062","340057010022",0.928783382789317,0.426426294294823,0.277586206896552,0.449487554904832,0.52,0,0,0
"1063","340057010023",0.9779299847793,0.483918064327743,0.240988671472709,0.687214611872146,0.72,0,0,0
"1064","340057011021",1,0.188879244483022,0.24748322147651,0.667344173441734,0.68,0,0,0
"1065","340057011022",0.974744437763079,0.459882160471358,0.601714731098987,0.596022727272727,0.52,0,0,0
"1066","340057011023",0.961103573043872,0.388030447878209,0.416342412451362,0.473354231974922,0.44,0,0,0
"1067","340057011024",0.895061728395062,0.572101711593154,0.11522633744856,0.665123456790123,0.64,0,0,0
"1068","340057011031",0.968487394957983,0.286806852772589,0.403973509933775,0.656512605042017,0.72,0,0,0
"1069","340057011032",NA,NA,NA,NA,0.72,0,0,0
"1070","340057011033",0.95962389380531,0.557665769336923,0.516386182462356,0.416666666666667,0.44,0,0,0
"1071","340057011034",0.97344,0.533937864248543,0.415426251691475,0.60224,0.84,0,0,0
"1072","340057011041",0.99305957200694,0.429198283206867,0.368377483443709,0.556390977443609,0.8,0,0,0
"1073","340057011042",1,0.437830248679005,0.292207792207792,0.390977443609023,0.68,0,0,0
"1074","340057011043",0.943485086342229,0.27560289758841,0.359048723897912,0.627943485086342,0.8,0,0,0
"1075","340057011051",NA,NA,0.250746268656716,0.253731343283582,0.6,0,0,0
"1076","340057011052",0.978216818642351,0.478458086167655,0.369310793237971,0.805977710233029,0.52,0,0,0
"1077","340057011053",0.936100936100936,0.21375114499542,0.161868202175304,0.494912494912495,0.72,0,0,0
"1078","340057011054",0.941998602375961,0.370554517781929,0.190673575129534,0.584905660377358,0.56,0,0,0
"1079","340057012011",0.936260623229462,0.370814516741933,0.392292490118577,0.634887005649718,0.8,0,0,0
"1080","340057012012",0.812360387192852,0.272270910916356,0.390243902439024,0.358153387937453,0.8,0,0,0
"1081","340057012031",0.970131421744325,0.321998712005152,0.15426497277677,0.562724014336918,0.8,0,0,0
"1082","340057012032",0.94468085106383,0.358998564005744,0.306717363751584,0.556308213378493,0.72,0,0,0
"1083","340057012041",0.899311075781664,0.23562305750777,0.203835227272727,0.62586115527292,0.8,0,0,0
"1084","340057012042",0.873674911660777,0.206427174291303,0.0981387478849408,0.851754385964912,0.88,0,0,0
"1085","340057012051",0.966510381781648,0.331098675605298,0.306691449814126,0.473302570863546,0.88,0,0,0
"1086","340057012052",0.826171875,0.30499878000488,0.0983606557377049,0.306640625,0.84,0,0,0
"1087","340057013011",0.985322271857052,0.273330906676373,0.339772727272727,0.346522016592214,0.76,0,0,0
"1088","340057013012",0.967364532019704,0.422726309094764,0.204385601985933,0.411945812807882,0.48,0,0,0
"1089","340057013021",0.917612442202606,0.272082911668353,0.173620457604307,0.217063989962359,0.6,0,0,0
"1090","340057013022",0.954489544895449,0.564581741673033,0.49,0.148831488314883,0.48,0,0,0
"1091","340057013031",0.986386138613861,0.908328366686533,0.277074542897328,0.179455445544554,0.6,0,0,0
"1092","340057013032",0.969018932874355,0.349814600741597,0.411764705882353,0.482788296041308,0.6,0,0,0
"1093","340057013033",0.913106444605358,0.457142171431314,0.466228893058161,0.372194062273715,0.48,0,0,0
"1094","340057013034",0.978955007256894,0.485554057783769,0.330882352941176,0.393323657474601,0.68,0,0,0
"1095","340057013035",NA,NA,NA,NA,0.68,0,0,0
"1096","340057014011",0.914649158801806,0.768496926012296,0.64207650273224,0.685679113664341,0.44,0,0,0
"1097","340057014012",1,0.397142411430354,0.311011904761905,0.0911621433542102,0.32,0,0,0
"1098","340057014013",0.959164292497626,0.462406150375399,0.325551232166018,0.0427350427350427,0.64,0,0,0
"1099","340057014014",0.992871030460143,0.715889136443454,0.541666666666667,0.117952041477641,0.44,0,0,0
"1100","340057014021",0.992167101827676,0.234283062867749,0.188110026619343,0.031331592689295,0.44,0,0,0
"1101","340057014022",0.94695170229612,0.355474578101688,0.326742976066597,0.0973871733966746,0.56,0,0,0
"1102","340057015021",0.899197145405888,0.408526365894536,0.500646830530401,0.502650176678445,0.68,0,0,0
"1103","340057015022",0.970843672456576,0.429582281670873,0.3892068683565,0.386476426799007,0.72,0,0,0
"1104","340057015023",0.962787015043547,0.355294578821685,0.317766497461929,0.18923198733175,0.68,0,0,0
"1105","340057017001",0.954736842105263,0.287290850836597,0.49025974025974,0.26,0.88,0,0,0
"1106","340057017002",0.968583283935981,0.389886440454238,0.37719298245614,0.197746478873239,0.8,0,0,0
"1107","340057017003",0.981803797468354,0.317854728581086,0.474385245901639,0.333860759493671,0.76,0,0,0
"1108","340057021011",1,0.420786316854733,0.676300578034682,0.409594095940959,0.48,0,0,0
"1109","340057021012",0.980245595301655,0.322298710805157,0.454462659380692,0.274760383386581,0.44,0,0,0
"1110","340057021013",1,0.343886624453502,0.184172661870504,0.588039867109635,0.56,0,0,0
"1111","340057022031",0.989384288747346,0.546665813336747,0.449275362318841,0.144329896907216,0.24,0,0,0
"1112","340057022032",0.957111436950147,0.290382838468646,0.258426966292135,0.680310515172901,0.2,0,0,0
"1113","340057022041",0.955796120884078,0.310830756676973,0.254178674351585,0.478089222266088,0.48,0,0,0
"1114","340057022061",0.88956587966489,0.229615081539674,0.201535508637236,0.397590361445783,0.32,0,0,0
"1115","340057022071",1,0.180099279602882,0.231839258114374,0.43360433604336,0.28,0,0,0
"1116","340057022072",0.968146718146718,0.230131079475682,0.136526090064332,0.344011142061281,0.4,0,0,0
"1117","340057022081",0.902197802197802,0.391578433686265,0.182852143482065,0.302197802197802,0.24,0,0,0
"1118","340057022082",0.933753943217666,0.44810620757517,0.235655737704918,0.369555843035791,0.24,0,0,0
"1119","340057022083",1,0.479722081111676,0.368421052631579,0.658064516129032,0.2,0,0,0
"1120","340057022091",0.900434992750121,0.390658437366251,0.174168297455969,0.259972489683631,0.32,0,0,0
"1121","340057022092",0.973656480505796,0.296394814420742,0.150666666666667,0.38125,0.28,0,0,0
"1122","340057022101",0.993079584775087,0.32749869000524,0.160824742268041,0.38111715274345,0.4,0,0,0
"1123","340057022102",0.914560770156438,0.198195207219171,0.0955056179775281,0.34020618556701,0.44,0,0,0
"1124","340057023001",0.876712328767123,0.342802628789485,0.196738022426096,0.413303437967115,0.48,0,0,0
"1125","340057024001",0.989481065918654,0.57687369250523,0.377637130801688,0.122019635343619,0.56,0,0,0
"1126","340057024002",0.987250554323725,0.549841800632797,0.438235294117647,0.0905577029265599,0.4,0,0,0
"1127","340057025001",0.985343855693348,0.329326682693269,0.53940708604483,0.40560549973559,0.32,0,0,0
"1128","340057025002",0.959649122807018,0.418706325174699,0.433134813210612,0.442182410423453,0.28,0,0,0
"1129","340057025003",0.995335820895522,0.304318782724869,0.342105263157895,0.576785714285714,0.2,0,0,0
"1130","340057025004",1,0.318582725669097,0.14726507713885,0.241978609625668,0.36,0,0,0
"1131","340057026011",0.966511627906977,0.433666265334939,0.253431890179514,0.424545454545455,0.52,0,0,0
"1132","340057026012",1,0.36187455250179,0.423290203327172,0.743682310469314,0.48,0,0,0
"1133","340057026013",0.916729182295574,NA,0.362603305785124,0.332333083270818,0.44,0,0,0
"1134","340057026014",0.942735949098621,0.339442642229431,0.428148148148148,0.3375,0.44,0,0,0
"1135","340057026031",0.949932341001353,0.353434586261655,0.41588785046729,0.132978723404255,0.56,0,0,0
"1136","340057026032",0.814627994955864,0.21499914000344,0.116279069767442,0.782822085889571,0.64,0,0,0
"1137","340057026033",0.851851851851852,0.277854888580446,0.150987224157956,0.480519480519481,0.68,0,0,0
"1138","340057027011",0.937368050668543,0.444814220743117,0.338959854014599,0.762456140350877,0.64,0,0,0
"1139","340057027021",1,0.623945504217983,0.367961165048544,0.430422919508868,0.6,0,0,0
"1140","340057027022",0.992447800977343,0.643481426074296,0.481077981651376,0.446397188049209,0.64,0,0,0
"1141","340057027023",0.943865276663994,0.439310242759029,0.370998116760829,0.452229299363057,0.68,0,0,0
"1142","340057028011",0.931448157669237,0.399122403510386,0.320568252007412,0.842759211653813,0.64,0,0,0
"1143","340057028021",0.939679026009961,0.375342498630005,0.287709497206704,0.865205479452055,0.72,0,0,0
"1144","340057028022",0.970074812967581,0.399166403334387,0.178736517719569,0.770573566084788,0.72,0,0,0
"1145","340057028031",0.895880488909009,0.408330366678533,0.264627659574468,0.949598572702944,0.72,0,0,0
"1146","340057028032",0.8590438639724,0.436998252006992,0.324489795918367,0.870009737098345,0.76,0,0,0
"1147","340057028041",0.969734403953057,0.402774388902444,0.217535153019024,0.901477832512315,0.64,0,0,0
"1148","340057028042",0.96042216358839,0.249999000004,0.210875331564987,0.936842105263158,0.72,0,0,0
"1149","340057028051",1,0.353330586677653,0.293245469522241,0.95971692977681,0.68,0,0,0
"1150","340057028052",0.989740494870247,0.33625065499738,0.25,0.796620398310199,0.6,0,0,0
"1151","340057028061",0.897025171624714,0.355774576901692,0.288474810213941,0.935469107551487,0.64,0,0,0
"1152","340057028062",0.986096256684492,0.366666533333867,0.298636926889715,0.898395721925134,0.64,0,0,0
"1153","340057028071",0.910965323336457,0.331598673605306,0.166666666666667,0.959700093720712,0.76,0,0,0
"1154","340057028072",0.93850390087196,0.312878748485006,0.13277428371768,0.789811840293713,0.72,0,0,0
"1155","340057028081",0.820419985517741,0.303090787636849,0.0555066079295154,0.842143374366401,0.64,0,0,0
"1156","340057028082",0.938209904588823,0.41499834000664,0.149748020158387,0.912312585188551,0.68,0,0,0
"1157","340057028091",0.977854330708661,0.266318934724261,0.302551640340219,0.846762925011644,0.72,0,0,0
"1158","340057028101",0.987537091988131,0.327074691701233,0.359663865546218,0.911137440758294,0.64,0,0,0
"1159","340057028111",0.992147624656459,0.392690429238283,0.354822834645669,0.914835164835165,0.72,0,0,0
"1160","340057029051",0.988563740329633,0.424642301430794,0.479553903345725,0.0643647334897754,0.8,0,0,0
"1161","340057029052",0.950526315789474,0.415354338582646,0.55858511422255,0.376315789473684,0.64,0,0,0
"1162","340057029061",0.99261447562777,0.441998232007072,0.300900900900901,0.222222222222222,0.84,0,0,0
"1163","340057029062",1,0.521665913336347,0.522048364153627,0.290009699321048,0.76,0,0,0
"1164","340057029071",0.975576662143826,0.648329406682373,0.71858407079646,0.213438735177866,0.44,0,0,0
"1165","340057029072",0.989060169070114,0.413918344326623,0.537492123503466,0.0760815514669319,0.48,0,0,0
"1166","340057029081",0.980403800475059,0.284666861332555,0.337024221453287,0.345518867924528,0.36,0,0,0
"1167","340057029082",0.99128160418483,0.819580721677113,0.726384364820847,0.300784655623365,0.36,0,0,0
"1168","340057029083",1,0.291634833460666,0.578538102643857,0.283309957924264,0.32,0,0,0
"1169","340057029091",0.973142345568487,0.621725513097948,0.715596330275229,0.389883616830797,0.6,0,0,0
"1170","340057029092",0.963326226012793,0.43499826000696,0.459033613445378,0.43454157782516,0.56,0,0,0
"1171","340057029093",0.989426822481914,0.398234407062372,0.424628450106157,0.455347298787211,0.6,0,0,0
"1172","340057029101",0.997124784358827,0.634541461834153,0.732383214568488,0.313398504887867,0.44,0,0,0
"1173","340057029102",1,0.601049595801617,0.555160142348754,0.286610106971597,0.36,0,0,0
"1174","340057029103",NA,NA,NA,NA,0.6,0,0,0
"1175","340057029104",0.974386339381003,0.389230443078228,0.724292101341282,0.372465314834578,0.56,0,0,0
"1176","340057029131",1,0.549185803256787,0.72258064516129,0.632038834951456,0.56,0,0,0
"1177","340057029132",0.987270155586987,0.256174975300099,0.644140290846878,0.511216859279402,0.6,0,0,0
"1178","340057029133",0.921336206896552,0.184799260802957,0.388291517323775,0.59051724137931,0.68,0,0,0
"1179","340057029134",0.988523335883703,0.361666553333787,0.769869513641756,0.366488140780413,0.72,0,0,0
"1180","340057029141",0.985855728429986,0.598445606217575,0.480673934588702,0.331683168316832,0.76,0,0,0
"1181","340057029142",0.948132780082988,0.52937388250447,0.470545454545455,0.387262455059065,0.64,0,0,0
"1182","340057029151",0.976744186046512,0.410202359190563,0.488998899889989,0.279894379479442,0.44,0,0,0
"1183","340057029152",0.973237261966032,0.407462370150519,0.52078431372549,0.601126472094214,0.52,0,0,0
"1184","340057029171",0.984608619173263,0.467398130407478,0.614777213761985,0.246268656716418,0.48,0,0,0
"1185","340057029181",0.964127764127764,0.43499826000696,0.573968253968254,0.474692874692875,0.44,0,0,0
"1186","340057030001",1,0.403846384614462,0.305202312138728,0.102354145342886,0.72,0,0,0
"1187","340057030002",0.979338842975207,0.708941164235343,0.518363064008394,0.559228650137741,0.72,0,0,0
"1188","340057030003",0.931769722814499,0.436038255846977,0.426548672566372,0.348400852878465,0.76,0,0,0
"1189","340057030004",1,0.484426062295751,0.51760939167556,0.0856,0.52,0,0,0
"1190","340057031021",0.907585004359198,0.81749673001308,0.635462555066079,0.176983435047951,0.48,0,0,0
"1191","340057031022",0.967360720315138,0.787808848764605,0.567082683307332,0.221159257175014,0.48,0,0,0
"1192","340057031031",0.987865416436845,0.508249967000132,0.471036585365854,0.146486486486486,0.36,0,0,0
"1193","340057031032",0.9185667752443,0.173331306674773,0.210526315789474,0.670487106017192,0.56,0,0,0
"1194","340057031033",0.897512437810945,0.31559873760505,0.351829988193625,0.61310592459605,0.48,0,0,0
"1195","340057031041",1,0.54499782000872,0.538671519563239,0.18300283286119,0.68,0,0,0
"1196","340057031042",0.939597315436242,0.318178727285091,0.197254335260116,0.423098591549296,0.88,0,0,0
"1197","340057031043",0.970005356186395,0.55499778000888,0.382260596546311,0.310817941952507,0.6,0,0,0
"1198","340057032011",0.973273942093541,0.456666173335307,0.508403361344538,0.0334075723830735,0.36,0,0,0
"1199","340057032012",0.907407407407407,0.281458874164503,0.162886597938144,0.292022792022792,0.48,0,0,0
"1200","340057032013",0.99025974025974,0.634497462010152,0.535323383084577,0.135714285714286,0.32,0,0,0
"1201","340057032021",0.972245584524811,0.65499738001048,0.487437185929648,0.167080231596361,0.44,0,0,0
"1202","340057032022",0.981428571428571,0.54249783000868,0.334016393442623,0.07,0.44,0,0,0
"1203","340057032023",0.914509803921569,0.488998044007824,0.28780487804878,0.0854901960784314,0.52,0,0,0
"1204","340057032031",0.967684021543986,0.235999056003776,0.263913824057451,0.0323159784560144,0.16,0,0,0
"1205","340057032032",0.975381585425899,0.292982828068688,0.19529262086514,0.00147710487444609,0.28,0,0,0
"1206","340057032033",0.974928366762178,0.169139323442706,0.212750716332378,0.0673352435530086,0.24,0,0,0
"1207","340057036001",0.977588525324966,0.410830356678573,0.300057372346529,0.0434782608695652,0.4,0,0,0
"1208","340057036002",0.988414634146341,0.373274506901972,0.466557911908646,0.0109756097560976,0.12,0,0,0
"1209","340057036003",0.978741496598639,0.417810328758685,0.395539906103286,0.0578231292517007,0.24,0,0,0
"1210","340057036004",0.974857142857143,0.547837808648765,0.525252525252525,0.0617142857142857,0.12,0,0,0
"1211","340057037001",0.950829748002459,0.548329806680773,0.42248413417951,0,0.12,0,0,0
"1212","340057037002",0.983879933296276,0.402330390678437,0.352767527675277,0.0980066445182724,0.24,0,0,0
"1213","340057037003",1,0.546737813048748,0.554854981084489,0.134945397815913,0.2,0,0,0
"1214","340057037004",0.981065088757396,0.47814608741565,0.390492359932088,0.104238258877434,0.24,0,0,0
"1215","340057038011",1,0.56435374258503,0.471869328493648,0.174603174603175,0.36,0,0,0
"1216","340057038012",1,0.617853528585886,0.576049943246311,0.229427549194991,0.32,0,0,0
"1217","340057038013",1,0.653581385674457,0.733637747336377,0.0149892933618844,0.12,0,0,0
"1218","340057038014",1,0.780328878684485,0.638360175695461,0.106393606393606,0.12,0,0,0
"1219","340057038021",1,0.895272418910324,0.727838258164852,0.122112211221122,0.44,0,0,0
"1220","340057038022",0.930043722673329,0.411426354294583,0.55718954248366,0.0730793254216115,0.6,0,0,0
"1221","340057038023",0.947139753801593,0.339410642357431,0.524727577535624,0.134685010861694,0.36,0,0,0
"1222","340057038024",0.969253294289897,0.426590293638825,0.533617021276596,0.129575402635432,0.52,0,0,0
"1223","340057038031",1,0.795996816012736,0.62086258776329,0.135395189003436,0.28,0,0,0
"1224","340057038032",0.995278564683664,0.61062155751377,0.522427440633245,0.0736543909348442,0.28,0,0,0
"1225","340057038033",0.969734660033168,0.51812192751229,0.533707865168539,0.0479968266560889,0.32,0,0,0
"1226","340057038041",1,1,0.812769010043042,0.0867370353373107,0.12,0,0,0
"1227","340057038042",1,0.795996816012736,0.776183644189383,0.0669525065963061,0.2,0,0,0
"1228","340057038043",1,0.570473718105128,0.787654320987654,0.181988742964353,0.24,0,0,0
"1229","340057038044",1,0.698613205547178,0.809580838323353,0.0799614643545279,0.16,0,0,0
"1230","340057039001",0.985630306988896,0.526513893944424,0.62695652173913,0.0326583932070542,0.32,0,0,0
"1231","340057039002",0.9449423815621,0.612605549577802,0.595825426944972,0.0857874519846351,0.32,0,0,0
"1232","340057039003",1,0.584701661193355,0.723790322580645,0,0.2,0,0,0
"1233","340057039004",0.993469387755102,0.556425774296903,0.423376623376623,0.226122448979592,0.24,0,0,0
"1234","340057040041",0.952406706327745,0.37749849000604,0.522053982883476,0.165858912224017,0.68,0,0,0
"1235","340057040042",0.944444444444444,0.207775168899324,0.507352941176471,0.332010582010582,0.64,0,0,0
"1236","340057040043",0.988439306358382,0.425830296678813,0.587755102040816,0.0809248554913295,0.52,0,0,0
"1237","340057040044",NA,NA,NA,NA,0.6,0,0,0
"1238","340057040051",0.992921492921493,0.356526573893704,0.452088452088452,0.243886743886744,0.68,0,0,0
"1239","340057040052",0.978588807785888,0.565149739401042,0.550198150594452,0.10316301703163,0.76,0,0,0
"1240","340057040061",0.928033472803347,0.432330270678917,0.56203115983843,0.323012552301255,0.64,0,0,0
"1241","340057040071",0.975524475524476,0.396998412006352,0.311026615969582,0.132835820895522,0.64,0,0,0
"1242","340057040072",0.980030721966206,0.219827120691517,0.397295012679628,0.114224137931034,0.56,0,0,0
"1243","340057040081",0.994350282485876,0.477270090919636,0.315736040609137,0.141242937853107,0.28,0,0,0
"1244","340057040082",0.972394755003451,0.504441982232071,0.475046210720887,0.211870255348516,0.44,0,0,0
"1245","340057040083",0.987025948103792,0.538845844616622,0.574525745257453,0.154690618762475,0.32,0,0,0
"1246","340057040084",0.993239090350338,0.378054487782049,0.558797524314766,0.172710510141364,0.36,0,0,0
"1247","340057040091",0.962875939849624,0.333950664197343,0.487309644670051,0.303142329020333,0.44,0,0,0
"1248","340057040092",0.957090314671026,0.460774156903372,0.540131578947368,0.266099635479951,0.28,0,0,0
"1249","340057040111",0.974905897114178,0.70499718001128,0.540566037735849,0.200752823086575,0.24,0,0,0
"1250","340057040112",0.97976501305483,0.441922232311071,0.37378210806023,0.0951456310679612,0.32,0,0,0
"1251","340057040121",1,0.633845464618142,0.487261146496815,0.123983739837398,0.12,0,0,0
"1252","340057040122",1,0.39875040499838,0.607434270172257,0.179452968645764,0.12,0,0,0
"1253","340057040123",0.991379310344828,0.368278526885892,0.444021325209444,0.119807344972908,0.12,0,0,0
"1254","340057040124",1,0.572357710569158,0.560415122312824,0.168998923573735,0.12,0,0,0
"1255","340057040131",1,0.789208843164627,0.59043659043659,0.105061675882603,0.6,0,0,0
"1256","340057040132",0.939893617021277,0.490786036855853,0.377109317681585,0.172340425531915,0.56,0,0,0
"1257","340057040133",1,0.566137735449058,0.546654099905749,0.11048951048951,0.64,0,0,0
"1258","340057040151",0.985714285714286,0.429134283462866,0.642418032786885,0.32977913175933,0.44,0,0,0
"1259","340057040152",1,0.36937452250191,0.555276381909548,0.37025680337294,0.4,0,0,0
"1260","340057040161",0.995011511895626,0.825392698429206,0.545454545454545,0.209900230237913,0.36,0,0,0
"1261","340057040162",0.992343032159265,0.587233651065396,0.65103598691385,0.220403502093643,0.32,0,0,0
"1262","340057042011",0.991891891891892,0.525329898680405,0.633785450061652,0.279279279279279,0.64,0,0,0
"1263","340057042012",0.986326911124922,0.456514173943304,0.289269051321928,0.0801740211311373,0.56,0,0,0
"1264","340057042013",1,0.449734201063196,0.537883169462117,0.260907127429806,0.68,0,0,0
"1265","340057042021",1,0.199151203395186,0.206779661016949,0.240441176470588,0.68,0,0,0
"1266","340057042022",0.975274725274725,0.329330682677269,0.22879684418146,0.404371584699454,0.72,0,0,0
"1267","340057042023",0.90801393728223,0.740057039771841,0.709276018099548,0.481533101045296,0.68,0,0,0
"1268","340057043021",1,0.534497862008552,0.547557840616967,0.170731707317073,0.36,0,0,0
"1269","340057043022",0.960720130932897,0.610905556377774,0.359307359307359,0.121112929623568,0.36,0,0,0
"1270","340057043023",0.980650835532102,0.697389210443158,0.64551724137931,0.273526824978012,0.44,0,0,0
"1271","340057043024",1,0.770948916204335,0.73802541544477,0.747831474597274,0.24,0,0,0
"1272","340057043025",0.981388134936022,0.926068295726817,0.727395411605938,0.540769230769231,0.28,0,0,0
"1273","340057045001",1,0.570189719241123,0.396671289875173,0.112634671890304,0.4,0,0,0
"1274","340057045002",0.985307621671258,0.252690989236043,0.181818181818182,0.413886384129847,0.36,0,0,0
"1275","340057045003",0.913410301953819,0.269062923748305,0.26510067114094,0.365058670143416,0.56,0,0,0
"1276","340057046001",0.954616588419405,0.520809916760333,0.264875239923225,0.546362339514979,0.8,0,0,0
"1277","340057046002",0.988300068823125,0.262854948580206,0.412024756852343,0.607052896725441,0.84,0,0,0
"1278","340057046003",0.925515055467512,NA,0.0668058455114822,0.451664025356577,0.84,0,0,0
"1279","340057047001",0.989662301860786,0.59249763000948,0.189374464438732,0.184334908845375,0.32,0,0,0
"1280","340057047002",0.9041248606466,0.36999852000592,0.252136752136752,0.115942028985507,0.24,0,0,0
"1281","340057047003",0.969479353680431,0.307222771108916,0.203160270880361,0.128113879003559,0.28,0,0,0
"1282","340057048011",0.925989672977625,0.456666173335307,0.307511737089202,0.259896729776248,0.56,0,0,0
"1283","340057048012",1,0.346050615797537,0.446916076845298,0.5739046701974,0.32,0,0,0
"1284","340057048013",NA,NA,NA,NA,0.2,0,0,0
"1285","340057048014",NA,NA,0.00954653937947494,0.774847870182556,0.36,0,0,0
"1286","340057048015",NA,NA,NA,NA,0.32,0,0,0
"1287","340057048016",NA,NA,NA,NA,0.24,0,0,0
"1288","340059818021",1,NA,0.0606372045220966,0.759468438538206,0.56,0,0,0
"1289","340059821111",0.918478260869565,0.407666369334523,0.385786802030457,0.381477398015436,0.52,0,0,0
"1290","340059822001",NA,NA,NA,NA,0.44,0,0,0
"1291","340059822002",NA,NA,NA,NA,0.32,0,0,0
"1292","340059822003",0.959016393442623,0.41125035499858,0.0940070505287897,0.629437727883324,0.52,0,0,0
"1293","340076002001",0.79982440737489,NA,0.12407211028632,1,0.96,19,14,38
"1294","340076002002",0.915162454873646,NA,0.0868263473053892,1,0.8,7,6,18
"1295","340076004001",0.891109579600276,0.0460798156807373,0.194845360824742,0.972432804962095,0.92,12,6,33
"1296","340076004002",0.940684410646388,NA,0.22052067381317,1,0.76,15,5,27
"1297","340076007001",0.905829596412556,0.119155523377906,0.0991325898389095,0.976083707025411,0.84,11,9,13
"1298","340076008001",0.968325791855204,0.0630597477610089,0.0593692022263451,1,0.84,7,5,29
"1299","340076008002",0.792490118577075,0.124999500002,0.0628683693516699,0.909883720930233,0.92,13,4,26
"1300","340076008003",0.870321560358461,0.0530677877288491,0.00849514563106796,0.962572482867686,0.88,10,2,19
"1301","340076008004",0.918827508455468,NA,0.0320855614973262,0.976614699331849,0.72,4,2,14
"1302","340076008005",0.809241706161137,0.263238947044212,0,1,0.68,3,1,14
"1303","340076009001",0.951893551688843,0.159199363202547,0.0202898550724638,0.99234693877551,0.8,4,3,13
"1304","340076009002",0.924078091106291,0.09499962000152,0.0255439924314096,1,0.96,14,7,20
"1305","340076010001",0.823268206039076,0.205183179267283,0.026865671641791,0.980461811722913,0.72,3,2,3
"1306","340076010002",0.818285714285714,0.306546773812905,0.0523897058823529,0.957714285714286,0.88,2,1,5
"1307","340076010003",0.771452846219201,0.206195175219299,0.0324786324786325,1,0.8,1,1,5
"1308","340076010004",0.815326633165829,0.236283054867781,0.107321965897693,0.982412060301508,0.84,2,0,5
"1309","340076011011",0.684129429892142,0.147143411426354,0.0514372163388805,1,0.84,4,0,13
"1310","340076011012",0.902854281422133,NA,0.0943555181128896,0.99649474211317,0.84,1,0,3
"1311","340076011021",0.861000794281175,0.116027535889856,0.149640287769784,0.972994440031771,0.84,1,0,4
"1312","340076011022",0.734223859972363,0.252630989476042,0.125948406676783,0.990787655458314,0.68,0,0,2
"1313","340076011023",0.843708609271523,0.226167095331619,0.123260437375746,1,0.72,0,0,1
"1314","340076011024",0.741559953434226,0.212691149235403,0.0467706013363029,0.986030267753201,0.76,1,0,1
"1315","340076012001",0.952954048140044,0.372142511429954,0.193018480492813,0.947483588621444,0.64,0,0,2
"1316","340076012002",0.723986856516977,0.156099375602498,0.139880952380952,0.970427163198248,0.72,0,0,3
"1317","340076012003",0.851016799292661,0.170567317730729,0.047148288973384,0.982758620689655,0.68,0,0,1
"1318","340076012004",0.939751146037983,0.188999244003024,0.160090191657272,1,0.72,0,0,3
"1319","340076013001",0.513464991023339,0.125087499650001,0,0.980251346499102,0.68,0,0,4
"1320","340076013002",0.784443314692425,0.162351350594598,0.0753424657534247,1,1,15,11,20
"1321","340076013003",0.813805631244323,0.102235591057636,0.0361067503924647,0.965485921889192,0.96,0,0,11
"1322","340076014001",0.902262443438914,0.162023351906592,0,1,0.88,8,3,17
"1323","340076014002",0.962804005722461,0.156515373938504,0.0291005291005291,1,0.8,4,2,17
"1324","340076014003",0.792256846081209,0.187059251762993,0.0934579439252336,1,0.88,4,1,17
"1325","340076014004",0.853703703703704,0.221519113923544,0.137349397590361,1,0.68,3,2,14
"1326","340076014005",1,0.199831200675197,0.0687919463087248,0.988431876606684,0.8,4,2,8
"1327","340076015001",0.714681440443213,NA,0,1,0.72,4,2,13
"1328","340076015002",0.86541737649063,0.0997076011695953,0.0680272108843537,1,0.8,5,3,12
"1329","340076015003",0.957342657342657,0.370958516165935,0.00110497237569061,0.999300699300699,0.76,4,2,12
"1330","340076015004",1,NA,0,1,0.76,3,2,6
"1331","340076015005",0.948974224092583,NA,0.0827232796486091,0.99531737773153,0.88,3,3,7
"1332","340076016001",0.842364532019704,0.139319442722229,0.0930232558139535,1,0.76,5,0,19
"1333","340076016002",0.796437659033079,0.116179535281859,0.0985915492957746,1,0.88,6,1,22
"1334","340076016003",0.886138613861386,NA,0.0286885245901639,0.938943894389439,0.88,11,5,20
"1335","340076017001",0.945928753180662,0.0904716381134476,0,1,0.92,10,4,20
"1336","340076017002",0.978102189781022,0.0783316866732533,0.233791748526523,0.926196269261963,0.84,10,4,17
"1337","340076018001",0.868191721132898,0.217295130819477,0.00174825174825175,0.970588235294118,0.92,17,12,26
"1338","340076018002",NA,NA,NA,NA,0.8,17,9,25
"1339","340076019001",0.946902654867257,0.144823420706317,0.0415430267062315,1,0.92,6,3,13
"1340","340076019002",0.97713717693837,NA,0.338926174496644,1,0.8,2,0,7
"1341","340076020001",1,0.184955260178959,0.235849056603774,1,0.8,1,0,4
"1342","340076020002",0.961666666666667,0.165375338498646,0.233997901364113,0.943888888888889,0.88,1,0,3
"1343","340076020003",0.975216852540273,NA,0.033955857385399,0.9727385377943,0.72,1,1,1
"1344","340076020004",0.897621509824199,0.0965196139215443,0.0573476702508961,0.900723888314374,0.72,1,0,2
"1345","340076020005",0.989909182643794,0.214331142675429,0.180365296803653,0.886982845610494,0.88,1,1,3
"1346","340076025031",0.936863543788187,0.322810708757165,0.152380952380952,0.915478615071283,0.72,2,2,4
"1347","340076025032",0.780135004821601,0.275238899044404,0.150684931506849,0.948891031822565,0.88,4,3,4
"1348","340076025033",0.926275992438563,0.25687497250011,0.166666666666667,0.968460111317254,0.76,1,0,4
"1349","340076026011",0.990592141671278,0.383570465718137,0.315307057745188,0.711123408965136,0.64,0,0,0
"1350","340076026012",0.931234465617233,0.228571085715657,0.208715596330275,0.75973487986744,0.72,3,3,4
"1351","340076026021",0.853229974160207,0.370414518341927,0.0843373493975904,0.955038759689922,0.72,0,0,2
"1352","340076026022",0.932335329341317,0.353998584005664,0.173913043478261,0.686826347305389,0.72,0,0,3
"1353","340076029011",1,0.44689821240715,0.422018348623853,0.536697247706422,0.64,1,1,1
"1354","340076029012",0.973718791064389,0.337378650485398,0.31510710259301,0.551905387647832,0.72,3,1,5
"1355","340076029013",1,0.534881860472558,0.45,0.47175572519084,0.72,0,0,0
"1356","340076029014",0.930522565320665,0.370086519653921,0.290967226219025,0.514845605700713,0.68,0,0,0
"1357","340076029021",0.961622013034033,0.422222311110756,0.355371900826446,0.652425778421434,0.8,2,0,4
"1358","340076029022",0.952321204516938,0.138179447282211,0.218163869693978,0.671267252195734,0.72,0,0,1
"1359","340076030011",0.996638655462185,0.395374418502326,0.424657534246575,0.336134453781513,0.72,1,1,1
"1360","340076030012",0.964098728496634,NA,0.308641975308642,0.661181750186986,0.72,0,0,1
"1361","340076030013",0.900389779125162,0.361110555557778,0.128103837471783,0.568211346903421,0.72,1,1,2
"1362","340076030021",0.645048814504881,0.45499818000728,0.0814094775212637,0.788005578800558,0.72,2,1,2
"1363","340076030022",0.8944,0.208499166003336,0.254980079681275,0.702830188679245,0.72,2,1,3
"1364","340076030023",0.912,0.362058551765793,0.394255874673629,0.874,0.76,1,1,3
"1365","340076030024",0.922935779816514,0.335310658757365,0.11864406779661,0.8,0.76,1,0,2
"1366","340076030025",0.957796014067995,0.432142271430914,0.147679324894515,0.996483001172333,0.68,0,0,1
"1367","340076031001",0.961730449251248,0.330354678581286,0.496,0.183028286189684,0.68,0,0,2
"1368","340076031002",0.896125309150866,0.507377970488118,0.376210235131397,0.588623248145095,0.64,0,0,0
"1369","340076031003",0.952793834296724,0.252114991540034,0.27027027027027,0.36897880539499,0.72,0,0,0
"1370","340076031004",0.881856540084388,0.472558109767561,0.19440353460972,0.362869198312236,0.68,0,0,0
"1371","340076032011",0.945269741985927,0.441110235559058,0.568720379146919,0.503852080123267,0.76,0,0,0
"1372","340076032012",NA,NA,NA,NA,0.56,0,0,0
"1373","340076032013",0.920077972709552,0.365370538517846,0.370391705069124,0.375873311597578,0.8,0,0,0
"1374","340076032014",0.945897204688909,0.236427054291783,0.0469897209985316,0.8512173128945,0.84,0,0,1
"1375","340076032021",0.975084937712344,NA,0.696700507614213,0.268888888888889,0.68,0,0,2
"1376","340076032022",1,0.404282382870469,0.320610687022901,0.099236641221374,0.76,0,0,2
"1377","340076032023",0.946734305643627,0.568405726377095,0.528714676390155,0.249841471147749,0.8,0,0,0
"1378","340076033011",0.899452804377565,0.433406266374935,0.302813756141134,0.386468646864686,0.72,0,0,0
"1379","340076033012",NA,NA,NA,NA,0.56,0,0,0
"1380","340076033013",0.866795366795367,0.334342662629349,0.388220392653578,0.26496138996139,0.6,0,0,0
"1381","340076033014",0.955204216073781,0.435250258998964,0.468852459016393,0.563899868247694,0.64,0,0,0
"1382","340076033021",0.973922902494331,0.432290270838917,0.462349397590361,0.183534743202417,0.6,0,0,0
"1383","340076033022",0.966223132036848,0.548633805464778,0.574132492113565,0.23265306122449,0.68,0,0,0
"1384","340076033023",0.97954457738325,0.457446170215319,0.446291560102302,0.454615384615385,0.72,0,0,0
"1385","340076033031",0.960364220674879,0.206303174787301,0.36158940397351,0.295717884130982,0.72,0,0,0
"1386","340076033032",0.960365853658537,0.35437458250167,0.473903966597077,0.150914634146341,0.52,0,0,0
"1387","340076034001",0.975383186251742,0.420546317814729,0.177971793149765,0.411518810961449,0.6,0,0,0
"1388","340076034002",0.904046725073008,0.300462798148807,0.430244399185336,0.650602409638554,0.8,0,0,0
"1389","340076034003",0.932270916334661,0.298214807140771,0.354961832061069,0.333665338645418,0.72,0,0,0
"1390","340076034004",1,0.512081951672193,0.559342665855143,0.384908859686308,0.64,0,0,0
"1391","340076035011",1,0.47999808000768,0.666835187057634,0.393545994065282,0.84,0,0,0
"1392","340076035012",0.993112947658402,0.484482062071752,0.673703256936068,0.540863177226814,0.72,0,0,0
"1393","340076035013",0.979409131602507,0.73374906500374,0.83845126835781,0.164139161462979,0.6,0,0,0
"1394","340076035031",0.989236790606654,0.6374974500102,0.74980694980695,0.469171483622351,0.56,0,0,0
"1395","340076035032",1,0.720941116235535,0.747975708502024,0.201581027667984,0.48,0,0,0
"1396","340076035041",0.990470335075315,0.676817292730829,0.566119273984443,0.268853464132434,0.64,0,0,0
"1397","340076035051",0.981385281385281,0.613017547929808,0.519181585677749,0.250649350649351,0.64,0,0,0
"1398","340076035052",1,0.390830436678253,0.327882256745707,0.289928057553957,0.72,0,0,0
"1399","340076035061",0.994627507163324,0.704109183563266,0.592134831460674,0.226361031518625,0.76,0,0,0
"1400","340076035062",1,0.535381858472566,0.76844262295082,0.189230769230769,0.52,0,0,0
"1401","340076035063",1,0.584497662009352,0.748652291105121,0.447315096251266,0.4,0,0,0
"1402","340076035071",0.995820668693009,0.802724789100844,0.836842105263158,0.161854103343465,0.44,0,0,0
"1403","340076035072",0.924769339957417,0.345250618997524,0.619774919614148,0.41305890702626,0.6,0,0,0
"1404","340076035073",1,0.892616429534282,0.765749778172138,0.130966952264382,0.32,0,0,0
"1405","340076035074",0.998818665091553,NA,0.414786967418546,0.25039957378796,0.52,0,0,0
"1406","340076036011",0.995356037151703,0.467810128759485,0.636819035691922,0.20064874884152,0.64,0,0,0
"1407","340076036012",0.978467701552329,0.372270510917956,0.507556675062972,0.250876314471708,0.68,0,0,0
"1408","340076036021",0.976621417797888,0.748885004459982,0.75796812749004,0.10105580693816,0.52,0,0,0
"1409","340076036022",0.973270440251572,0.651997392010432,0.786314525810324,0.0699685534591195,0.48,0,0,0
"1410","340076036031",0.988050314465409,0.544281822872709,0.698961937716263,0.110694183864916,0.68,0,0,0
"1411","340076036032",0.964021164021164,0.560353758584966,0.574555403556772,0.192592592592593,0.76,0,0,0
"1412","340076037001",0.895859473023839,0.208703165187339,0.362689393939394,0.542659974905897,0.72,0,0,0
"1413","340076037002",0.984646878198567,0.266538933844265,0.663600525624179,0.324561403508772,0.56,0,0,0
"1414","340076037003",0.968596663395486,0.60749757000972,0.717661691542289,0.126336248785228,0.64,0,0,0
"1415","340076038001",0.978089395267309,0.54815380738477,0.655819774718398,0.0337423312883436,0.72,0,0,1
"1416","340076038002",0.974093264248705,0.43499826000696,0.492537313432836,0.114040114613181,0.68,0,0,0
"1417","340076038003",1,0.506941972232111,0.635514018691589,0.0964071856287425,0.56,0,0,0
"1418","340076039011",0.990331491712707,0.547201811192755,0.536842105263158,0.0584714548802947,0.76,0,0,0
"1419","340076039012",0.964912280701754,0.312914748341007,0.590562109646079,0.0469556243550052,0.6,0,0,0
"1420","340076039013",0.857453754080522,0.316166735333059,0.529983792544571,0.174102285092492,0.68,0,0,0
"1421","340076039021",0.981237322515213,0.522089911640353,0.542976939203354,0.184584178498986,0.68,0,0,0
"1422","340076039022",0.972916666666667,0.252630989476042,0.473684210526316,0.263888888888889,0.6,0,0,0
"1423","340076041001",0.877220077220077,0.34249863000548,0.196078431372549,0.8,0.88,2,0,4
"1424","340076041002",0.88875077688005,0.245151019395922,0.0799136069114471,0.887507768800497,0.84,1,0,4
"1425","340076042001",0.959459459459459,0.38249847000612,0.540362438220758,0.3,0.6,0,0,0
"1426","340076042002",0.94297635605007,0.29562281750873,0.275,0.344923504867872,0.76,1,0,4
"1427","340076042003",0.929193899782135,0.362774548901804,0.667736757624398,0.0861141011840689,0.68,0,0,0
"1428","340076042004",0.864447086801427,0.262222951108196,0.403669724770642,0.0879904875148633,0.64,0,0,1
"1429","340076043001",0.98037542662116,0.484750060999756,0.572427572427572,0.140784982935154,0.68,0,0,0
"1430","340076043002",0.994059405940594,0.5562497750009,0.670774647887324,0.106270627062706,0.64,0,0,0
"1431","340076043003",0.970161290322581,0.3187507249971,0.646379853095488,0.0403225806451613,0.48,0,0,0
"1432","340076044001",0.974370922646785,0.37625049499802,0.52289603960396,0.156104380242311,0.68,1,0,3
"1433","340076044002",0.974610974610975,0.631133475466098,0.604004449388209,0.115479115479115,0.64,0,0,0
"1434","340076046001",0.966019417475728,0.30499878000488,0.499378881987578,0.17378640776699,0.68,0,0,0
"1435","340076046002",0.911764705882353,0.300954796180815,0.323390894819466,0.375490196078431,0.72,0,0,0
"1436","340076047001",0.951536643026005,0.359722561109756,0.366322008862629,0.049645390070922,0.8,0,0,1
"1437","340076047002",0.988472622478386,0.550369798520806,0.40218878248974,0.0499519692603266,0.68,0,0,0
"1438","340076051001",0.857758620689655,0.24749901000396,0.0665399239543726,0.158045977011494,0.8,0,0,1
"1439","340076051002",0.95369211514393,0.360310558757765,0.277169334456613,0.156445556946183,0.84,0,0,0
"1440","340076052001",0.894461859979101,0.30999876000496,0.309061488673139,0.324973876698015,0.76,0,0,0
"1441","340076052002",0.944055944055944,0.235167059331763,0.378326996197719,0.312687312687313,0.76,0,0,0
"1442","340076052003",0.938748335552597,0.371206515173939,0.099537037037037,0.227696404793609,0.84,0,0,0
"1443","340076053001",0.961202715809893,0.22937508249967,0.0921787709497207,0.208535402521823,0.92,0,0,0
"1444","340076053002",0.954808806488992,0.23937504249983,0.181409295352324,0.37891077636153,0.88,0,0,0
"1445","340076054001",0.950819672131147,0.323886704453182,0.230434782608696,0.039344262295082,0.64,0,0,0
"1446","340076054002",0.950646298472385,0.217119131523474,0.100274725274725,0.126909518213866,0.84,0,0,0
"1447","340076054003",1,0.36190255238979,0.355128205128205,0.261330761812922,0.76,0,0,0
"1448","340076056021",0.961816305469556,0.410714357142571,0.342013888888889,0.146542827657379,0.6,0,0,0
"1449","340076056022",1,0.396842412630349,0.55083179297597,0.0939153439153439,0.6,0,0,0
"1450","340076056023",0.983396226415094,0.573073707705169,0.442825112107623,0.0143396226415094,0.52,0,0,0
"1451","340076057001",0.994520547945206,0.417058331766673,0.589614740368509,0.0328767123287671,0.6,0,0,0
"1452","340076057002",0.993438320209974,0.376666493334027,0.436567164179104,0.0866141732283465,0.48,0,0,0
"1453","340076057003",0.991150442477876,0.370906516373935,0.365155131264916,0.0831858407079646,0.64,0,0,0
"1454","340076057004",0.968468468468468,NA,0.386167146974063,0.141891891891892,0.64,0,0,0
"1455","340076058001",0.992568125516102,0.528069887720449,0.59375,0.0115606936416185,0.52,0,0,0
"1456","340076058002",0.966735966735967,0.471150115399538,0.516901408450704,0.0634095634095634,0.64,0,0,0
"1457","340076058003",1,0.427270290918836,0.484573502722323,0,0.6,0,0,0
"1458","340076059001",0.878440366972477,0.337614649541402,0.418331374853114,0.182721712538226,0.6,0,0,0
"1459","340076059002",0.992790194664744,0.513997944008224,0.627601314348302,0.100937274693583,0.64,0,0,0
"1460","340076060001",0.948155533399801,0.449282202871189,0.578947368421053,0.0538384845463609,0.64,0,0,0
"1461","340076060002",1,0.40999836000656,0.484326018808777,0.0753828032979976,0.6,0,0,0
"1462","340076061001",0.98840206185567,0.555665777336891,0.839285714285714,0.175796178343949,0.56,0,0,0
"1463","340076061002",0.99409681227863,0.856664573341707,0.894945490584737,0.090318772136954,0.56,0,0,0
"1464","340076062001",0.983668818837828,0.667541329834681,0.817759721416135,0.0583112457402499,0.68,0,0,0
"1465","340076062002",0.975206611570248,0.62749749001004,0.758954501452081,0.0438652256834075,0.6,0,0,0
"1466","340076063001",0.996478873239437,0.523649905400378,0.756294058408862,0.071830985915493,0.6,0,0,0
"1467","340076063002",0.99540018399264,0.702605189579242,0.73542600896861,0.172953081876725,0.44,0,0,0
"1468","340076064001",0.98859649122807,1,0.811550151975684,0.17280701754386,0.48,0,0,0
"1469","340076064002",1,NA,1,0,0.52,0,0,0
"1470","340076064003",0.998952879581152,0.652749389002444,0.796491228070175,0.292338709677419,0.56,0,0,0
"1471","340076064004",0.991992882562278,1,0.879076086956522,0.0827402135231317,0.48,0,0,0
"1472","340076065001",0.945606694560669,0.242999028003888,0.087378640776699,0.94839609483961,0.68,0,0,0
"1473","340076065002",0.972286374133949,0.260498958004168,0.216288384512684,0.973441108545035,0.64,0,0,0
"1474","340076065003",0.922086720867209,0.358634565461738,0.372735938989514,0.94579945799458,0.68,0,0,0
"1475","340076066001",0.906714917571371,0.36499854000584,0.566983122362869,0.132689987937274,0.68,0,0,0
"1476","340076067001",0.938808373590982,NA,0.305239179954442,0.14170692431562,0.56,0,0,0
"1477","340076067002",1,0.398330406678373,0.41042345276873,0.0554899645808737,0.52,0,0,0
"1478","340076067003",0.85472972972973,0.464614141543434,0.435840707964602,0.236486486486486,0.56,0,0,0
"1479","340076067004",0.947070707070707,0.241427034291863,0.349472674976031,0.128888888888889,0.48,0,0,0
"1480","340076068001",0.979281767955801,0.410998356006576,0.37753036437247,0.213397790055249,0.64,0,0,0
"1481","340076068002",0.880051314945478,0.21749913000348,0.205151793928243,0.230917254650417,0.6,0,0,0
"1482","340076068003",0.917795844625113,0.2999988000048,0.249411764705882,0.339656729900632,0.72,0,0,0
"1483","340076070001",0.990674712013165,0.268254926980292,0.186851211072664,0.0554031815688426,0.8,0,0,0
"1484","340076070002",0.883805374001452,0.251206995172019,0.167096441464673,0.342774146695715,0.8,0,0,0
"1485","340076071001",0.518361581920904,NA,0.192200557103064,0.440677966101695,0.68,0,0,0
"1486","340076071002",0.912280701754386,0.265354938580246,0.422907488986784,0.136842105263158,0.52,0,0,0
"1487","340076071003",0.994052676295667,0.341426634293463,0.340175953079179,0.305012744265081,0.52,0,0,0
"1488","340076071004",0.971491228070175,0.427134291462834,0.242951907131012,0.0668859649122807,0.56,0,0,0
"1489","340076072001",0.934818033677349,0.297938808244767,0.206870229007634,0.295491580662683,0.48,0,0,0
"1490","340076072002",0.97281993204983,0.271302914788341,0.088646967340591,0.249150622876557,0.72,0,0,0
"1491","340076072003",0.808599167822469,0.41499834000664,0.278504672897196,0.181692094313454,0.56,0,0,0
"1492","340076072004",0.959677419354839,0.342114631541474,0.276073619631902,0.321428571428571,0.52,0,0,0
"1493","340076073001",0.944571428571429,0.257618969524122,0.214484679665738,0.260796410544027,0.6,0,0,0
"1494","340076073002",0.984877126654064,0.239231043075828,0.545212765957447,0.568998109640832,0.68,0,0,0
"1495","340076073003",0.976354679802956,0.411950352198591,0.390491036632892,0.516256157635468,0.68,0,0,0
"1496","340076074011",0.927014218009479,0.243479026083896,0.258354755784062,0.471090047393365,0.68,0,0,0
"1497","340076074012",0.931330472103004,0.40562237751049,0.204192546583851,0.246474555487431,0.6,0,0,0
"1498","340076074021",0.966955153422502,0.37687449250203,0.288336933045356,0.590086546026751,0.76,0,0,0
"1499","340076074022",0.962986598596043,0.331934672261311,0.261320754716981,0.450542437779196,0.76,0,0,0
"1500","340076075021",1,0.724769100923596,0.511530398322851,0.225863911649448,0.6,0,0,0
"1501","340076075022",NA,NA,NA,NA,0.6,0,0,0
"1502","340076075023",0.990019011406844,0.355922576309695,0.403795811518325,0.503429355281207,0.52,0,0,0
"1503","340076075024",0.97196261682243,NA,0.753284671532847,0.136849132176235,0.44,0,0,0
"1504","340076075031",0.976391982182628,1,0.769655172413793,0.353229398663697,0.2,0,0,0
"1505","340076075032",0.951696377228292,0.577749689001244,0.568820224719101,0.22813487881981,0.48,0,0,0
"1506","340076075033",1,0.374250502997988,0.588073394495413,0.436487638533674,0.4,0,0,0
"1507","340076075034",0.864636209813875,0.55499778000888,0.604109589041096,0.127749576988156,0.4,0,0,0
"1508","340076075041",0.983081032947462,0.96062015751937,0.602469135802469,0.337730870712401,0.36,0,0,0
"1509","340076075042",1,0.85564057743769,0.796340023612751,0.197447713576746,0.4,0,0,0
"1510","340076075051",0.907142857142857,0.687605249579002,0.724489795918367,0.175590551181102,0.4,0,0,0
"1511","340076075052",0.976542137271937,0.85999656001376,0.73443456162643,0.315377932232841,0.32,0,0,0
"1512","340076075053",0.991117690599556,0.448714205143179,0.456459330143541,0.21832498210451,0.52,0,0,0
"1513","340076075061",0.971741112123975,0.36749853000588,0.625944584382871,0.497721057429353,0.64,0,0,0
"1514","340076075062",0.943526170798898,0.325786696853213,0.517970401691332,0.731864095500459,0.56,0,0,0
"1515","340076075071",0.941558441558442,0.0773196907212371,0.457378551787351,0.431818181818182,0.64,0,0,0
"1516","340076075072",0.977645305514158,0.42312230751077,0.428152492668622,0.549009900990099,0.72,0,0,0
"1517","340076075073",0.769273433166944,0.323994704021184,0.591486183719193,0.815844700944386,0.6,0,0,0
"1518","340076075074",0.912343470483005,0.230287078851685,0.404312668463612,0.378056052474657,0.6,0,0,0
"1519","340076076001",0.920792079207921,0.429166283334867,0.394891944990177,0.313453536754508,0.52,0,0,0
"1520","340076076002",0.922286448298009,0.324166703333187,0.201485608170845,0.15606936416185,0.48,0,0,0
"1521","340076077011",0.858141160027952,0.233951064195743,0.112903225806452,0.754018169112509,0.36,0,0,0
"1522","340076077012",0.51921568627451,0.10565157739369,0,0.912156862745098,0.4,0,0,0
"1523","340076077013",0.809547738693467,NA,0.235127478753541,0.82964824120603,0.48,0,0,0
"1524","340076077014",0.764923836969946,0.14499942000232,0.0705812574139976,0.673528200905723,0.48,0,0,0
"1525","340076077021",0.845220030349014,0.337222651109396,0.413547237076649,0.608497723823976,0.52,0,0,0
"1526","340076077022",0.694099378881988,0.310750756996972,0.115303983228512,0.510093167701863,0.4,0,0,0
"1527","340076077023",0.853826311263972,NA,0.225589225589226,0.582975064488392,0.52,0,0,0
"1528","340076077024",0.840609137055838,0.28065087739649,0.320232896652111,0.739593908629442,0.56,0,0,0
"1529","340076078011",0.959367945823928,0.367378530485878,0.406849315068493,0.485327313769752,0.56,0,0,0
"1530","340076078012",0.832902670111972,0.199127203491186,0.230514096185738,0.739018087855297,0.52,0,0,0
"1531","340076078013",0.970276008492569,0.249051003795985,0.315420560747664,0.473460721868365,0.4,0,0,0
"1532","340076078014",0.93630214205186,0.262190951236195,0.155294117647059,0.938556933483653,0.56,0,0,0
"1533","340076078015",0.94475138121547,0.123675505297979,0.00797266514806378,0.814522494080505,0.4,0,0,0
"1534","340076078021",0.946159936658749,0.28999884000464,0.195402298850575,0.494061757719715,0.6,0,0,0
"1535","340076078022",0.835509138381201,0.324498702005192,0.142331288343558,0.485639686684073,0.48,0,0,0
"1536","340076079001",0.974885844748858,0.390274438902244,0.395910780669145,0.0901826484018265,0.6,0,0,0
"1537","340076079002",0.959038290293856,0.484722061111756,0.382391590013141,0.154255319148936,0.64,0,0,0
"1538","340076080011",0.991080277502478,0.407810368758525,0.372208436724566,0.296333002973241,0.6,0,0,0
"1539","340076080012",1,0.394166423334307,0.30246020260492,0.121699196326062,0.68,0,0,0
"1540","340076080013",0.845995893223819,0.173887304450782,0.301065719360568,0.483915126625599,0.64,0,0,0
"1541","340076082021",0.88034188034188,0.370554517781929,0.299802761341223,0.380593262946204,0.32,0,0,0
"1542","340076082022",0.965889710062536,0.329282682869269,0.370696557245797,0.188743604320637,0.2,0,0,0
"1543","340076082051",0.973200992555831,0.497094011623954,0.376121463077985,0.202481389578164,0.4,0,0,0
"1544","340076082052",0.982268041237113,0.313570745717017,0.469758064516129,0.309709135600164,0.44,0,0,0
"1545","340076082061",0.963650425367363,0.455998176007296,0.313218390804598,0.246753246753247,0.36,0,0,0
"1546","340076082062",0.948717948717949,0.42062231751073,0.236742424242424,0.204081632653061,0.44,0,0,0
"1547","340076082091",1,0.267290930836277,0.305555555555556,0.325,0.56,0,0,0
"1548","340076082092",0.986188876446435,0.374998500006,0.379235447437011,0.325121313923106,0.4,0,0,0
"1549","340076082101",0.937642585551331,0.488482046071816,0.403951701427003,0.499619771863118,0.56,0,0,0
"1550","340076082102",0.897280966767372,0.142599429602282,0.190895741556535,0.555052790346908,0.6,0,0,0
"1551","340076082111",0.977777777777778,0.374790500837997,0.34909377462569,0.459259259259259,0.56,0,0,0
"1552","340076082112",0.94862087614927,0.244051023795905,0.301798279906177,0.658193618171985,0.6,0,0,0
"1553","340076082113",0.989053092501368,0.381686473254107,0.49135446685879,0.309250136836344,0.56,0,0,0
"1554","340076083021",0.947692307692308,0.35187459250163,0.0834042553191489,0.377230769230769,0.6,0,0,0
"1555","340076083022",0.946739130434783,0.240415038339847,0.272237196765499,0.1,0.56,0,0,0
"1556","340076083023",0.984204793028322,0.338302646789413,0.355435620663069,0.218428184281843,0.52,0,0,0
"1557","340076083031",0.900191938579655,0.247955008179967,0.106185567010309,0.422904670505438,0.68,0,0,0
"1558","340076083032",0.944947735191638,0.416818332726669,0.208502024291498,0.213240418118467,0.72,0,0,0
"1559","340076083041",0.85065274151436,0.38439046243815,0.396875,0.185900783289817,0.56,0,0,0
"1560","340076083042",0.943784639746635,0.199087203651185,0.150602409638554,0.255740300870942,0.52,0,0,0
"1561","340076083043",0.988618727366787,0.413350346598614,0.345596432552954,0.426216842647438,0.56,0,0,0
"1562","340076084011",0.91156462585034,0.549441802232791,0.448017148981779,0.0959939531368103,0.36,0,0,0
"1563","340076084012",0.976908274534958,0.407378370486518,0.341052631578947,0.352790250160359,0.36,0,0,0
"1564","340076084013",0.983183856502242,0.378570485718057,0.0960144927536232,0.276905829596413,0.48,0,0,0
"1565","340076084021",0.936702649656526,0.549829800680797,0.452380952380952,0.376349362119725,0.4,0,0,0
"1566","340076084022",0.995708154506438,0.280554877780489,0.34760147601476,0.403856454204606,0.36,0,0,0
"1567","340076084031",0.988470407378939,0.643253426986292,0.545882352941176,0.513451191391238,0.48,0,0,0
"1568","340076084032",0.965825874694874,0.50309398762405,0.0417558886509636,0.491456468673718,0.28,0,0,0
"1569","340076084033",0.925327174749808,0.785188859244563,0.54126213592233,0.451116243264049,0.4,0,0,0
"1570","340076084034",0.96144578313253,0.430434278262887,0.253012048192771,0.596987951807229,0.12,0,0,0
"1571","340076084041",0.963619107877254,0.56999772000912,0.412348401323043,0.15786143625435,0.44,0,0,0
"1572","340076084042",0.972063037249284,0.309102763588946,0.316326530612245,0.462857142857143,0.28,0,0,0
"1573","340076084043",0.949107481959742,0.527349890600438,0.428643469490671,0.466616084977238,0.4,0,0,0
"1574","340076085031",0.951730418943534,0.182775268898924,0.165034965034965,0.596380090497738,0.4,0,0,0
"1575","340076085032",0.981295925183701,0.218999124003504,0.352517985611511,0.633934535738143,0.32,0,0,0
"1576","340076085041",0.977640709329221,0.358946564213743,0.141242937853107,0.340786430223593,0.4,0,0,0
"1577","340076085042",0.903094462540717,NA,0.0898617511520737,0.745928338762215,0.32,0,0,0
"1578","340076085043",0.92890625,0.3187507249971,0.431767337807606,0.65703125,0.24,0,0,0
"1579","340076086001",0.825464949928469,0.302306790772837,0.0794759825327511,0.328326180257511,0.48,0,0,0
"1580","340076086002",0.940516273849607,0.239923040307839,0.229365768896612,0.468013468013468,0.44,0,0,0
"1581","340076086003",0.940431519699812,0.24499902000392,0.202762084118016,0.408067542213884,0.64,0,0,0
"1582","340076087001",0.948124131542381,0.36312254750981,0.195512820512821,0.40474060822898,0.6,0,0,0
"1583","340076087002",0.954030646235843,NA,0.290055248618785,0.123251165889407,0.56,0,0,0
"1584","340076087003",0.984090909090909,0.482142071431714,0.398884239888424,0.157954545454545,0.44,0,0,0
"1585","340076087004",0.977019498607242,0.630097479610082,0.462695199537305,0.188022284122563,0.44,0,0,0
"1586","340076088001",0.908026755852843,0.453178187287251,0.468085106382979,0.695652173913043,0.52,0,0,0
"1587","340076088002",0.925380228136882,0.220471118115528,0.269484083424808,0.256653992395437,0.6,0,0,0
"1588","340076088003",0.711167512690355,0.36187455250179,0.166,0.357360406091371,0.76,0,0,0
"1589","340076088004",0.922249793217535,0.477270090919636,0.197749196141479,0.196029776674938,0.6,0,0,0
"1590","340076089011",0.895515032035485,0.312630749477002,0.206011271133375,0.260826771653543,0.44,0,0,0
"1591","340076089012",0.987677141096734,0.530273878904484,0.0992141453831041,0.485520640788663,0.44,0,0,0
"1592","340076089013",0.982420894023104,0.53874984500062,0.227562246670527,0.089904570567554,0.4,0,0,0
"1593","340076089031",0.855932203389831,0.42749829000684,0.273534635879218,0.0338983050847458,0.2,0,0,0
"1594","340076089032",0.949691991786448,0.379038483846065,0.326771653543307,0.113963039014374,0.12,0,0,0
"1595","340076089033",0.975892857142857,0.508885964456142,0.244827586206897,0.03125,0.4,0,0,0
"1596","340076089041",NA,NA,NA,NA,0.08,0,0,0
"1597","340076089042",0.991339786041773,0.522389910440358,0.214037526059764,0.00916963830871116,0.28,0,0,0
"1598","340076089043",NA,NA,NA,NA,0.12,0,0,0
"1599","340076090001",0.986217457886677,0.2874988500046,0.134419551934827,0.74885145482389,0.36,0,0,0
"1600","340076090002",0.86593707250342,0.34249863000548,0.172945205479452,0.487004103967168,0.16,0,0,0
"1601","340076091031",0.851214574898785,0.232727069091724,0.117177097203728,0.271255060728745,0.44,0,0,0
"1602","340076091032",0.988095238095238,0.480786076855693,0.477557027225901,0.679197994987469,0.52,0,0,0
"1603","340076091033",0.998331108144192,0.351110595557618,0.330304407087687,0.366146848602989,0.52,0,0,0
"1604","340076092011",0.948422633950926,0.377142491430034,0.35232383808096,0.693039559339009,0.28,0,0,0
"1605","340076092012",0.923123486682809,0.200263198947204,0.231016042780749,0.397699757869249,0.36,0,0,0
"1606","340076092013",0.959011452682339,0.486618053527786,0.2744,0.48161543098252,0.36,0,0,0
"1607","340076092021",0.980204778156997,0.279658881364475,0.189239332096475,0.71740614334471,0.44,0,0,0
"1608","340076092022",0.953594176524113,0.160935356258575,0.164444444444444,0.938125568698817,0.32,0,0,0
"1609","340076092023",0.913173652694611,0.383542465830137,0.339119652820831,0.872968349016253,0.44,0,0,0
"1610","340076092041",0.955183946488294,0.342418630325479,0.0838926174496644,0.748494983277592,0.32,0,0,0
"1611","340076092042",0.738527214514408,0.215555137779449,0.164772727272727,0.901814300960512,0.32,0,0,0
"1612","340076092043",0.877710843373494,NA,0.151424287856072,0.883734939759036,0.28,0,0,0
"1613","340076092051",0.811550151975684,NA,0.028735632183908,0.722391084093212,0.4,0,0,0
"1614","340076092052",0.789947486871718,0.497366010535958,0.354145342886387,0.443360840210053,0.36,0,0,0
"1615","340076092053",NA,NA,NA,NA,0.2,0,0,0
"1616","340076092054",0.96,0.364186543253827,0.366666666666667,0.409982174688057,0.32,0,0,0
"1617","340076092055",0.935162094763092,0.287998848004608,0.141414141414141,0.263341645885287,0.48,0,0,0
"1618","340076092061",0.980801335559265,0.421462314150743,0.370793269230769,0.609348914858097,0.4,0,0,0
"1619","340076092062",0.916152897657213,0.57749769000924,0.297583971714791,0.430332922318126,0.24,0,0,0
"1620","340076092071",0.945868945868946,0.446094215623138,0.451718494271686,0.202279202279202,0.36,0,0,0
"1621","340076092072",0.977636973537085,0.238083047667809,0.542315504400812,0.821095788296683,0.28,0,0,0
"1622","340076092073",1,0.399626401494394,0.24,0.348017621145374,0.32,0,0,0
"1623","340076103001",1,NA,0.545454545454545,0,0.72,14,10,22
"1624","340076103002",0.972166998011928,0.265122939508242,0.60961810466761,0.516434892541087,0.92,10,8,21
"1625","340076103003",0.931623931623932,NA,0.120921305182342,0.837606837606838,0.84,16,6,33
"1626","340076103004",NA,NA,NA,NA,0.68,12,9,22
"1627","340076104001",NA,NA,0.0298363811357074,0.798821548821549,0.72,5,1,16
"1628","340076104002",0.954873646209386,0.26127495490018,0.0491803278688525,0.958483754512635,0.92,9,7,24
"1629","340076104003",0.791666666666667,0.139231443074228,0.107317073170732,0.969046430354468,0.92,12,7,30
"1630","340076105001",1,NA,0,1,0.68,8,6,11
"1631","340076105002",0.85129393588258,0.349190603237587,0.157097791798107,0.792970258787177,0.84,5,4,7
"1632","340076105003",0.910919540229885,0.333310666757333,0.242934455802766,0.946479885057471,0.68,2,2,5
"1633","340076105004",0.984405458089669,NA,0.11199207135778,0.873944119558155,0.72,2,0,5
"1634","340076106001",0.955819881053526,0.225207099171603,0.288478452066843,0.582278481012658,0.76,4,3,4
"1635","340076106002",NA,NA,NA,NA,0.76,4,4,9
"1636","340076108001",0.959134615384615,0.2749989000044,0.181818181818182,0.612853863810253,0.96,4,3,4
"1637","340076108002",0.897972531066056,0.325354698581206,0.186585365853659,0.84107259646828,0.92,2,0,6
"1638","340076108003",NA,NA,NA,NA,0.8,7,4,11
"1639","340076109001",0.834992887624467,0.218707125171499,0.36983842010772,0.159944367176634,0.8,0,0,0
"1640","340076109002",0.838991270611057,0.205547177811289,0.138173302107728,0.0678952473326867,0.76,0,0,1
"1641","340076109003",0.948494983277592,0.491802032791869,0.469146238377008,0.0755852842809365,0.64,0,0,0
"1642","340076110001",0.884895833333333,0.262166951332195,0.000934579439252336,0.427604166666667,0.8,0,0,1
"1643","340076110002",0.927767910005921,0.150699397202411,0.076984126984127,0.173475429248076,0.92,0,0,1
"1644","340076110003",0.950196592398427,NA,0.172922252010724,0.581913499344692,0.84,2,1,2
"1645","340076110004",0.902081727062452,0.430998276006896,0.309711286089239,0.411719352351581,0.88,2,2,4
"1646","340076110005",NA,NA,NA,NA,0.68,1,0,1
"1647","340076111001",NA,NA,NA,NA,0.52,0,0,0
"1648","340076111002",0.955988455988456,0.302282790868837,0.180327868852459,0.155844155844156,0.64,0,0,0
"1649","340076111003",0.793125,0.316626733493066,0.223671947809879,0.63375,0.64,0,0,0
"1650","340076112001",0.948940793047257,0.464318142727429,0.455970149253731,0.156979902227051,0.4,0,0,0
"1651","340076112002",0.929545454545455,0.257690969236123,0.214170692431562,0.537938844847112,0.6,0,0,0
"1652","340076112003",0.987929433611885,0.542649829400682,0.340175953079179,0.309931506849315,0.56,0,0,0
"1653","340076112004",0.998366013071895,0.35437458250167,0.449519230769231,0.178104575163399,0.4,0,0,0
"1654","340076113001",0.937435897435897,0.283998864004544,0.215330602691633,0.239189189189189,0.48,0,0,0
"1655","340076113002",0.979439252336449,0.482186071255715,0.222081218274112,0.18785046728972,0.52,0,0,0
"1656","340076113003",0.953488372093023,0.477678089287643,0.276011560693642,0.173023255813953,0.56,0,0,0
"1657","340076113004",NA,NA,NA,1,0.32,0,0,0
"1658","340076114001",0.951992753623188,0.337666649333403,0.225954198473282,0.330163043478261,0.44,0,0,0
"1659","340076114002",1,0.977996088015648,0.733333333333333,0,0.28,0,0,0
"1660","340076114003",0.950676982591876,0.335470658117368,0.185808779314492,0.250483558994197,0.4,0,0,0
"1661","340076115001",0.890539483971853,0.317938728245087,0.273374888691006,0.257232212666145,0.36,0,0,0
"1662","340076115002",0.972181551976574,0.469658121367515,0.240473061760841,0.209858467545144,0.36,0,0,0
"1663","340076115003",0.807692307692308,NA,0.0989473684210526,0.549019607843137,0.32,0,0,0
"1664","340076115004",0.969740634005764,NA,0.134579439252336,0.0489208633093525,0.36,0,0,0
"1665","340076116001",0.888691006233304,0.262938948244207,0.445852534562212,0.269813000890472,0.88,1,0,4
"1666","340076116002",0.984375,0.4749981000076,0.296213808463252,0.090625,0.68,0,0,1
"1667","340076116003",0.871589085072231,0.107815568737725,0.136536994660564,0.723381487426431,0.72,0,0,0
"1668","340076116004",0.90979381443299,0.382998468006128,0.0674603174603175,0.536082474226804,0.8,1,1,1
"1669","340076117001",0.97273526824978,0.371050515797937,0.229607250755287,0.254177660510114,0.72,0,0,0
"1670","340076117002",0.869565217391304,0.477222091111636,0.348794063079777,0.17639751552795,0.84,0,0,1
"1671","340076117003",0.954137587238285,0.38499846000616,0.11864406779661,0.0737786640079761,0.68,0,0,0
"1672","340090201011",0.9736,0.377962488150047,0.408543263964951,0.28,0.4,0,0,0
"1673","340090201012",0.968574635241302,0.332186671253315,0.498575498575499,0.178451178451178,0.32,0,0,0
"1674","340090201013",0.975206611570248,0.387998448006208,0.611666666666667,0.128099173553719,0.24,0,0,0
"1675","340090201014",0.886473429951691,0.235715057139771,0.609212481426449,0.268115942028986,0.4,0,0,0
"1676","340090201021",0.96420581655481,0.498330006679973,0.563829787234043,0.00447427293064877,0.48,0,0,0
"1677","340090201022",0.938947368421053,0.1312514749941,0.198581560283688,0.387368421052632,0.64,0,0,0
"1678","340090201023",1,NA,0.813559322033898,0,0.48,0,0,0
"1679","340090201024",0.765217391304348,NA,0.366942148760331,0.508695652173913,0.52,0,0,0
"1680","340090201025",1,NA,0.438709677419355,0.0645161290322581,0.44,0,0,0
"1681","340090202011",0.997745208568207,0.649165403338387,0.750392464678179,0.0304396843291995,0.4,0,0,0
"1682","340090202012",0.988990825688073,0.42062231751073,0.71244635193133,0.0568807339449541,0.28,0,0,0
"1683","340090202031",0.990498812351544,0.2999988000048,0.43455497382199,0.0261282660332542,0.48,0,0,0
"1684","340090202032",1,0.169443322226711,0.395522388059701,0.0394922425952045,0.52,0,0,0
"1685","340090202033",0.97145993413831,0.54499782000872,0.593406593406593,0.0713501646542261,0.56,0,0,0
"1686","340090202051",0.964071856287425,0.466666133335467,0.571917808219178,0.0164670658682635,0.24,0,0,0
"1687","340090202052",0.987096774193548,0.370454518181927,0.705645161290323,0.0193548387096774,0.2,0,0,0
"1688","340090202061",0.989808917197452,0.69499722001112,0.687789799072643,0,0.52,0,0,0
"1689","340090202062",1,0.7437490250039,0.76984126984127,0,0.36,0,0,0
"1690","340090203011",0.991434689507495,NA,0.516650808753568,0.184867951463241,0.6,0,0,0
"1691","340090203012",1,0.476214095143619,0.470108695652174,0.0217983651226158,0.44,0,0,0
"1692","340090203013",1,0.243635025459898,0.577777777777778,0,0.56,0,0,0
"1693","340090203014",0.987987987987988,0.349074603701585,0.493519441674975,0.0833333333333333,0.48,0,0,0
"1694","340090203021",0.985237834882449,0.464230143079428,0.478361669242658,0.0401498929336188,0.36,0,0,0
"1695","340090203022",1,0.341070635717457,0.373790677220756,0.173090909090909,0.44,0,0,0
"1696","340090203023",0.968728283530229,0.592997628009488,0.579010856453559,0,0.32,0,0,0
"1697","340090203024",1,0.408646365414538,0.578512396694215,0,0.36,0,0,0
"1698","340090204001",0.989078822412156,0.419650321398714,0.44880174291939,0.0627062706270627,0.48,0,0,0
"1699","340090204002",0.917570498915401,0.591425634297463,0.242063492063492,0,0.36,0,0,0
"1700","340090205001",0.937360178970917,0.125407498370007,0.0656814449917898,0.565995525727069,0.4,0,0,0
"1701","340090205002",0.990504017531045,0.25249899000404,0.0675925925925926,0.508759124087591,0.56,0,0,0
"1702","340090206001",0.959741550695825,0.371550513797945,0.278254649499285,0.0849900596421471,0.4,0,0,0
"1703","340090207001",0.957364341085271,0.478570085719657,0.292482627921668,0.119926199261993,0.4,0,0,0
"1704","340090207002",0.98716119828816,0.44499822000712,0.501390820584145,0.0542082738944365,0.4,0,0,0
"1705","340090208001",1,0.303998784004864,0.455056179775281,0,0.28,0,0,0
"1706","340090208002",0.989423076923077,0.36999852000592,0.407051282051282,0.0221153846153846,0.24,0,0,0
"1707","340090208003",0.983286908077994,0.462774148903404,0.495440729483283,0.0863509749303621,0.28,0,0,0
"1708","340090208004",1,0.267774928900284,0.521531100478469,0.0542986425339367,0.36,0,0,0
"1709","340090208005",0.991416309012876,0.341666633333467,0.541850220264317,0.0343347639484979,0.16,0,0,0
"1710","340090209011",0.983908045977012,0.51999792000832,0.663239074550129,0.0146561443066516,0.28,0,0,0
"1711","340090209021",0.995708154506438,0.616461534153863,0.759345794392523,0.0515021459227468,0.2,0,0,0
"1712","340090209022",1,0.641425434298263,0.600985221674877,0.0548523206751055,0.28,0,0,0
"1713","340090209023",0.994219653179191,0.5124979500082,0.720720720720721,0.0828516377649326,0.24,0,0,0
"1714","340090210011",0.915754923413567,0.36749853000588,0.314001171646163,0.176898590268304,0.52,0,0,0
"1715","340090210021",0.945058742225294,0.409790360838557,0.311199207135778,0.0611610228058051,0.44,0,0,0
"1716","340090210022",0.986827661909989,0.4249983000068,0.417417417417417,0.108671789242591,0.44,0,0,0
"1717","340090211001",0.921318681318681,0.231667073331707,0.296782665791202,0.14156236512732,0.56,0,0,0
"1718","340090211002",0.982706002034588,0.388822444710221,0.421926910299003,0.151576805696846,0.6,0,0,0
"1719","340090211003",0.972736124634859,0.274522901908392,0.203231821006837,0.304829419583518,0.72,0,0,0
"1720","340090213001",0.96875,0.391442434230263,0.196301564722617,0.21551724137931,0.52,0,0,0
"1721","340090213002",1,0.566997732009072,0.578274760383387,0,0.48,0,0,0
"1722","340090213003",0.948827292110874,NA,0.306306306306306,0,0.44,0,0,0
"1723","340090213004",0.920634920634921,0.328526685893256,0.270334928229665,0.0813492063492064,0.48,0,0,0
"1724","340090213005",0.987714987714988,0.37565049739801,0.407862407862408,0.0712530712530713,0.4,0,0,0
"1725","340090213006",1,0.323370706517174,0.229508196721311,0.12991452991453,0.44,0,0,0
"1726","340090213007",1,0.235831056675773,0.405172413793103,0,0.32,0,0,0
"1727","340090213008",0.677777777777778,0.239043043827825,0.151898734177215,0.466666666666667,0.4,0,0,0
"1728","340090214001",0.929133858267717,NA,0.580745341614907,0.312335958005249,0.52,0,0,0
"1729","340090214002",0.563106796116505,0.272626909492362,0.0538461538461538,0.790291262135922,0.56,0,0,0
"1730","340090214003",0.97423887587822,0.23499906000376,0.13960113960114,0.199063231850117,0.48,0,0,0
"1731","340090214004",0.93126022913257,0.194463222147111,0.110251450676983,0.0900163666121113,0.52,0,0,0
"1732","340090214005",0.799158780231335,0.184443262226951,0.0714285714285714,0.325972660357518,0.6,0,0,0
"1733","340090214006",0.93970893970894,0.167827328690685,0.370588235294118,0.652806652806653,0.4,0,0,0
"1734","340090214007",0.886627906976744,0.25875096499614,0.109803921568627,0,0.36,0,0,0
"1735","340090215001",0.918918918918919,NA,0.223938223938224,0.246246246246246,0.52,0,0,0
"1736","340090215002",1,0.0947036211855153,0,0.571969696969697,0.56,0,0,0
"1737","340090215003",0.700186219739292,0.351470594117624,0.14804469273743,0.627992633517495,0.44,0,0,0
"1738","340090215004",0.88663967611336,NA,0.165951359084406,0.0620782726045884,0.56,0,0,0
"1739","340090216001",1,0.544165823336707,0.3584229390681,0,0.4,0,0,0
"1740","340090216002",0.900552486187845,0.269818920724317,0.50104821802935,0.173112338858195,0.28,0,0,0
"1741","340090216003",0.984547461368653,0.37125051499794,0.195431472081218,0.0419426048565121,0.6,0,0,0
"1742","340090216004",0.952559300873908,0.220363118547526,0.430851063829787,0,0.6,0,0,0
"1743","340090216005",1,NA,0.409282700421941,0,0.4,0,0,0
"1744","340090216006",0.959641255605381,0.500329998680005,0.641148325358852,0,0.24,0,0,0
"1745","340090216007",1,0.290830836676653,0.387096774193548,0,0.36,0,0,0
"1746","340090217011",0.975681650700074,0.36939052243791,0.295199182839632,0.102431834929993,0.6,0,0,0
"1747","340090217012",0.860973888496824,NA,0.289450741063644,0.0650354153251771,0.64,0,0,0
"1748","340090217021",1,0.27562289750841,0.289672544080605,0,0.48,0,0,0
"1749","340090217022",0.968881412952061,0.384422462310151,0.323198198198198,0.299837925445705,0.64,0,0,0
"1750","340090217023",0.977175463623395,0.199167203331187,0.324420677361854,0,0.56,0,0,0
"1751","340090218031",0.889178617992177,0.245715017139931,0.263797942001871,0.110169491525424,0.52,0,0,0
"1752","340090218032",1,0.330542677829289,0.10458452722063,0,0.56,0,0,0
"1753","340090218033",0.991747936984246,0.312998748005008,0.398366606170599,0.00450112528132033,0.52,0,0,0
"1754","340090218041",0.906976744186046,0.209463162147351,0.244239631336406,0.20850040096231,0.56,0,0,0
"1755","340090218042",0.890384615384615,0.293870824516702,0.0977060322854715,0.144230769230769,0.6,0,0,0
"1756","340090218043",1,0.278074887700449,0.303519061583578,0.0188305252725471,0.64,0,0,0
"1757","340090218044",0.992359932088285,0.317854728581086,0.245962732919255,0.13872590108969,0.4,0,0,0
"1758","340090218051",0.883076923076923,0.332998668005328,0.299520219328307,0.114737378888322,0.6,0,0,0
"1759","340090218052",0.960869565217391,0.254090983636065,0.36896046852123,0.0804347826086956,0.44,0,0,0
"1760","340090218053",0.965322580645161,0.31062275750897,0.234475374732334,0.0780876494023904,0.56,0,0,0
"1761","340090218061",0.977207977207977,0.38499846000616,0.501650165016502,0,0.56,0,0,0
"1762","340090218062",0.96969696969697,0.256426974292103,0.188365650969529,0.0582750582750583,0.56,0,0,0
"1763","340090218063",0.967097532314924,0.320294718821125,0.256990679094541,0.118683901292597,0.44,0,0,0
"1764","340090218064",0.925274725274725,0.273998904004384,0.257225433526012,0.0203703703703704,0.68,0,0,0
"1765","340090219001",0.985549132947977,0.422998308006768,0.614583333333333,0.0260115606936416,0.4,0,0,0
"1766","340090219002",0.941176470588235,0.35499858000568,0.652100840336134,0.00420168067226891,0.68,0,0,0
"1767","340090219003",0.880774962742176,0.341150635397458,0.474860335195531,0.180327868852459,0.68,0,0,0
"1768","340090220001",0.988709677419355,0.208667165331339,0.599118942731278,0.0887096774193548,0.72,0,0,0
"1769","340090220002",0.930147058823529,0.12687549249803,0.508849557522124,0.0404411764705882,0.6,0,0,0
"1770","340090220003",1,0.411906352374591,0.447204968944099,0.655102040816327,0.36,0,0,0
"1771","340090220004",0.913846153846154,0.461482154071384,0.529032258064516,0.0138461538461538,0.64,0,0,0
"1772","340090220005",1,NA,0.562962962962963,0.0921501706484642,0.4,0,0,0
"1773","340090221011",0.898746383799421,0.387998448006208,0.221976401179941,0.188516746411483,0.44,0,0,0
"1774","340090221021",0.809010773751224,0.288330846676613,0.13376251788269,0.556807051909892,0.44,0,0,0
"1775","340090221022",0.831567205800335,0.246763012947948,0.284391534391534,0.414389291689905,0.6,0,0,0
"1776","340090221023",0.90903267136451,0.357130571477714,0.254561251086012,0.258808456117873,0.56,0,0,0
"1777","340090221024",0.921887084300077,0.156923372306511,0.147737765466297,0.386697602474865,0.48,0,0,0
"1778","340110101011",0.925988225399495,0.286518853924584,0.172374429223744,0.155592935239697,0.32,0,0,0
"1779","340110101012",0.986564299424184,0.23625105499578,0.0866666666666667,0.0818937939859245,0.32,0,0,0
"1780","340110101031",NA,NA,0.0280289330922242,0.802742923840093,0.32,0,0,0
"1781","340110102001",0.985279685966634,0.191667233331067,0.07703081232493,0.252208047105005,0.2,0,0,0
"1782","340110102002",0.969103240391861,0.263434946260215,0.136,0.126601356443105,0.24,0,0,0
"1783","340110102003",0.968414403032217,0.174543301826793,0.0498338870431894,0.329121920404296,0.4,0,0,0
"1784","340110102004",0.930142302716688,0.301666793332827,0.211690363349131,0.285899094437257,0.4,0,0,0
"1785","340110103011",0.937644341801386,0.282938868244527,0.0956375838926175,0.252886836027714,0.32,0,0,0
"1786","340110103012",0.944721341187132,0.360714557141771,0.227189222290263,0.216786355475763,0.16,0,0,0
"1787","340110103021",0.946593001841621,0.262630949476202,0.126984126984127,0.25414364640884,0.32,0,0,0
"1788","340110103022",0.979357798165138,0.23499906000376,0.175675675675676,0.110091743119266,0.24,0,0,0
"1789","340110104011",0.867213114754098,0.222459110163559,0.103703703703704,0.928415300546448,0.6,0,0,1
"1790","340110104012",0.883222468588322,0.255554977780089,0.117942283563363,0.818181818181818,0.36,0,0,1
"1791","340110104013",0.903993855606759,0.279166883332467,0.124444444444444,0.491551459293395,0.44,0,0,1
"1792","340110104021",NA,NA,0.0145348837209302,0.705603038936372,0.28,0,0,0
"1793","340110105001",0.985530546623794,0.399282402870389,0.300558659217877,0.171221864951768,0.32,0,0,0
"1794","340110105002",0.912152269399707,0.383498466006136,0.33976833976834,0.117130307467057,0.32,0,0,0
"1795","340110106001",0.903935185185185,0.22812308750765,0.263450834879406,0.337962962962963,0.48,0,0,1
"1796","340110106002",0.933577087141987,0.46625013499946,0.337595907928389,0.115783059110299,0.32,0,0,0
"1797","340110106003",0.988423864648264,0.297726809092764,0.219765929778934,0.358860195903829,0.48,0,0,0
"1798","340110106004",0.96377607025247,0.41499834000664,0.163090128755365,0.325187969924812,0.48,0,0,1
"1799","340110107011",0.881476683937824,0.176131295474818,0.0567729083665339,0.74740932642487,0.64,0,0,0
"1800","340110107012",1,0.216207135171459,0.169753086419753,0.138888888888889,0.44,0,0,0
"1801","340110107013",0.979124236252546,0.435310258758965,0.22623723487824,0.144093686354379,0.6,0,0,1
"1802","340110107021",0.774576271186441,0.250454998180007,0.176435406698565,0.449048625792812,0.8,2,1,4
"1803","340110107022",0.908727514990007,0.524613901544394,0.231231231231231,0.413724183877415,0.6,0,0,1
"1804","340110108001",0.82992125984252,0.32999868000528,0.234154929577465,0.363636363636364,0.64,0,0,0
"1805","340110108002",0.891267123287671,0.35249859000564,0.19757174392936,0.23458904109589,0.52,0,0,0
"1806","340110108003",0.929373996789727,0.306426774292903,0.216352201257862,0.412520064205457,0.6,0,0,0
"1807","340110201001",0.7581317764804,0.0995436018255927,0.0125786163522013,0.935779816513762,0.8,12,12,16
"1808","340110202001",0.692427790788447,0.13999944000224,0.0319042871385842,0.889484259879437,0.76,12,9,12
"1809","340110202002",0.647584973166369,0.214795140819437,0.128086419753086,0.957662492546213,0.68,8,2,12
"1810","340110203011",0.901268115942029,NA,0.122605363984674,0.969202898550725,0.76,4,1,8
"1811","340110203012",0.415784408084697,0.215907136371455,0,0.930702598652551,0.64,2,2,6
"1812","340110203021",0.573074908328968,0.227967088131647,0.0399032648125756,0.98428496595076,0.6,7,1,17
"1813","340110203022",0.640861200183234,0.105199579201683,0.0362610797743755,0.909299129638113,0.76,5,4,17
"1814","340110204001",0.955151515151515,0.272890908436366,0.191756272401434,0.504242424242424,0.76,4,4,4
"1815","340110204002",0.86276898091758,0.214311142755429,0.0973254086181278,0.827100924809007,0.76,4,4,9
"1816","340110205021",NA,NA,0.0110166824047844,0.791640866873065,0.48,0,0,1
"1817","340110205031",0.894886363636364,0.176943292226831,0.0195822454308094,0.9625,0.76,15,10,16
"1818","340110205032",0.88410488831337,0.114851540593838,0.0383333333333333,0.967425771115595,0.84,5,3,15
"1819","340110206001",0.783427495291902,0.285398858404566,0.32409381663113,0.299435028248588,0.68,4,2,14
"1820","340110206002",0.931067044381492,0.211311154755381,0.105048859934853,0.848914069877243,0.64,1,0,11
"1821","340110206003",0.905398182789952,0.27376290494838,0.202825428859738,0.859433458043827,0.68,9,6,12
"1822","340110301001",0.911949685534591,0.0892116431534274,0.10099573257468,0.622222222222222,0.8,9,5,11
"1823","340110302001",0.821782178217822,0.321962712149151,0.166071428571429,0.471004243281471,0.8,4,3,9
"1824","340110302002",0.604267701260912,NA,0.00842358604091456,0.831231813773036,0.76,3,0,11
"1825","340110302003",0.832142857142857,0.20939916240335,0.126984126984127,0.442857142857143,0.68,4,2,12
"1826","340110302004",0.851485148514851,0.306490774036904,0.0751295336787565,0.76039603960396,0.68,6,1,11
"1827","340110302005",0.985051140833989,0.0729717081131675,0.0760869565217391,0.678206136900079,0.84,6,3,10
"1828","340110303001",0.970802919708029,0.0970916116335535,0.282786885245902,0.660583941605839,0.72,7,6,9
"1829","340110303002",0.915221579961464,0.265498938004248,0.0502873563218391,0.499036608863198,0.84,7,5,7
"1830","340110303003",0.970930232558139,0.24060703757185,0.0835932626325639,0.454318936877076,0.68,2,0,6
"1831","340110304011",0.905711695376247,0.229451082195671,0.260869565217391,0.477787851314597,0.88,5,4,12
"1832","340110304012",0.949101796407186,0.0779716881132475,0.0254237288135593,0.643712574850299,0.72,2,2,6
"1833","340110304013",0.988259668508287,0.570405718377127,0.322314049586777,0.155386740331492,0.64,0,0,4
"1834","340110304021",0.9796875,0.151079395682417,0.210416666666667,0.600303951367781,0.8,7,3,10
"1835","340110304022",1,0.510385958456166,0.262618873445501,0.112296983758701,0.44,1,0,3
"1836","340110304023",0.970334928229665,0.302670789316843,0.384703196347032,0.381756756756757,0.76,6,4,11
"1837","340110305011",0.977245508982036,0.253518985924056,0.224852071005917,0.0389221556886228,0.52,0,0,0
"1838","340110305012",1,0.395438418246327,0.182281059063136,0.14218958611482,0.36,0,0,0
"1839","340110305013",1,0.40064239743041,0.185538881309686,0.079336620349619,0.6,0,0,2
"1840","340110305014",1,0.520973916104336,0.18203125,0.100806451612903,0.4,0,0,0
"1841","340110305021",0.895784543325527,0.244179023283907,0.18167580266249,0.415690866510539,0.76,6,5,6
"1842","340110305022",0.913543228385807,0.26749893000428,0.188880426504189,0.527736131934033,0.8,4,3,5
"1843","340110403001",0.943648519579752,0.293178827284691,0.361151079136691,0.667621776504298,0.56,0,0,2
"1844","340110403002",0.921761998685076,0.233635065459738,0.0801762114537445,0.815253122945431,0.56,1,1,7
"1845","340110403003",0.985041136873598,0.268386926452294,0.109375,0.768137621540763,0.6,1,1,8
"1846","340110404001",0.98300283286119,0.38627045491818,0.242761692650334,0.313725490196078,0.6,0,0,1
"1847","340110404002",1,0.323598705605178,0.217616580310881,0.619957537154989,0.68,2,2,9
"1848","340110404003",0.925339366515837,0.185343258626965,0.0961538461538462,0.73191899710704,0.72,2,1,14
"1849","340110404004",0.948667324777888,0.335182659269363,0.338568935427574,0.535044422507404,0.72,5,2,13
"1850","340110405001",0.799085365853659,0.154423382306471,0.035665914221219,0.961280487804878,0.72,7,7,16
"1851","340110405002",0.977917981072555,0.382070471718113,0.241871530531324,0.753312302839117,0.76,7,6,8
"1852","340110405003",0.97126969416126,0.163331346674613,0.144662921348315,0.714550509731233,0.8,6,5,16
"1853","340110406011",1,0.41499834000664,0.338308457711443,0.344482891195694,0.6,1,0,1
"1854","340110406012",0.950857142857143,0.207691169235323,0.390057361376673,0.701714285714286,0.72,0,0,3
"1855","340110406021",0.959381044487427,0.169871320514718,0.110414052697616,0.674910071942446,0.64,0,0,9
"1856","340110406022",0.883628066172276,0.234887060451758,0.181908548707753,0.861380490587564,0.76,6,6,13
"1857","340110407011",0.980957876514714,0.303222787108852,0.428949691085613,0.459896133871898,0.6,0,0,1
"1858","340110407012",0.806581352833638,0.22312310750757,0.236076885165106,0.636269786648314,0.8,2,2,2
"1859","340110407021",0.899159663865546,0.239167043331827,0.15,0.469887955182073,0.68,1,1,1
"1860","340110407022",0.942512077294686,0.374998500006,0.319078947368421,0.286412078152753,0.64,0,0,1
"1861","340110408001",0.884992987377279,0.442774228903084,0.449561403508772,0.389901823281907,0.68,1,1,2
"1862","340110408002",0.971622455274522,0.370830516677933,0.361524163568773,0.497859327217125,0.56,1,1,1
"1863","340110408003",0.975609756097561,0.415998336006656,0.443478260869565,0.225055432372506,0.36,0,0,0
"1864","340110408004",0.928929384965831,0.437270250918996,0.601865136298422,0.475170842824601,0.52,1,1,1
"1865","340110409011",0.847222222222222,0.303522785908856,0.180914512922465,0.430555555555556,0.64,4,3,5
"1866","340110409012",0.93329747175901,0.217587129651481,0.0834035383319292,0.664335664335664,0.8,5,4,9
"1867","340110409021",0.694277108433735,0.178479286082856,0.18941504178273,0.576807228915663,0.64,0,0,0
"1868","340110409022",0.965831435079727,0.307574769700921,0.24453781512605,0.387813211845102,0.76,2,1,4
"1869","340110409023",0.988277727682597,0.22749909000364,0.0608365019011407,0.467989179440938,0.84,3,3,5
"1870","340110409024",0.857142857142857,NA,0.0382513661202186,0.592800899887514,0.6,3,3,4
"1871","340110409025",0.988106129917658,0.288590845636617,0.192255434782609,0.66971637694419,0.72,3,2,4
"1872","340110410011",0.980235492010093,0.426666293334827,0.392742796157951,0.313288477712363,0.24,0,0,1
"1873","340110410012",0.99664570230608,0.292366830532678,0.304714989444054,0.361425576519916,0.56,0,0,0
"1874","340110410021",0.953321364452424,0.37249851000596,0.184834123222749,0.198384201077199,0.76,1,1,3
"1875","340110410022",0.837253960633701,0.422966308134767,0.108240223463687,0.558809409505521,0.8,1,1,3
"1876","340110411011",0.868324125230203,NA,0.0340632603406326,1,0.68,8,2,13
"1877","340110411012",0.819205298013245,NA,0.0887096774193548,0.896026490066225,0.84,14,11,20
"1878","340110411021",0.826008645533141,0.253482986068056,0.19290465631929,0.962536023054755,0.76,13,8,20
"1879","340110411022",0.969117647058824,0.165587337650649,0.00133689839572193,0.929411764705882,0.8,12,9,14
"1880","340130001001",0.924740124740125,0.286326854692581,0.109112709832134,0.906029106029106,0.8,0,0,5
"1881","340130001002",0.93099173553719,0.156283374866501,0.300679501698754,0.889669421487603,0.76,2,1,3
"1882","340130001003",0.791547687035979,NA,0.200589970501475,0.961736150770988,0.72,1,0,4
"1883","340130002001",0.827004219409283,0.189331242675029,0.0909090909090909,0.848360655737705,0.76,5,3,7
"1884","340130002002",0.764400921658986,0.251974992100032,0.0963172804532578,1,0.76,3,2,5
"1885","340130003001",0.844736842105263,0.261522953908184,0.0704225352112676,1,0.72,3,2,5
"1886","340130003002",0.951469902006533,0.0672917308330767,0.16722972972973,0.909939337377508,0.72,1,1,2
"1887","340130004001",0.857322702475871,0.205795176819293,0.106487148102815,0.912295425933697,0.72,2,1,4
"1888","340130005001",0.915642915642916,NA,0.138255033557047,0.956592956592957,0.76,3,2,4
"1889","340130005002",0.651987110633727,0.19439922240311,0,0.834586466165414,0.72,2,1,6
"1890","340130006001",0.793770139634801,0.202259190963236,0.182207931404073,0.825635517364841,0.68,3,0,6
"1891","340130006002",0.867353951890034,0.113515545937816,0.101477832512315,0.947079037800687,0.68,1,1,6
"1892","340130007001",0.87779433681073,0.277538889844441,0.233097880928355,0.940884252359662,0.68,2,1,8
"1893","340130007002",0.916044776119403,0.158551365794537,0.0387965162311956,0.951026119402985,0.68,4,2,10
"1894","340130007003",0.811023622047244,0.126523493906024,0.142857142857143,1,0.8,1,1,7
"1895","340130007004",0.824512534818941,0.25377098491606,0.0686835650040883,0.967966573816156,0.72,6,2,10
"1896","340130008001",0.716160787530763,0.302186791252835,0.0708800945067927,0.971287940935193,0.76,4,2,6
"1897","340130008002",0.718541996830428,0.238795044819821,0.0662220104811815,0.924247226624406,0.72,1,1,8
"1898","340130009001",0.892857142857143,0.0604437582249671,0.0991831971995333,0.918650793650794,0.64,3,0,12
"1899","340130009002",0.839028094153379,0.29499882000472,0.251173708920188,1,0.68,0,0,13
"1900","340130009003",0.876443418013857,NA,0.103668261562998,0.814087759815243,0.72,2,0,11
"1901","340130010001",0.949122807017544,0.0809596761612954,0.0595238095238095,0.937719298245614,0.68,9,6,15
"1902","340130010002",0.867012089810017,0.201315194739221,0.0863350485991995,0.96182357301705,0.76,7,6,14
"1903","340130011001",0.986190476190476,0.40437438250247,0.222972972972973,0.621428571428571,0.72,9,6,17
"1904","340130011002",0.948033707865168,0.374186503253987,0.339702760084926,0.908005617977528,0.76,6,4,15
"1905","340130013001",0.79569399908383,0.137107451570194,0.211892797319933,0.909299129638113,0.64,7,2,18
"1906","340130014001",0.880909634949132,0.238911044355823,0.175751879699248,0.975463794135248,0.56,4,0,19
"1907","340130014002",0.962752525252525,0.242811028755885,0.134651600753296,0.962121212121212,0.64,5,2,18
"1908","340130015001",0.963307240704501,0.138275446898212,0.0964247020585049,0.990749756572541,0.76,6,3,17
"1909","340130016001",0.93350221659278,0.188023247907008,0.246885617214043,0.993033565547815,0.76,6,1,11
"1910","340130016002",0.695804195804196,0.0852156591373635,0.0615384615384615,0.917832167832168,0.76,7,4,10
"1911","340130017001",0.804587155963303,0.168479326082696,0.0297297297297297,1,0.76,5,4,10
"1912","340130017002",0.892005610098177,0.16314734741061,0.109717868338558,1,0.72,5,3,12
"1913","340130018001",1,0.209783160867357,0.0632911392405063,1,0.64,7,3,17
"1914","340130018002",0.920714285714286,0.312102751588994,0.26,1,0.72,8,3,13
"1915","340130019001",0.813492063492063,0.258398966404134,0.172413793103448,0.807539682539683,0.68,2,1,12
"1916","340130019002",0.958311888831704,0.101311594753621,0.0762886597938144,0.982501286670098,0.72,3,2,7
"1917","340130020001",0.822804314329738,NA,0.139689578713969,1,0.68,3,2,7
"1918","340130020002",0.959070237493684,0.0813236747053012,0.100819155639572,0.970692268822638,0.72,3,2,7
"1919","340130020003",0.941460794844253,0.142915428338287,0.105820105820106,1,0.64,2,0,4
"1920","340130021001",0.913769123783032,0.142563429746281,0.0340681362725451,0.96105702364395,0.72,5,3,8
"1921","340130021002",0.919444444444444,0.191667233331067,0.161290322580645,0.963888888888889,0.64,4,0,7
"1922","340130021003",0.63302752293578,NA,0.287719298245614,0.986748216106014,0.64,4,1,7
"1923","340130021004",0.992084432717678,0.272258910964356,0.165384615384615,1,0.68,3,2,7
"1924","340130022021",0.978506787330317,0.312410750356999,0.18361153262519,1,0.68,2,1,6
"1925","340130022022",0.851633986928105,0.260298958804165,0.0757062146892655,1,0.6,1,1,3
"1926","340130022023",0.905598958333333,0.30499878000488,0.196444444444444,0.994791666666667,0.68,1,1,4
"1927","340130022031",0.851868663943108,0.162675349298603,0.20247127682636,0.940535633227417,0.64,0,0,1
"1928","340130022032",NA,NA,NA,NA,0.48,0,0,1
"1929","340130022041",0.950920245398773,0.386134455462178,0.426666666666667,0.966257668711656,0.6,1,0,6
"1930","340130022042",0.856991525423729,0.311910752356991,0.380645161290323,0.977754237288136,0.64,1,0,1
"1931","340130022043",NA,NA,NA,NA,0.48,0,0,1
"1932","340130023001",0.967549103330487,0.600869596521614,0.0400866738894908,1,0.6,7,2,8
"1933","340130023002",0.835839598997494,0.315934736261055,0.171220400728597,1,0.68,3,3,8
"1934","340130023003",0.918435289221806,0.262710949156203,0.188106796116505,0.976695796920516,0.68,4,4,7
"1935","340130023004",0.887378640776699,NA,0.180806675938804,1,0.68,4,1,6
"1936","340130024001",0.862508858965273,0.193907224371103,0.16551724137931,0.995747696669029,0.68,6,4,8
"1937","340130024002",0.973233404710921,0.242675029299883,0.216494845360825,0.98580121703854,0.68,3,2,8
"1938","340130024003",0.958452722063037,0.146347414610342,0.243312101910828,0.994985673352435,0.72,5,5,9
"1939","340130025001",0.878676470588235,NA,0.0942698706099815,0.966911764705882,0.64,2,1,4
"1940","340130025002",0.777412280701754,NA,0.189695550351288,1,0.72,2,1,8
"1941","340130025003",0.914157591287636,0.347690609237563,0.102196752626552,1,0.64,5,2,7
"1942","340130026001",0.863433312061264,0.121783512865949,0.0611854684512428,0.989789406509253,0.76,8,2,12
"1943","340130028001",0.816582914572864,0.246059015763937,0.284820031298905,1,0.64,10,9,16
"1944","340130031001",0.899616017553483,0.119563521745913,0.0432972522897585,0.99671772428884,0.72,6,2,19
"1945","340130035001",0.818013571869217,0.172271310914756,0.261842105263158,1,0.6,6,1,10
"1946","340130035002",0.951863354037267,NA,0.248933143669986,0.991459627329193,0.6,3,2,11
"1947","340130037001",0.934188034188034,0.116819532721869,0.171548117154812,0.983760683760684,0.76,9,2,17
"1948","340130037002",0.865004299226139,0.221163115347539,0.374167776298269,0.969905417024935,0.64,3,2,11
"1949","340130038001",0.843155031731641,0.138415446338215,0.208715596330275,0.988213961922031,0.72,8,3,19
"1950","340130038002",0.88133764832794,NA,0.319415448851775,0.993527508090615,0.68,12,4,18
"1951","340130039001",0.988399071925754,0.110715557137771,0.0852017937219731,1,0.76,5,3,24
"1952","340130039002",0.97714907508161,0.103271586913652,0.0638297872340425,1,0.68,4,3,14
"1953","340130041001",0.884318766066838,0.293298826804693,0.213062098501071,1,0.68,4,1,14
"1954","340130041002",0.965842167255595,0.0441798232807069,0.0795180722891566,1,0.64,1,1,14
"1955","340130041003",0.742605915267786,0.147391410434358,0.0954128440366973,0.989608313349321,0.64,2,0,9
"1956","340130042001",0.920990566037736,0.149655401378394,0.178477690288714,0.97936320754717,0.64,2,1,7
"1957","340130042002",0.923485653560043,0.177319290722837,0.329639889196676,1,0.68,1,1,6
"1958","340130043001",0.893333333333333,0.188683245267019,0.178517397881997,0.96,0.68,2,1,3
"1959","340130043002",0.924821002386635,0.224499102003592,0.188845401174168,1,0.8,2,0,2
"1960","340130044001",0.803439803439803,0.132571469714121,0.0920810313075506,0.97051597051597,0.68,1,1,4
"1961","340130044002",0.906084656084656,0.234075063699745,0.129310344827586,1,0.72,1,1,3
"1962","340130045001",0.901303538175047,0.125399498402006,0.106986899563319,1,0.72,0,0,2
"1963","340130045002",1,0.300882796468814,0.235602094240838,1,0.68,0,0,0
"1964","340130045003",0.862461220268873,NA,0.157119476268412,1,0.72,0,0,0
"1965","340130045004",0.870588235294118,NA,0.0595947556615018,0.992647058823529,0.8,0,0,1
"1966","340130046001",0.68234007654456,0.145927416290335,0.284199363732768,0.968288682340077,0.72,2,1,5
"1967","340130046002",1,NA,0.433155080213904,0.950146627565982,0.64,0,0,1
"1968","340130046003",0.912550607287449,0.128043487826049,0.070828331332533,1,0.64,2,0,2
"1969","340130047001",0.935601458080194,0.38999844000624,0.417177914110429,0.942891859052248,0.76,1,1,4
"1970","340130047002",0.860418743768694,0.24627501489994,0.196759259259259,0.989032901296112,0.76,1,0,1
"1971","340130047003",0.804721030042919,NA,0.498432601880878,1,0.76,0,0,1
"1972","340130047004",0.818785578747628,0.276170895316419,0.116959064327485,1,0.76,0,0,1
"1973","340130047005",0.919941775836972,0.22436310254759,0.28515625,1,0.72,1,1,2
"1974","340130048011",0.938248847926267,0.210919156323375,0.087667161961367,1,0.84,5,0,11
"1975","340130048012",0.957281553398058,0.260830956676173,0.131964809384164,1,0.72,6,0,13
"1976","340130048021",0.953893442622951,NA,0.00676923076923077,0.952215032354405,0.84,12,9,23
"1977","340130048022",1,NA,0.0930851063829787,0.964757709251101,0.84,6,3,11
"1978","340130048023",0.934640522875817,0.0632077471690113,0.0534069981583794,0.960130718954248,0.92,6,3,7
"1979","340130049001",0.79875,NA,0.23109243697479,0.975,0.72,1,1,10
"1980","340130049002",0.889464594127807,0.107143571425714,0.323045267489712,1,0.68,1,1,9
"1981","340130049003",0.802229413879899,0.211315154739381,0.136394790952707,0.988493347716649,0.68,2,1,9
"1982","340130050001",0.864760432766615,0.205067179731281,0.285714285714286,0.999227202472952,0.84,9,6,18
"1983","340130050002",0.758454106280193,0.200191199235203,0.226618705035971,0.896135265700483,0.84,11,7,18
"1984","340130051001",0.827906976744186,0.209091163635345,0.114186851211073,1,0.72,6,3,10
"1985","340130051002",0.957547169811321,0.168939324242703,0.0902857142857143,1,0.72,4,1,8
"1986","340130051003",0.866590649942988,0.406446374214503,0.230645161290323,1,0.76,5,0,11
"1987","340130052001",0.820607175712971,0.149667401330395,0.137931034482759,1,0.68,2,0,4
"1988","340130052002",0.918395573997234,NA,0.104761904761905,1,0.72,1,1,5
"1989","340130053001",0.957837837837838,0.250330998676005,0.1168,1,0.64,1,1,9
"1990","340130053002",0.853059581320451,0.181175275298899,0.135627530364372,0.991545893719807,0.68,3,1,12
"1991","340130054001",0.927387529597474,0.0502317990728037,0.0410474168435952,0.99171270718232,0.68,9,2,14
"1992","340130054002",0.806343906510851,0.140103439586242,0.189500640204866,1,0.76,8,3,14
"1993","340130057001",0.809500727096461,0.128895484418062,0.184532924961715,0.916626272418808,0.96,21,9,45
"1994","340130057002",0.66031746031746,0.263946944212223,0.215419501133787,0.73015873015873,0.84,5,4,24
"1995","340130062001",0.876506024096386,0.130203479186083,0.0968858131487889,0.928714859437751,0.76,6,3,13
"1996","340130062002",0.875151515151515,0.108887564449742,0.166969147005445,0.953939393939394,0.76,6,3,13
"1997","340130064001",0.814020028612303,0.194723221107116,0.630455868089234,0.955650929899857,0.72,6,1,17
"1998","340130066001",0.839799749687109,0.153571385714457,0.306086956521739,0.985294117647059,0.72,5,3,15
"1999","340130066002",0.81591263650546,0.279182883268467,0.240161453077699,1,0.8,5,2,15
"2000","340130067001",0.944444444444444,0.0701957192171231,0.0211320754716981,0.9581589958159,0.88,9,3,27
"2001","340130067002",0.922937989163155,0.154751380994476,0.0776371308016878,0.970691676436108,0.88,9,3,29
"2002","340130067003",0.813492063492063,0.381518473926104,0.613300492610837,0.886904761904762,0.88,8,4,28
"2003","340130068001",0.611131588647254,0.215347138611446,0.29601226993865,0.706966457795798,0.88,20,12,30
"2004","340130068002",0.887399463806971,0.378250486998052,0.198821796759941,0.649687220732797,0.96,24,19,35
"2005","340130068003",0.562443845462713,0.304310782756869,0.0347721822541966,0.747978436657682,0.92,22,13,31
"2006","340130069001",0.500745156482861,0.209311162755349,0.122369878183832,0.710134128166915,0.92,13,6,32
"2007","340130069002",0.61190019193858,0.255994976020096,0.0345032718619869,0.641074856046065,0.84,14,9,29
"2008","340130070001",0.518709234466186,0.157651369394522,0.191089108910891,0.844490216271885,0.84,6,1,22
"2009","340130070002",0.345588235294118,0.2062511749953,0.13475935828877,0.777573529411765,0.92,6,4,25
"2010","340130071001",0.545786061588331,0.239723041107836,0.173752310536044,0.696920583468395,0.8,2,0,17
"2011","340130071002",0.669117647058823,0.260998956004176,0.154113557358053,0.759803921568627,0.88,9,2,24
"2012","340130071003",0.606007067137809,0.19187523249907,0.153846153846154,0.5,0.8,2,0,14
"2013","340130072001",0.580280172413793,0.287586849652601,0.0848389630793401,0.589439655172414,0.8,0,0,16
"2014","340130072002",0.637775551102204,0.178403286386854,0.202127659574468,0.768036072144289,0.88,5,1,14
"2015","340130073001",0.475225225225225,0.15064339742641,0.0785123966942149,0.701951951951952,0.8,3,1,20
"2016","340130073002",0.627740135512156,0.188331246675013,0.135460565924142,0.494619370267039,0.92,3,1,19
"2017","340130073003",0.779393173198483,0.229339082643669,0.411875589066918,0.68078381795196,0.8,2,0,12
"2018","340130074001",NA,NA,0.0267358339984038,0.910910264686895,0.84,19,19,37
"2019","340130074002",0.633382570162482,0.243907024371903,0.163628279235216,0.633087149187592,0.96,17,5,30
"2020","340130075011",0.49527665317139,0.14310742757029,0.00866551126516464,0.762483130904184,0.8,4,2,18
"2021","340130075012",0.947107438016529,0.13249947000212,0,0.958677685950413,0.96,20,15,32
"2022","340130075013",0.532825880114177,0.158571365714537,0.239234449760766,0.779257849666984,0.88,12,9,22
"2023","340130075014",0.695215311004785,0.113875544497822,0.0759702725020644,0.957416267942584,0.84,5,1,23
"2024","340130075021",0.592399403874814,0.295830816676733,0.135944700460829,0.852459016393443,0.96,21,18,30
"2025","340130075022",0.582896329164986,0.177795288818845,0.108387096774194,0.82089552238806,0.92,14,4,25
"2026","340130076001",0.55120946989192,0.201615193539226,0.163083765752409,0.714359238291302,0.76,3,1,10
"2027","340130076002",0.535751840168244,0.224243103027588,0.101930501930502,0.655625657202944,0.76,4,2,9
"2028","340130077001",0.521897810218978,0.215919136323455,0.146994931209269,0.800182481751825,0.84,3,0,16
"2029","340130077002",0.70703933747412,0.241763032947868,0.245363766048502,0.762939958592132,0.8,6,1,16
"2030","340130078001",0.622998544395924,0.172059311762753,0.0643699002719855,0.839883551673945,0.92,7,6,24
"2031","340130078002",0.407423392317652,0.198311206755173,0.191321499013807,0.661676646706587,0.88,8,4,24
"2032","340130079001",0.499719258843346,0.228267086931652,0.13758389261745,0.776530039303762,0.92,5,4,13
"2033","340130079002",0.427401340282949,0.198583205667177,0.174894217207334,0.941921072226359,0.76,6,2,13
"2034","340130079003",0.778,0.185099259602962,0.220168067226891,0.785333333333333,0.84,7,4,18
"2035","340130080001",0.979627989371125,0.317238731045076,0.747747747747748,0.488042515500443,0.84,8,2,19
"2036","340130080002",0.874694376528117,0.215331138675445,0.273201251303441,0.807457212713936,0.92,8,7,31
"2037","340130081001",0.923440860215054,0.0714277142891428,0.291778613648576,0.92,0.8,5,3,22
"2038","340130081002",0.859522487506941,0.196907212371151,0.290492957746479,0.943396226415094,0.84,7,5,31
"2039","340130082001",0.919109026963658,0.189723241107036,0.430903155603917,0.891671520093186,0.72,8,3,21
"2040","340130082002",0.970394736842105,0.0592997628009488,0.0847457627118644,1,0.72,4,2,14
"2041","340130087001",0.830474268415742,0.539633841464634,0.313698630136986,0.801210898082745,0.8,6,5,14
"2042","340130087002",0.966061562746646,0.265678937284251,0.27909887359199,0.883977900552486,0.72,4,1,13
"2043","340130087003",0.808917197452229,0.180543277826889,0.170926517571885,0.950781702374059,0.64,1,0,11
"2044","340130088001",0.832650273224044,0.271926912292351,0.284424379232506,1,0.64,5,1,13
"2045","340130088002",0.783094098883573,0.395678417286331,0.226158038147139,0.936204146730462,0.6,2,0,12
"2046","340130089001",0.695835086243164,0.215455138179447,0.149301143583227,0.925536390408077,0.64,2,0,14
"2047","340130090001",0.830877642536835,0.177755288978844,0.172779922779923,0.928891736066624,0.64,6,0,19
"2048","340130091001",0.901912702305051,0.179015283938864,0,0.959293771456596,0.72,3,3,8
"2049","340130091002",0.942082563154652,0.335998656005376,0.247582205029014,0.78373382624769,0.64,1,1,13
"2050","340130092001",0.935708079930495,NA,0.132616487455197,0.860544217687075,0.76,7,3,16
"2051","340130092002",0.972058823529412,NA,0.0212443095599393,0.92925430210325,0.72,3,1,16
"2052","340130092003",0.873835732430144,0.120587517649929,0.198931909212283,0.933954276037257,0.72,2,0,10
"2053","340130093001",0.702323717948718,0.178551285794857,0.109896432681243,0.969951923076923,0.76,10,2,14
"2054","340130093002",0.904312114989733,0.230227079091684,0.159974506054812,0.962628336755647,0.76,10,7,16
"2055","340130094001",0.983830845771144,NA,0.130494505494506,0.847014925373134,0.64,3,0,14
"2056","340130094002",0.87215411558669,0.201447194211223,0.0343992248062015,0.966374781085814,0.8,2,1,9
"2057","340130094003",0.850767085076709,0.197575209699161,0.15811606391926,0.738261273826127,0.72,3,1,13
"2058","340130095001",0.808893093661306,0.316018735925056,0.283246977547496,0.645222327341533,0.68,1,1,6
"2059","340130095002",0.962892119357307,0.234535061859753,0.100879765395894,0.930421909696521,0.68,2,2,15
"2060","340130095003",0.958677685950413,0.453382186471254,0.602683178534572,0.662428480610299,0.68,2,1,12
"2061","340130095004",0.908685064935065,0.253674985300059,0.120903131828114,0.876217532467532,0.64,1,1,14
"2062","340130096001",0.834593572778828,0.241111035555858,0.255900621118012,0.956521739130435,0.92,14,14,18
"2063","340130096002",0.835217391304348,0.196291214835141,0.333333333333333,0.899130434782609,0.8,3,2,8
"2064","340130096003",0.923256902199345,0.128851484594062,0.186953062848051,0.951801591015442,0.84,13,9,15
"2065","340130097001",0.914110429447853,0.191923232307071,0.0846394984326019,0.960889570552147,0.76,2,0,7
"2066","340130097002",0.624054462934947,0.205175179299283,0.0632911392405063,1,0.72,4,0,11
"2067","340130097003",0.781662269129288,0.257270970916116,0.163934426229508,1,0.72,3,1,13
"2068","340130099001",1,0.31562273750905,0.306451612903226,1,0.6,1,0,2
"2069","340130099002",0.975069252077562,0.163847344610622,0.0931558935361217,1,0.64,2,1,3
"2070","340130099003",0.880868955851437,0.277702889188443,0.0808170515097691,1,0.72,2,1,2
"2071","340130100001",0.921495327102804,0.595561617753529,0.229483282674772,0.939252336448598,0.6,1,0,2
"2072","340130100002",0.849230769230769,0.278966884132463,0.262081784386617,0.931496649292628,0.8,0,0,5
"2073","340130100003",0.920162381596752,NA,0.176684881602914,0.9851150202977,0.72,2,0,4
"2074","340130101001",0.947368421052632,0.255414978340087,0.206375838926175,0.984962406015038,0.68,0,0,1
"2075","340130101002",0.986559139784946,0.424078303686785,0.211663066954644,0.991935483870968,0.6,0,0,3
"2076","340130101003",0.967549103330487,0.28375086499654,0.26261319534282,1,0.72,0,0,2
"2077","340130102001",0.994208494208494,0.101443594225623,0.155374887082204,0.927091963545982,0.68,1,1,1
"2078","340130102002",0.94316163410302,NA,0.365217391304348,0.968028419182948,0.64,1,1,5
"2079","340130102003",0.910136592379583,0.17875128499486,0.132400430570506,1,0.68,2,1,6
"2080","340130102004",0.970027247956403,0.459410162359351,0.335056876938987,1,0.64,1,1,4
"2081","340130103001",0.790301441677588,0.165883336466654,0.167785234899329,0.984272608125819,0.8,2,2,8
"2082","340130103002",0.952851711026616,0.370138519445922,0.17304189435337,0.937921727395412,0.72,2,1,6
"2083","340130103003",1,0.198927204291183,0.0662100456621005,0.936046511627907,0.6,1,1,3
"2084","340130103004",0.964873765093304,0.341514633941464,0.303571428571429,0.975850713501647,0.64,2,0,3
"2085","340130104001",0.84032634032634,0.17810728757085,0.348745046235139,1,0.6,1,1,3
"2086","340130104002",0.79784102060844,0.275358898564406,0.156445556946183,1,0.64,1,1,2
"2087","340130104003",0.891742394310549,0.228015087939648,0.285975609756098,0.996839193994469,0.64,1,0,2
"2088","340130105001",0.973624717407687,0.309918760324959,0.333661417322835,1,0.64,1,1,2
"2089","340130105002",0.841759145088368,0.179335282658869,0.139224411951685,0.979449239621866,0.72,1,0,4
"2090","340130105003",0.775948460987831,0.262598949604202,0.272904483430799,0.992137240886347,0.68,0,0,5
"2091","340130106001",0.925606891151135,0.238403046387814,0.0969305331179321,1,0.64,1,0,6
"2092","340130106002",0.825263157894737,0.292938828244687,0.292191435768262,0.976842105263158,0.76,1,0,3
"2093","340130106003",0.880011621150494,0.186955252178991,0.15769770706598,0.987507263219059,0.68,1,1,2
"2094","340130107001",0.942988505747126,0.239427042291831,0.174636174636175,0.970114942528736,0.64,2,0,7
"2095","340130107002",0.557184750733138,NA,0.188449848024316,0.977777777777778,0.68,2,0,7
"2096","340130107003",0.898464163822526,NA,0.205724508050089,1,0.6,1,0,7
"2097","340130108001",0.906128782001552,0.187251250994996,0.184094256259205,1,0.68,3,1,7
"2098","340130108002",0.921885087153002,0.309614761540954,0.149238578680203,0.998714652956298,0.64,4,2,7
"2099","340130109001",0.979513444302177,0.095999616001536,0.168539325842697,0.997439180537772,0.64,4,0,8
"2100","340130109002",0.708333333333333,NA,0.5625,1,0.6,4,2,7
"2101","340130109003",0.380630630630631,NA,0,1,0.72,4,4,7
"2102","340130109004",0.871499176276771,0.218887124451502,0.234184239733629,0.990115321252059,0.68,4,3,8
"2103","340130111001",0.842018650575974,0.0638917444330223,0.102748691099476,1,0.68,1,1,5
"2104","340130111002",0.903908794788274,0.244135023459906,0.234604105571848,0.981541802388708,0.72,1,1,4
"2105","340130112001",0.808011049723757,0.104331582673669,0.0414673046251994,0.973756906077348,0.68,0,0,2
"2106","340130112002",0.879807692307692,0.325354698581206,0.375116063138347,0.995879120879121,0.68,1,0,1
"2107","340130112003",0.892966360856269,0.270714917140331,0.188299817184644,0.86085626911315,0.68,0,0,3
"2108","340130113001",0.680156657963446,0.229807080771677,0.0564399421128799,0.95822454308094,0.76,2,0,3
"2109","340130113002",0.831983805668016,NA,0.33112582781457,0.931174089068826,0.8,0,0,3
"2110","340130113003",0.773022937350223,0.218823124707501,0.211873080859775,0.973675213675214,0.76,1,0,3
"2111","340130114001",1,0.397626409494362,0.576864535768645,0.887052341597796,0.64,0,0,1
"2112","340130114002",0.976704055220017,0.486666053335787,0.428270042194093,0.983175150992235,0.72,0,0,3
"2113","340130114003",0.916281755196305,0.246739013043948,0.271634615384615,1,0.68,0,0,2
"2114","340130115001",0.884444444444444,0.289038843844625,0.124168514412417,0.977777777777778,0.76,0,0,2
"2115","340130115002",0.846594161419576,0.259542961828153,0.132040627885503,0.998855180309101,0.68,0,0,5
"2116","340130116001",0.72654370489174,0.250694997220011,0.25,0.974338412189254,0.76,1,1,2
"2117","340130116002",0.787465940054496,0.252998988004048,0.115027829313544,1,0.68,0,0,2
"2118","340130117001",0.922062350119904,0.232559069763721,0.279346210995542,1,0.72,1,1,6
"2119","340130117002",1,NA,0.222222222222222,0.980613893376414,0.64,2,0,4
"2120","340130117003",0.927251732101617,0.259898960404158,0.120458891013384,1,0.56,2,0,4
"2121","340130117004",0.917824074074074,0.234015063939744,0.188794153471376,1,0.68,0,0,5
"2122","340130118001",0.881578947368421,0.227379090483638,0.222916666666667,1,0.72,3,1,8
"2123","340130118002",0.85099685204617,0.361614553541786,0.293372319688109,0.985834207764953,0.64,2,2,9
"2124","340130119001",0.847908745247148,0.153715385138459,0.269677419354839,0.965779467680608,0.72,0,0,3
"2125","340130119002",0.711111111111111,0.248887004451982,0.1996336996337,1,0.72,0,0,2
"2126","340130120001",0.87017347509793,0.320354718581126,0.0454096742349457,0.944599888080582,0.68,0,0,0
"2127","340130120002",0.908851884312007,NA,0.514806378132118,1,0.6,0,0,0
"2128","340130120003",0.478688524590164,NA,0.144444444444444,1,0.68,0,0,0
"2129","340130120004",0.879360465116279,0.233479066083736,0.0511182108626198,0.976744186046512,0.6,0,0,0
"2130","340130120005",0.88042650418888,NA,0.299447513812155,1,0.64,0,0,0
"2131","340130120006",0.82667731629393,0.279282882868469,0.0553877139979859,0.975679542203147,0.68,0,0,0
"2132","340130121001",0.759605911330049,NA,0.228,0.97192118226601,0.6,0,0,0
"2133","340130121002",0.794017094017094,0.151175395298419,0.0161290322580645,1,0.68,0,0,0
"2134","340130121003",0.793893129770992,NA,0.268488745980707,1,0.76,0,0,0
"2135","340130122001",0.940944881889764,0.237227051091796,0.169197396963124,1,0.6,0,0,1
"2136","340130122002",0.614368290668869,0.194635221459114,0.299159663865546,0.705202312138728,0.56,0,0,1
"2137","340130122003",0.966871746332229,NA,0.268643306379155,0.925698059630857,0.64,0,0,0
"2138","340130122004",0.774373259052925,NA,0,1,0.68,0,0,0
"2139","340130122005",1,0.270306918772325,0.164619164619165,0.930509596293845,0.68,0,0,1
"2140","340130123001",0.892703862660944,0.288874844500622,0.262536873156342,1,0.64,4,1,4
"2141","340130123002",0.932698844323589,0.225371098515606,0.22234273318872,0.987083616587356,0.6,1,0,4
"2142","340130123003",0.92433234421365,NA,0.394648829431438,1,0.6,1,1,4
"2143","340130123004",0.921711899791232,0.339166643333427,0.225085910652921,1,0.56,1,1,4
"2144","340130124001",0.970004224757076,0.074687701249195,0.0714285714285714,0.952682720743557,0.72,0,0,0
"2145","340130124002",0.640973630831643,0.206187175251299,0,1,0.64,0,0,0
"2146","340130124003",0.972222222222222,0.452090191639233,0.122488038277512,1,0.64,0,0,0
"2147","340130124004",0.815972222222222,0.406790372838509,0.194444444444444,0.923611111111111,0.64,0,0,0
"2148","340130125001",0.907586206896552,0.413222347110612,0.412863070539419,1,0.6,3,2,7
"2149","340130125002",1,0.223903104387582,0,1,0.64,3,2,6
"2150","340130125003",0.813380281690141,0.45125019499922,0.579207920792079,1,0.6,3,1,5
"2151","340130125004",0.918181818181818,NA,0.117768595041322,0.964593301435407,0.68,1,0,4
"2152","340130126001",0.947990543735225,0.310338758644965,0.411078717201166,1,0.56,2,0,7
"2153","340130126002",0.823948220064725,0.304598781604874,0.265282583621684,1,0.64,0,0,8
"2154","340130126003",0.924393723252496,0.306150775396898,0.238333333333333,1,0.6,0,0,6
"2155","340130126004",0.915704387990762,0.222735109059564,0.146666666666667,1,0.56,0,0,5
"2156","340130127001",0.958297132927889,0.249615001539994,0.26140350877193,0.841876629018245,0.8,0,0,0
"2157","340130127002",0.947524020694752,0.228235087059652,0.160535117056856,0.988174427198817,0.8,0,0,0
"2158","340130127003",0.869622766379881,0.341562633749465,0.257623554153523,0.949040370615486,0.68,0,0,0
"2159","340130128001",0.699410609037328,0.273698905204379,0.20460358056266,1,0.72,0,0,1
"2160","340130128002",0.642365887207703,0.146979412082352,0.0553435114503817,1,0.68,0,0,0
"2161","340130128003",0.98729446935725,NA,0.273584905660377,0.979073243647235,0.68,0,0,0
"2162","340130128004",0.866228070175439,0.277154891380434,0.199052132701422,1,0.68,0,0,0
"2163","340130129001",0.772468714448237,0.203227187091252,0.266666666666667,0.996587030716723,0.68,1,0,2
"2164","340130129002",0.856314432989691,0.257274970900116,0.238912732474964,1,0.72,0,0,1
"2165","340130129003",0.771907216494845,0.262646949412202,0.528046421663443,1,0.76,0,0,1
"2166","340130130001",0.912725499756217,0.182271270914916,0.387640449438202,0.941004388103364,0.64,0,0,4
"2167","340130131001",0.74236641221374,0.272714909140363,0.331521739130435,1,0.68,1,1,3
"2168","340130131002",0.876683937823834,0.212291150835397,0.128682170542636,1,0.8,1,1,3
"2169","340130132001",0.903985507246377,NA,0.0975056689342404,0.903985507246377,0.64,1,0,10
"2170","340130132002",0.905682483889865,0.283550865796537,0.213097713097713,0.982425307557118,0.6,1,0,7
"2171","340130132003",0.686666666666667,NA,0.288194444444444,1,0.68,1,0,7
"2172","340130133001",0.929012345679012,NA,0.131736526946108,0.972222222222222,0.64,1,1,11
"2173","340130133002",0.531214528944381,0.220331118675525,0.271910112359551,0.864926220204313,0.6,1,0,11
"2174","340130133003",0.730553327987169,0.138459446162215,0.239813736903376,0.980753809141941,0.64,1,0,10
"2175","340130133004",0.916357861302276,0.216427134291463,0.248198558847078,0.999470619375331,0.6,1,1,13
"2176","340130134001",1,0.361454554181783,0.344387755102041,0.24390243902439,0.72,0,0,0
"2177","340130134002",1,0.46937412250351,0.557029177718833,0.284090909090909,0.72,0,0,0
"2178","340130134003",0.98780487804878,0.79435282258871,0.527859237536657,0.0953436807095344,0.52,0,0,0
"2179","340130134004",0.987234042553191,0.572169711321155,0.415915915915916,0.235106382978723,0.64,0,0,0
"2180","340130134005",1,0.691781232875069,0.641791044776119,0.26056338028169,0.64,0,0,0
"2181","340130135001",0.989347536617843,0.54624981500074,0.437269372693727,0.374167776298269,0.64,0,0,0
"2182","340130135002",0.954128440366973,0.937772248911004,0.619246861924686,0.155963302752294,0.64,0,0,0
"2183","340130135003",0.846952010376135,0.676997292010832,0.648695652173913,0.1284046692607,0.56,0,0,0
"2184","340130135004",0.967410983705492,0.414210343158627,0.631679389312977,0.522631261315631,0.64,0,0,0
"2185","340130135005",1,0.465554137783449,0.482328482328482,0.481203007518797,0.64,0,0,0
"2186","340130136001",0.962283044058745,0.816940732237071,0.556756756756757,0.533711615487316,0.56,0,0,0
"2187","340130136002",0.92109634551495,0.421842312630749,0.742110990206746,0.385382059800664,0.72,0,0,0
"2188","340130136003",0.941687344913151,0.248887004451982,0.520871143375681,0.587468982630273,0.72,0,0,0
"2189","340130136004",0.898058252427185,0.276754892980428,0.410490307867731,0.708044382801664,0.68,0,0,0
"2190","340130137001",1,0.38937444250223,0.443697478991597,0.319832402234637,0.6,0,0,0
"2191","340130137002",0.892520427404148,0.411994352022592,0.512068965517241,0.479426433915212,0.56,0,0,0
"2192","340130137003",0.814449917898194,0.343954624181503,0.435779816513761,0.344827586206897,0.6,0,0,0
"2193","340130137004",0.91969887076537,0.191951232195071,0.28343023255814,0.391468005018821,0.6,0,0,0
"2194","340130137005",0.535264483627204,0.374126503493986,0.327433628318584,0.395465994962217,0.64,0,0,0
"2195","340130138001",0.885644768856448,0.740553037787849,0.582169709989259,0.178426601784266,0.56,0,0,0
"2196","340130138002",0.963210702341137,0.405274378902484,0.472727272727273,0.295986622073579,0.6,0,0,0
"2197","340130138003",0.979166666666667,0.581425674297303,0.627906976744186,0.50219298245614,0.64,0,0,0
"2198","340130138004",0.951310861423221,0.782220871116516,0.556410256410256,0.177902621722846,0.6,0,0,0
"2199","340130138005",1,0.557997768008928,0.546652030735456,0.23013698630137,0.56,0,0,0
"2200","340130139001",0.850555081127242,0.475830096679613,0.414868105515588,0.253629376601196,0.68,0,0,0
"2201","340130139002",0.969339622641509,0.636701453194187,0.545279383429672,0.20440251572327,0.64,0,0,0
"2202","340130139003",0.991578947368421,0.485554057783769,0.445714285714286,0.385263157894737,0.56,0,0,0
"2203","340130139004",0.917480998914224,0.37622249511002,0.324528301886792,0.390879478827362,0.6,0,0,0
"2204","340130139005",1,0.428870284518862,0.331991951710262,0.181704260651629,0.56,0,0,0
"2205","340130140001",0.832089552238806,0.454498182007272,0.440060698027314,0.644278606965174,0.64,0,0,0
"2206","340130140002",0.946605644546148,0.375778496886012,0.516966067864271,0.395118230358505,0.6,0,0,0
"2207","340130140003",0.939014202172097,0.38562245751017,0.342161016949153,0.478696741854637,0.64,0,0,0
"2208","340130140004",0.934272300469484,0.384166463334147,0.539906103286385,0.671361502347418,0.64,0,0,0
"2209","340130141001",0.953810623556582,0.35749857000572,0.283387622149837,0.623556581986143,0.6,0,0,0
"2210","340130141002",0.924849699398798,0.28499886000456,0.253711201079622,0.657314629258517,0.56,0,0,0
"2211","340130141003",0.979414093428345,NA,0.373115577889447,0.672209026128266,0.56,0,0,0
"2212","340130142001",0.961318051575931,0.51937392250431,0.429735234215886,0.611747851002865,0.56,0,0,0
"2213","340130142002",0.935511607910576,0.446538213847145,0.358974358974359,0.544282029234738,0.52,0,0,0
"2214","340130142003",0.943123938879457,0.59749761000956,0.349462365591398,0.602671118530885,0.56,0,0,0
"2215","340130142004",0.901360544217687,0.407774368902524,0.387755102040816,0.742176870748299,0.56,0,0,0
"2216","340130143001",0.871067560598247,0.510293958824165,0.430331023864511,0.633316142341413,0.68,0,0,0
"2217","340130143002",0.76056338028169,0.281922872308511,0.184924623115578,0.875160051216389,0.68,0,0,0
"2218","340130143003",0.855721393034826,0.403262386950452,0.0907859078590786,0.907960199004975,0.64,0,0,0
"2219","340130143004",0.833091436865022,0.208035167859329,0.177453027139875,0.847605224963715,0.64,0,0,0
"2220","340130143005",0.928071928071928,0.515149939400242,0.261333333333333,0.735264735264735,0.6,0,0,1
"2221","340130144001",0.879498584714921,0.271506913972344,0.153939393939394,0.761423372422159,0.76,1,1,4
"2222","340130144002",0.645454545454546,0.24749901000396,0.199404761904762,0.832727272727273,0.76,1,1,4
"2223","340130144003",0.793939393939394,0.188031247875008,0.323843416370107,0.92189349112426,0.88,4,3,5
"2224","340130145001",0.823841698841699,0.319762720949116,0.159263959390863,0.793436293436293,0.68,0,0,4
"2225","340130145002",0.86056338028169,NA,0.344954128440367,0.680281690140845,0.68,1,0,4
"2226","340130145003",0.903937007874016,0.210999156003376,0.196172248803828,0.749606299212598,0.76,3,1,5
"2227","340130145004",0.797720797720798,0.264054943780225,0.32741617357002,0.933048433048433,0.68,1,0,5
"2228","340130146001",0.863247863247863,0.360294558821765,0.430247718383312,0.603632478632479,0.64,0,0,2
"2229","340130146002",0.779069767441861,0.24249903000388,0.401759530791789,0.847674418604651,0.6,0,0,2
"2230","340130146003",0.96551724137931,0.388330446678213,0.272511848341232,0.716878402903811,0.52,0,0,1
"2231","340130146004",0.790235081374322,0.360474558101768,0.327840909090909,0.842676311030741,0.64,0,0,0
"2232","340130147001",0.992514310876266,0.22749909000364,0.235069885641677,0.589811155028546,0.8,1,0,1
"2233","340130147002",0.972895863052782,0.355250578997684,0.40228245363766,0.410841654778887,0.6,0,0,1
"2234","340130147003",0.651744186046512,0.34249863000548,0.208860759493671,0.841279069767442,0.68,1,1,1
"2235","340130147004",0.886280264123258,NA,0.154130702836005,0.925898752751284,0.72,1,1,2
"2236","340130147005",1,NA,0.267326732673267,0.737012987012987,0.76,1,0,4
"2237","340130148001",0.916488222698073,0.590553637785449,0.574712643678161,0.149892933618844,0.64,0,0,0
"2238","340130148002",1,0.614481542073832,0.751211631663974,0.691073219658977,0.6,0,0,0
"2239","340130148003",0.990920881971466,0.748257006971972,0.784313725490196,0.408560311284047,0.44,0,0,0
"2240","340130148004",0.982307692307692,0.555997776008896,0.702824858757062,0.471538461538462,0.64,0,0,0
"2241","340130149001",0.993401759530792,0.702893188427246,0.456159822419534,0.337976539589443,0.64,0,0,0
"2242","340130149002",0.972193614830072,0.644613421546314,0.429370629370629,0.327497425334706,0.6,0,0,0
"2243","340130149003",0.995726495726496,0.792560829756681,0.644683714670256,0.613675213675214,0.64,0,0,0
"2244","340130149004",1,0.700865196539214,0.53448275862069,0.408139534883721,0.52,0,0,0
"2245","340130149005",0.966312056737589,0.631997472010112,0.489461358313817,0.521276595744681,0.6,0,0,0
"2246","340130150001",0.921621621621622,0.256610973556106,0.544064093226511,0.483243243243243,0.64,0,0,0
"2247","340130150002",0.994769874476987,0.621665513337947,0.699259259259259,0.378661087866109,0.64,0,0,0
"2248","340130150003",1,0.8249967000132,0.857400722021661,0.455284552845528,0.52,0,0,0
"2249","340130151001",0.903472630959388,0.32749869000524,0.420621931260229,0.386698057680989,0.68,0,0,0
"2250","340130151002",0.953964194373402,0.65687337250651,0.7003367003367,0.753196930946292,0.6,0,0,0
"2251","340130151003",1,NA,0.484005563282337,0.614330874604847,0.64,0,0,0
"2252","340130151004",0.965990843688685,0.435474258102968,0.406988694758479,0.536952256376717,0.6,0,0,0
"2253","340130152001",0.769865841073271,0.273998904004384,0.219001610305958,0.626418988648091,0.6,0,0,0
"2254","340130152002",0.98443579766537,0.383630465478138,0.426829268292683,0.603112840466926,0.6,0,0,0
"2255","340130152003",0.955110497237569,0.374186503253987,0.4972288202692,0.495165745856354,0.76,0,0,0
"2256","340130152004",0.953752181500873,0.263166947332211,0.299261083743842,0.523560209424084,0.64,0,0,0
"2257","340130153001",0.923690773067332,0.296586813652745,0.496551724137931,0.772069825436409,0.64,0,0,0
"2258","340130153002",0.952941176470588,0.410766356934572,0.486024844720497,0.47807486631016,0.68,0,0,0
"2259","340130154001",0.887918486171761,0.316802732789069,0.590733590733591,0.422125181950509,0.64,0,0,0
"2260","340130154002",0.958927074601844,0.447570209719161,0.469150885766646,0.39731768650461,0.68,0,0,0
"2261","340130154003",0.656832298136646,0.267366930532278,0.451688009313155,0.726090283091048,0.76,0,0,0
"2262","340130154004",0.816774837743385,0.27999888000448,0.610035211267606,0.649525711432851,0.76,0,0,0
"2263","340130155001",1,0.550997796008816,0.349907918968692,0.716129032258065,0.64,0,0,0
"2264","340130155002",0.985198889916744,NA,0.345578231292517,0.51063829787234,0.68,0,0,1
"2265","340130155003",1,0.297058811764753,0.420993227990971,0.692375109553024,0.72,0,0,0
"2266","340130155004",1,0.363198547205811,0.43329886246122,0.644097222222222,0.64,0,0,0
"2267","340130156001",1,0.215131139475442,0.578444747612551,0.722530521642619,0.72,0,0,0
"2268","340130156002",1,0.622665509337963,0.566442953020134,0.72310405643739,0.68,0,0,1
"2269","340130156003",1,0.425726297094812,0.703588143525741,0.603274559193955,0.6,0,0,0
"2270","340130156004",0.972785176606833,0.299682801268795,0.478482859226842,0.610306890561668,0.76,0,0,0
"2271","340130157001",0.77068345323741,0.3062507749969,0.268878718535469,0.723350253807107,0.76,0,0,0
"2272","340130157002",0.92838370565046,0.347082611669553,0.555009823182711,0.906044678055191,0.8,0,0,0
"2273","340130158001",0.874280230326296,0.389726441094236,0.193111931119311,0.63531669865643,0.6,0,0,1
"2274","340130158002",0.874848116646416,0.477914088343647,0.433835845896147,0.820170109356015,0.76,0,0,1
"2275","340130158003",0.895773491998359,0.266210935156259,0.39639079029247,0.722199425523184,0.76,0,0,0
"2276","340130159001",0.865900383141762,0.258926964292143,0.247020585048754,0.980204342273308,0.8,0,0,3
"2277","340130159002",0.880208333333333,NA,0.336569579288026,0.889322916666667,0.76,2,0,5
"2278","340130159003",0.798050682261209,0.297674809300763,0.364611260053619,0.844444444444444,0.76,1,0,3
"2279","340130159004",0.814207650273224,0.325166699333203,0.410227272727273,0.750195160031226,0.8,0,0,2
"2280","340130160001",1,1,0.981605351170569,0.143671607753706,0.48,0,0,0
"2281","340130160002",0.938940092165899,0.986068055727777,0.749539594843462,0.277649769585253,0.64,0,0,0
"2282","340130160003",1,1,0.845744680851064,0,0.6,0,0,0
"2283","340130160004",1,0.607609569561722,0.966403162055336,0.520935960591133,0.56,0,0,0
"2284","340130160005",0.953510436432638,0.596537613849545,0.751243781094527,0.189753320683112,0.64,0,0,0
"2285","340130160006",0.983554712207464,1,0.902080783353733,0.123972169512966,0.48,0,0,0
"2286","340130160007",1,0.836952652189391,0.672398968185727,0.449524940617577,0.52,0,0,2
"2287","340130161001",0.98880976602238,1,0.929088277858177,0.230925737538149,0.56,0,0,0
"2288","340130161002",0.992018244013683,0.707853168587326,0.72962226640159,0.312428734321551,0.64,0,0,0
"2289","340130161003",0.984,0.836972652109392,0.659645232815965,0.171636363636364,0.56,0,0,0
"2290","340130161004",0.992857142857143,1,0.766323024054983,0.528571428571429,0.52,0,0,0
"2291","340130162001",0.959871589085072,0.834164663341347,0.855156431054461,0.324237560192616,0.44,0,0,0
"2292","340130162002",0.96520618556701,1,0.834862385321101,0.262886597938144,0.56,0,0,0
"2293","340130162003",1,1,0.832134292565947,0.341753343239227,0.52,0,0,0
"2294","340130162004",1,1,0.822495606326889,0.0262361251261352,0.48,0,0,0
"2295","340130163001",1,0.985712057151771,0.877777777777778,0.161224489795918,0.44,0,0,0
"2296","340130163002",1,0.58812164751341,0.9712,0.540948275862069,0.6,0,0,0
"2297","340130163003",0.978444957659738,0.923328306686773,0.840807174887892,0.111624326404927,0.72,0,0,0
"2298","340130163004",0.990217391304348,1,0.883763837638376,0.227173913043478,0.56,0,0,0
"2299","340130164001",0.947945205479452,NA,0.793969849246231,0.0726027397260274,0.72,0,0,0
"2300","340130164002",0.947873799725652,1,0.792134831460674,0.174211248285322,0.64,0,0,0
"2301","340130164003",1,0.829112683549266,0.775127768313458,0.212814645308924,0.56,0,0,0
"2302","340130164004",0.995266272189349,1,0.932944606413994,0.291715976331361,0.52,0,0,0
"2303","340130165001",1,0.872688509245963,0.876132930513595,0.449645390070922,0.56,0,0,0
"2304","340130165002",0.998477929984779,0.944164223343107,0.733173076923077,0.426179604261796,0.56,0,0,0
"2305","340130165003",0.862135922330097,0.28625085499658,0.613095238095238,0.172815533980583,0.64,0,0,0
"2306","340130165004",1,0.813328746685013,0.811746987951807,0.184317718940937,0.52,0,0,0
"2307","340130165005",1,0.933308266766933,0.883399209486166,0.40938864628821,0.68,0,0,0
"2308","340130166001",0.87533692722372,0.54499782000872,0.553586497890295,0.589622641509434,0.64,0,0,0
"2309","340130166002",1,0.522689909240363,0.721621621621622,0.3125,0.64,0,0,0
"2310","340130166003",0.967708333333333,0.491470034119864,0.719794344473008,0.54375,0.6,0,0,0
"2311","340130167001",0.96028880866426,0.249715001139995,0.657894736842105,0.533393501805054,0.8,0,0,0
"2312","340130167002",0.994252873563218,0.53564985740057,0.664079040225829,0.459195402298851,0.8,0,0,0
"2313","340130168001",0.980085348506401,NA,0.61122244488978,0.405405405405405,0.68,0,0,0
"2314","340130168002",0.973561430793157,0.690365238539046,0.785578747628083,0.532145623547638,0.68,0,0,0
"2315","340130168003",1,0.59249763000948,0.718940936863544,0.307001795332136,0.64,0,0,0
"2316","340130168004",0.968216597998823,0.552953788184847,0.6168,0.571512654502649,0.72,0,0,0
"2317","340130169001",0.996336996336996,1,0.896640826873385,0.244505494505494,0.4,0,0,0
"2318","340130169002",0.961025641025641,0.736109055563778,0.608108108108108,0.491282051282051,0.4,0,0,0
"2319","340130169003",1,0.522997908008368,0.774368231046931,0.215853658536585,0.48,0,0,0
"2320","340130170001",0.975724353954581,0.379166483334067,0.609243697478992,0.548159749412686,0.64,0,0,0
"2321","340130170002",1,0.300714797140811,0.490084985835694,0.781312127236581,0.44,0,0,0
"2322","340130170003",1,0.267378930484278,0.546448087431694,0.352671755725191,0.68,0,0,0
"2323","340130171001",0.919384057971015,0.191175235299059,0.345092024539877,0.906702898550725,0.68,0,0,0
"2324","340130171002",0.886409736308316,0.314898740405038,0.380053908355795,0.790060851926978,0.56,0,0,0
"2325","340130172001",0.990825688073395,0.56499774000904,0.889570552147239,0.394495412844037,0.44,0,0,0
"2326","340130172002",1,0.60749757000972,0.454545454545455,0.738853503184713,0.6,0,0,2
"2327","340130172003",0.983673469387755,NA,0.403708987161198,0.801020408163265,0.48,0,0,2
"2328","340130172004",0.88871096877502,0.756920972316111,0.469730941704036,0.863090472377902,0.52,0,0,0
"2329","340130173011",0.984954513645906,0.507349970600118,0.604790419161677,0.366655371060657,0.52,0,0,0
"2330","340130173012",0.98271054099275,0.66999732001072,0.56763698630137,0.239263803680982,0.44,0,0,0
"2331","340130173013",1,0.533609865560538,0.600414078674948,0.493273542600897,0.6,0,0,0
"2332","340130173021",1,0.655329378682485,0.521831735889244,0.577063550036523,0.52,0,0,0
"2333","340130173022",1,NA,0.697171381031614,0.722356739305892,0.48,0,0,0
"2334","340130173023",1,0.884756460974156,0.623052959501558,0.46509186351706,0.28,0,0,0
"2335","340130173024",0.891125343092406,0.241351034595862,0.719891745602165,0.483074107959744,0.4,0,0,0
"2336","340130173025",1,1,0.683686176836862,0.591226321036889,0.4,0,0,0
"2337","340130173026",0.965451055662188,0.527773888904444,0.619528619528619,0.54510556621881,0.48,0,0,0
"2338","340130174001",0.9920049200492,0.97187211251155,0.541005291005291,0.491783323189288,0.56,0,0,0
"2339","340130174002",0.987584650112867,0.524441902232391,0.597722960151803,0.382618510158014,0.68,0,0,0
"2340","340130174003",0.99166232412715,0.568193727225091,0.668088130774698,0.561229807191245,0.68,0,0,0
"2341","340130174004",0.955307262569832,0.685881256474974,0.614654002713704,0.505027932960894,0.6,0,0,0
"2342","340130175001",0.956236323851203,0.553221787112852,0.520958083832335,0.529540481400438,0.44,0,0,0
"2343","340130175002",1,0.684177263290947,0.682608695652174,0.36472602739726,0.6,2,2,3
"2344","340130175003",0.911047928513404,0.373786504853981,0.535195530726257,0.839561332250203,0.68,1,1,8
"2345","340130175004",0.986602870813397,0.356394574421702,0.563204005006258,0.332057416267943,0.48,0,0,2
"2346","340130175005",1,0.406930372278511,0.807148794679967,0.426459719142646,0.56,1,0,2
"2347","340130176001",0.819148936170213,0.303458786164855,0.267094017094017,0.829787234042553,0.52,0,0,0
"2348","340130176002",0.88051948051948,0.318330726677093,0.304399524375743,0.848484848484849,0.68,0,0,2
"2349","340130176003",0.958442694663167,0.381514473942104,0.199160167966407,0.60933448573898,0.6,0,0,2
"2350","340130176004",0.902985074626866,0.324266702933188,0.452566096423017,0.55543710021322,0.52,0,0,0
"2351","340130177001",0.77035681610247,0.30310678757285,0.161410018552876,0.884720951509607,0.52,1,0,3
"2352","340130177002",0.794299876084263,0.234051063795745,0.206451612903226,0.774473358116481,0.64,0,0,3
"2353","340130177003",0.759281437125748,0.246999012003952,0.0552380952380952,0.71497005988024,0.72,2,1,4
"2354","340130177004",0.720019111323459,0.284102863588546,0.35361488904796,0.863831820353559,0.8,2,1,4
"2355","340130178001",0.765144454799627,0.16999932000272,0.234338747099768,0.638103919781221,0.76,7,1,10
"2356","340130178002",0.959322033898305,0.437854248583006,0.355191256830601,0.864406779661017,0.72,6,0,8
"2357","340130178003",0.835534213685474,0.5374978500086,0.131332082551595,0.993997599039616,0.76,8,6,10
"2358","340130178004",0.736459175424414,0.304770780916876,0.282019704433498,0.85125303152789,0.76,7,6,9
"2359","340130179001",0.912796208530806,0.975512097951608,0.621283255086072,0.509004739336493,0.56,2,0,9
"2360","340130179002",0.919678714859438,0.733833064667741,0.539525691699605,0.528781793842035,0.52,5,0,8
"2361","340130179003",0.990677966101695,NA,0.610966057441253,0.403389830508475,0.64,3,0,8
"2362","340130179004",0.985365853658537,0.520713917144331,0.635062611806798,0.513414634146341,0.52,1,0,5
"2363","340130180001",0.984466019417476,0.572937708249167,0.794247787610619,0.198058252427184,0.6,0,0,3
"2364","340130180002",1,0.984856060575758,0.756388415672913,0.47032967032967,0.52,0,0,3
"2365","340130180003",0.977222222222222,0.564281742873028,0.628286491387126,0.433333333333333,0.56,0,0,0
"2366","340130180004",1,NA,0.764150943396226,0.328467153284672,0.48,0,0,0
"2367","340130180005",0.984804630969609,0.692141231435074,0.732181425485961,0.447901591895803,0.52,0,0,0
"2368","340130180006",1,0.549221803112788,0.648111332007952,0.612002791346825,0.56,0,0,0
"2369","340130181001",0.849894291754757,0.247067011731953,0.275,0.96723044397463,0.72,2,2,3
"2370","340130181002",0.682550805886475,0.186967252130991,0.175690607734807,0.97687456201822,0.76,3,2,4
"2371","340130182001",0.873574144486692,0.156667373330507,0.190848214285714,0.908745247148289,0.8,2,2,5
"2372","340130182002",1,0.12375150499398,0.1525,0.989051094890511,0.76,2,2,5
"2373","340130182003",0.900232018561485,0.450882196471214,0.325471698113208,1,0.72,2,2,5
"2374","340130182004",0.708825182686903,0.189607241571034,0.104433497536946,0.966835300730748,0.72,3,1,5
"2375","340130183001",0.706398996235885,0.185659257362971,0.0418943533697632,1,0.72,1,0,5
"2376","340130183002",0.548060708263069,0.120715517137931,0.130769230769231,0.978077571669477,0.76,2,1,8
"2377","340130183003",0.674201650520273,0.19935920256319,0.207119741100324,0.955507714388231,0.72,3,2,11
"2378","340130184001",0.880609652836579,0.181283274866901,0.219540229885057,0.756985605419136,0.76,2,1,5
"2379","340130184002",0.874730021598272,0.263506945972216,0.182724252491694,1,0.8,2,1,2
"2380","340130186001",0.849172286940527,0.201615193539226,0.163341645885287,0.874310239117106,0.8,5,2,11
"2381","340130186002",0.361702127659574,0.427578289686841,0.0813008130081301,0.852777777777778,0.76,2,2,8
"2382","340130186003",0.942125237191651,NA,0.0809768637532134,0.85673624288425,0.76,3,2,9
"2383","340130186004",0.646009389671361,0.283570865716537,0.261044176706827,0.972769953051643,0.8,6,1,10
"2384","340130186005",0.794906166219839,0.220791116835533,0.283302063789869,1,0.84,7,7,11
"2385","340130187001",0.967895362663496,0.0587237651049396,0.0953002610966057,1,0.6,1,0,2
"2386","340130187002",0.953717754172989,0.342702629189483,0.135064935064935,1,0.64,1,0,6
"2387","340130187003",0.847011952191235,0.148063407746369,0.358148893360161,1,0.68,5,2,10
"2388","340130187004",0.532563025210084,0.166695333218667,0.118980169971671,1,0.72,7,6,11
"2389","340130188001",0.915966386554622,0.350554597781609,0.385633270321361,0.988445378151261,0.6,7,0,9
"2390","340130188002",0.945499587118084,0.554581781672873,0.251318101933216,0.671062271062271,0.72,2,1,10
"2391","340130188003",0.940809968847352,0.364166543333827,0.309552599758162,0.975875486381323,0.56,1,1,9
"2392","340130188004",0.894369706028899,0.195499218003128,0.138815207780725,0.859990034877927,0.6,1,1,3
"2393","340130189001",0.724708171206226,NA,0.22654268808115,1,0.76,8,5,8
"2394","340130189002",0.988662131519274,0.489510041959832,0.333333333333333,0.986394557823129,0.68,3,1,8
"2395","340130189003",0.774079320113314,0.237023051907792,0.109919571045576,0.992917847025496,0.72,3,1,8
"2396","340130189004",0.740667976424361,0.178331286674853,0.093167701863354,0.829076620825147,0.8,8,5,8
"2397","340130190001",0.99352983465133,0.892724429102284,0.825349301397206,0.220704529115744,0.52,1,1,2
"2398","340130190002",0.97628156082632,0.953924184303263,0.866123399301513,0.371078806426932,0.52,1,0,1
"2399","340130190003",1,1,0.931477516059957,0.229781771501926,0.4,0,0,0
"2400","340130190004",1,1,0.857929515418502,0.431034482758621,0.32,0,0,1
"2401","340130191001",1,0.820828716685133,0.549618320610687,0.676904176904177,0.6,2,1,5
"2402","340130191002",1,0.758568965724137,0.656542056074766,0.53198127925117,0.64,1,0,4
"2403","340130191003",0.928088506453596,0.822644709421162,0.80672268907563,0.413030116779348,0.56,0,0,2
"2404","340130191004",0.97283950617284,1,0.757333333333333,0.510493827160494,0.48,0,0,4
"2405","340130192001",0.973011874775099,NA,0.67487684729064,0.447283195394027,0.64,1,0,3
"2406","340130192002",0.941649899396378,0.473074107703569,0.805414551607445,0.27364185110664,0.64,0,0,1
"2407","340130192003",0.922958397534669,0.193635225459098,0.671502590673575,0.349768875192604,0.64,1,0,1
"2408","340130193001",0.988973706530958,0.278998884004464,0.658563535911602,0.205258693808312,0.64,1,1,1
"2409","340130193002",0.923076923076923,0.504441982232071,0.851808634772462,0.424786324786325,0.64,1,1,1
"2410","340130193003",0.987281399046105,0.567057731769073,0.721590909090909,0.450715421303657,0.72,1,1,1
"2411","340130194001",0.971677559912854,1,0.868378812199037,0.227668845315904,0.52,0,0,1
"2412","340130194002",0.995033112582781,1,0.794277929155313,0.144039735099338,0.44,0,0,1
"2413","340130194003",1,0.984152063391746,0.940577249575552,0.142138364779874,0.44,0,0,1
"2414","340130195001",0.983870967741935,0.998328006687973,0.901719901719902,0.111290322580645,0.48,0,0,0
"2415","340130195002",1,0.911108355566578,0.951841359773371,0.189973614775726,0.4,0,0,0
"2416","340130195003",0.982575024201355,0.828328686685253,0.836702954898911,0.317521781219748,0.6,0,0,0
"2417","340130195004",1,1,0.824120603015075,0.0387205387205387,0.48,0,0,0
"2418","340130195005",1,0.850552597789609,0.847953216374269,0.094758064516129,0.6,0,0,1
"2419","340130196001",1,0.734041063835745,0.766146993318486,0.815217391304348,0.68,0,0,1
"2420","340130196002",0.821623731459797,0.413278346886612,0.457767722473605,0.847775175644028,0.64,0,0,1
"2421","340130196003",0.919642857142857,0.341426634293463,0.574803149606299,0.55078125,0.68,0,0,0
"2422","340130196004",1,1,0.773879142300195,0.161747343565525,0.56,0,0,0
"2423","340130196005",1,0.669217323130707,0.515810276679842,0.707898658718331,0.52,0,0,1
"2424","340130197001",0.941873380229545,0.394722421110316,0.524234693877551,0.95149944465013,0.76,0,0,0
"2425","340130197002",0.927951388888889,0.347578609685561,0.473019517795637,0.910590277777778,0.72,0,0,0
"2426","340130197003",0.997687861271676,0.63249747001012,0.493421052631579,0.327167630057803,0.6,0,0,0
"2427","340130197004",1,0.67249731001076,0.653295128939828,0.654580152671756,0.6,0,0,0
"2428","340130197005",1,NA,0.580427446569179,0.655480984340045,0.6,0,0,0
"2429","340130198001",1,0.937496250015,0.759927797833935,0.285977859778598,0.64,0,0,0
"2430","340130198002",1,0.79499682001272,0.72265625,0.276238455079765,0.56,0,0,0
"2431","340130198003",0.920520231213873,0.528997884008464,0.488029465930018,0.689306358381503,0.64,0,0,0
"2432","340130199001",0.919124643196955,0.425154299382802,0.771317829457364,0.225378787878788,0.68,0,0,0
"2433","340130199002",0.990804597701149,1,0.860824742268041,0.195402298850575,0.52,0,0,0
"2434","340130199003",0.991482112436116,1,0.906914893617021,0.152284263959391,0.56,0,0,0
"2435","340130200001",0.957551826258638,1,0.931034482758621,0.244817374136229,0.56,0,0,0
"2436","340130200002",1,1,0.957564575645756,0.421978021978022,0.52,0,0,0
"2437","340130200003",0.989596879063719,1,0.927505330490405,0.446033810143043,0.52,0,0,0
"2438","340130200004",0.981751824817518,1,0.946850393700787,0.59367396593674,0.6,0,0,0
"2439","340130200005",1,1,0.909302325581395,0.174142480211082,0.52,0,0,0
"2440","340130200006",0.990877192982456,1,0.927015250544662,0.397894736842105,0.56,0,0,0
"2441","340130200007",1,1,0.939209726443769,0.072463768115942,0.48,0,0,0
"2442","340130201001",1,1,0.838383838383838,0.61968085106383,0.56,0,0,0
"2443","340130201002",0.99585308056872,1,0.712962962962963,0.541469194312796,0.44,0,0,0
"2444","340130201003",0.987854251012146,1,0.924072476272649,0.475708502024291,0.48,0,0,0
"2445","340130201004",1,1,0.980036297640653,0.391468005018821,0.48,0,0,0
"2446","340130202001",1,1,0.932515337423313,0.341212744090442,0.52,0,0,0
"2447","340130202002",0.979317476732161,0.959112163551346,0.91,0.789038262668046,0.68,0,0,0
"2448","340130202003",0.966067864271457,1,0.806853582554517,0.344311377245509,0.56,0,0,0
"2449","340130202004",0.997335109926715,0.988700045199819,0.830010493179433,0.439040639573618,0.68,0,0,0
"2450","340130202005",0.984195402298851,1,0.904555314533623,0.366379310344828,0.56,0,0,0
"2451","340130203001",0.937619961612284,0.849420602317591,0.709677419354839,0.630518234165067,0.68,0,0,0
"2452","340130203002",0.855504587155963,0.358330566677733,0.755846585594013,0.626146788990826,0.84,0,0,0
"2453","340130203003",0.955804360636417,1,0.832275611967362,0.806717737183265,0.76,0,0,0
"2454","340130203004",0.994291151284491,0.90499638001448,0.945990180032733,0.627021883920076,0.64,0,0,0
"2455","340130204001",1,0.610585557657769,0.700716845878136,0.420047732696897,0.6,0,0,0
"2456","340130204002",1,0.83499666001336,0.642317380352645,0.49607250755287,0.68,0,0,0
"2457","340130204003",1,1,0.86604774535809,0.212099125364431,0.64,0,0,0
"2458","340130204004",0.965432098765432,0.962220151119396,0.766398158803222,0.217283950617284,0.68,0,0,0
"2459","340130205001",1,1,0.824534161490683,0.559183673469388,0.48,0,0,0
"2460","340130205002",0.985960689931809,1,0.890251379521766,0.308864821500201,0.6,0,0,0
"2461","340130205003",1,0.59499762000952,0.689681923972071,0.537770734284205,0.72,0,0,0
"2462","340130205004",1,0.936664253342987,0.625322997416021,0.446837146702557,0.48,0,0,0
"2463","340130205005",1,0.674873300506798,0.709039548022599,0.4031465093412,0.64,0,0,0
"2464","340130206001",1,0.83624865500538,0.833333333333333,0.48951048951049,0.6,0,0,0
"2465","340130206002",0.998492840994725,1,0.80952380952381,0.249811888638074,0.56,0,0,0
"2466","340130206003",1,0.624229503081988,0.770609318996416,0.356589147286822,0.64,0,0,0
"2467","340130206004",1,0.835748657005372,0.504258943781942,0.259259259259259,0.52,0,0,0
"2468","340130206005",0.992789794786467,0.595585617657529,0.744927536231884,0.494198312236287,0.68,0,0,0
"2469","340130207001",1,0.729165083339667,0.735973597359736,0.508522727272727,0.76,0,0,0
"2470","340130207002",0.993820803295572,0.618633525465898,0.684292379471229,0.501544799176107,0.64,0,0,0
"2471","340130207003",1,0.726665093339627,0.847437425506555,0.389830508474576,0.56,0,0,0
"2472","340130207004",0.963864886095837,0.497726009095964,0.596736596736597,0.403770620581304,0.6,0,0,0
"2473","340130207005",1,0.639089443642225,0.703296703296703,0.255813953488372,0.64,0,0,0
"2474","340130208001",0.987600291757841,0.715665137339451,0.609227871939736,0.531728665207877,0.72,0,0,0
"2475","340130208002",0.97711908476339,0.826536693853225,0.688330871491876,0.357774310972439,0.64,0,0,0
"2476","340130208003",0.987291501191422,1,0.869867340492735,0.478951548848292,0.52,0,0,0
"2477","340130208004",0.888246628131021,0.653177387290451,0.724070450097847,0.469991173874669,0.6,0,0,0
"2478","340130209011",0.996706915477497,1,0.793286219081272,0.185510428100988,0.6,0,0,0
"2479","340130209012",0.989399293286219,1,0.841849148418491,0.0989399293286219,0.52,0,0,0
"2480","340130209013",0.995079950799508,0.901664393342427,0.771488469601677,0.337023370233702,0.64,0,0,0
"2481","340130209021",0.995271867612293,0.599133603465586,0.727112676056338,0.281323877068558,0.48,0,0,0
"2482","340130209022",0.968584251325989,0.556485774056904,0.531717380092831,0.200734394124847,0.68,0,0,0
"2483","340130209023",0.926844014510278,0.525665897336411,0.711627906976744,0.371221281741233,0.72,0,0,0
"2484","340130209024",0.966141732283465,0.366314534741861,0.655293088363955,0.166141732283465,0.64,0,0,0
"2485","340130210001",1,0.83374866500534,0.803782505910166,0.200600085726532,0.6,0,0,0
"2486","340130210002",1,NA,0.385593220338983,0.165784832451499,0.76,0,0,0
"2487","340130210003",0.989254533243788,0.36315454738181,0.51905487804878,0.104768300873069,0.56,0,0,0
"2488","340130210004",1,0.90937236251055,0.819214876033058,0.116610738255034,0.6,0,0,0
"2489","340130211001",1,0.252854988580046,0.487856388595565,0.0903225806451613,0.72,0,0,0
"2490","340130211002",1,0.765828936684253,0.606185567010309,0.144853875476493,0.72,0,0,0
"2491","340130211003",0.978328173374613,1,0.836858006042296,0.319917440660475,0.56,0,0,0
"2492","340130211004",1,0.616489534041864,0.729241877256318,0.262074425969913,0.68,0,0,0
"2493","340130211005",1,0.601537593849625,0.772616136919315,0.149436090225564,0.6,0,0,0
"2494","340130212001",1,0.686997252010992,0.776765375854214,0.13166144200627,0.56,0,0,0
"2495","340130212002",0.990153846153846,0.48999804000784,0.649228130360206,0.161846153846154,0.72,0,0,0
"2496","340130212003",0.967123287671233,0.5062499750001,0.701365187713311,0.224657534246575,0.68,0,0,0
"2497","340130212004",1,0.900764396942412,0.797530864197531,0.028735632183908,0.68,0,0,0
"2498","340130213001",1,0.49499802000792,0.727272727272727,0.120720720720721,0.64,0,0,0
"2499","340130213002",0.994552882433046,0.699413202347191,0.700803212851406,0.108603066439523,0.68,0,0,0
"2500","340130213003",0.997457627118644,0.418886324454702,0.602162162162162,0.283898305084746,0.52,0,0,0
"2501","340130213004",0.982558139534884,0.438458246167015,0.460431654676259,0.406565656565657,0.72,0,0,0
"2502","340130213005",1,0.542749829000684,0.486749116607774,0.227303754266212,0.72,0,0,0
"2503","340130214001",1,0.903328386686453,0.757489300998573,0.208677685950413,0.52,0,0,0
"2504","340130214002",1,0.510585957656169,0.622350674373796,0.17693522906793,0.56,0,0,0
"2505","340130214003",1,0.4874980500078,0.659541984732824,0.285356695869837,0.64,0,0,0
"2506","340130214004",0.855633802816901,0.663213347146611,0.293706293706294,0.188380281690141,0.64,0,0,0
"2507","340130214005",0.97910447761194,0.50812196751213,0.690934065934066,0.361498257839721,0.8,0,0,0
"2508","340130214006",1,0.80374878500486,0.345468628969791,0.18755980861244,0.6,0,0,0
"2509","340130216011",0.979989738327347,0.309274762900948,0.53324889170361,0,0.72,0,0,0
"2510","340130216012",1,0.72999708001168,0.77020202020202,0.305114638447972,0.76,0,0,0
"2511","340130216013",1,0.392438430246279,0.678571428571429,0,0.76,0,0,0
"2512","340130216014",1,0.507165971336115,0.5819774718398,0.0925925925925926,0.72,0,0,0
"2513","340130216015",0.860040567951318,0.425098299606802,0.477256822953114,0.0877281947261663,0.72,0,0,0
"2514","340130216016",1,0.713389146443414,0.385496183206107,0.251847640704946,0.56,0,0,0
"2515","340130216021",0.869936034115139,1,0.81625,0.134328358208955,0.56,0,0,0
"2516","340130216022",1,1,0.751306165099269,0.172666666666667,0.4,0,0,0
"2517","340130216023",1,0.688861244555022,0.804289544235925,0.109845031905196,0.52,0,0,0
"2518","340130216024",1,NA,0.679727427597956,0.304948216340621,0.32,0,0,0
"2519","340130216025",0.912811387900356,0.784468862124551,0.745602165087957,0.220640569395018,0.52,0,0,0
"2520","340130217011",0.977338756536897,NA,0.581908831908832,0.328297501452644,0.64,0,0,0
"2521","340130217012",0.962059620596206,0.483330066679733,0.560606060606061,0.29810298102981,0.6,0,0,0
"2522","340130217013",0.992,0.640905436378254,0.662835249042146,0.170666666666667,0.64,0,0,0
"2523","340130217014",0.978260869565217,0.357102571589714,0.663176265270506,0.278772378516624,0.56,0,0,0
"2524","340130217021",0.98372513562387,0.475882096471614,0.781838316722038,0.150994575045208,0.68,0,0,0
"2525","340130217022",0.964980544747082,0.580713677145291,0.620669406928949,0.423259835711198,0.68,0,0,0
"2526","340130217023",0.913282863041982,0.19938720245119,0.420977011494253,0.437794216543376,0.68,0,0,0
"2527","340130218011",0.996648044692737,0.597285610857557,0.812406576980568,0.103351955307263,0.48,0,0,0
"2528","340130218012",0.990588235294118,0.616665533337867,0.558855885588559,0.103529411764706,0.52,0,0,0
"2529","340130218021",1,0.746069015723937,0.607954545454545,0.253333333333333,0.8,0,0,0
"2530","340130218022",0.960380348652932,0.531817872728509,0.595169082125604,0.159298780487805,0.6,0,0,0
"2531","340130218023",0.989311163895487,0.433390266438934,0.453869047619048,0.28978622327791,0.8,0,0,0
"2532","340130218031",1,0.719541121835513,0.647482014388489,0.138144329896907,0.44,0,0,0
"2533","340130218032",0.99244060475162,0.597725609097564,0.647411852963241,0.076133909287257,0.48,0,0,0
"2534","340130218033",1,0.39309842760629,0.631284916201117,0.305456702253855,0.76,0,0,0
"2535","340130227001",0.971169686985173,0.0957436170255319,0.164383561643836,0.978583196046129,0.8,5,4,21
"2536","340130227002",0.803763440860215,0.0812516749933,0.139664804469274,0.94489247311828,0.76,9,2,18
"2537","340130227003",0.958986731001206,0.331954672181311,0.349019607843137,0.966224366706876,0.76,6,2,27
"2538","340130228001",0.908144519289651,0.0726317094731621,0.243668122270742,0.953459889773423,0.76,6,3,12
"2539","340130228002",0.714285714285714,0.18875124499502,0.42,1,0.6,4,3,11
"2540","340130229001",0.973282442748092,0.175091299634801,0.400591278640059,0.953721374045801,0.72,10,6,17
"2541","340130229002",0.89432703003337,0.343702625189499,0.451235370611183,0.807563959955506,0.92,10,5,16
"2542","340130229003",0.997131382673551,0.26815492738029,0.533742331288344,0.730923694779116,0.84,9,5,15
"2543","340130230001",0.906815761448349,0.0470398118407526,0.153405017921147,1,0.68,5,3,20
"2544","340130230002",0.889132020423049,NA,0.137435897435897,0.984,0.68,10,6,17
"2545","340130231001",0.852813852813853,0.18372326510694,0.0981012658227848,1,0.64,8,7,14
"2546","340130231002",0.871161548731642,0.236767052931788,0.205583756345178,1,0.76,9,8,15
"2547","340130232001",0.759197324414716,0.122647509409962,0.138523761375126,0.995317725752508,0.72,10,5,20
"2548","340130232002",0.931226765799256,0.0848836604653581,0.123873873873874,1,0.76,6,3,17
"2549","340130232003",0.856060606060606,0.141471434114264,0,1,0.68,4,2,19
"2550","340139801001",1,NA,0.0252447192168985,0.783505154639175,0.92,17,6,34
"2551","340139802001",NA,NA,NA,NA,0.88,21,17,46
"2552","340155001001",0.950301204819277,0.440830236679053,0.290441176470588,0.0180722891566265,0.8,0,0,0
"2553","340155001002",0.93923145665773,0.467750128999484,0.225995316159251,0.35656836461126,0.92,0,0,0
"2554","340155001003",0.861085556577737,NA,0.1484375,0.3081876724931,0.88,0,0,0
"2555","340155001004",0.898293029871977,0.163907344370623,0.0977683315621679,0.470839260312945,0.92,0,0,0
"2556","340155002011",0.979491386382281,0.5249979000084,0.323076923076923,0.105478331970564,0.72,0,0,0
"2557","340155002012",0.956801470588235,0.29626681493274,0.163493840985442,0.321691176470588,0.84,0,0,0
"2558","340155002021",0.98932831136221,0.482058071767713,0.333659491193738,0.109855618330195,0.8,0,0,0
"2559","340155002022",0.963552021206097,0.308362766548934,0.252535496957404,0.243870112657389,0.68,0,0,0
"2560","340155002023",1,NA,0.229166666666667,0.0990371389270977,0.84,0,0,0
"2561","340155002024",0.962933118452861,0.225127099491602,0.255813953488372,0.484286865431104,0.76,0,0,0
"2562","340155002031",0.983316481294237,0.425554297782809,0.382666666666667,0.190596562184024,0.72,0,0,0
"2563","340155002032",0.943579766536965,0.275490898036408,0.464675892206846,0.120622568093385,0.52,0,0,0
"2564","340155002033",0.84983878397052,0.694193223227107,0.310258023914412,0.133578995854445,0.64,0,0,0
"2565","340155002041",0.940376569037657,0.28249887000452,0.206030150753769,0.154811715481172,0.72,0,0,0
"2566","340155002042",1,0.742269030923876,0.585953878406709,0.322241681260946,0.72,0,0,0
"2567","340155002043",1,NA,0,0,0.76,0,0,0
"2568","340155002044",0.980519480519481,0.238331046675813,0.407511737089202,0.131313131313131,0.68,0,0,0
"2569","340155002045",1,0.535713857144571,0.453212290502793,0.34769364664926,0.64,0,0,0
"2570","340155002046",NA,NA,NA,NA,0.64,0,0,0
"2571","340155002047",NA,NA,NA,NA,0.72,0,0,0
"2572","340155002051",0.963906581740977,0.362342550629797,0.303898170246619,0.223991507430998,0.8,0,0,0
"2573","340155002052",NA,NA,NA,NA,0.68,1,1,1
"2574","340155002053",0.96875,0.213043147827409,0.250769230769231,0.0440340909090909,0.76,0,0,1
"2575","340155003001",0.8998998998999,0.303998784004864,0.199158485273492,0.0580580580580581,0.76,0,0,0
"2576","340155003002",0.969827586206897,0.343886624453502,0.223880597014925,0.0705128205128205,0.68,0,0,0
"2577","340155003003",0.964125560538117,0.333330666677333,0.15182755388941,0.166559897501602,0.64,0,0,0
"2578","340155004001",0.933937133724028,0.216999132003472,0.0815480304077402,0.877996803409696,0.92,0,0,0
"2579","340155004002",1,0.344614621541514,0.092948717948718,0.928977272727273,0.64,0,0,0
"2580","340155004003",1,0.206147175411298,0.200918484500574,0.820846905537459,0.8,0,0,0
"2581","340155004004",1,0.425474298102808,0.315032679738562,0.347349177330896,0.76,0,0,1
"2582","340155004005",0.861630516080778,0.186643253426986,0.149080348499516,0.165295437546746,0.8,1,1,1
"2583","340155005001",0.949711891042431,0.32749869000524,0.231338264963013,0.0832896804609743,0.68,0,0,0
"2584","340155005002",0.976501305483029,0.373330506677973,0.282624369142033,0.209399477806789,0.72,0,0,0
"2585","340155005003",NA,NA,NA,NA,0.64,0,0,0
"2586","340155005004",0.959890610756609,0.373434506261975,0.384792626728111,0.255241567912489,0.52,0,0,0
"2587","340155006011",1,0.489046043815825,0.270680628272251,0.235582359592914,0.64,0,0,0
"2588","340155006012",1,0.475190099239603,0.311268715524035,0.0208473436449227,0.52,0,0,0
"2589","340155006013",0.986570247933884,0.615497538009848,0.422427035330261,0.0273760330578512,0.4,0,0,0
"2590","340155006014",0.983320095313741,0.470678117287531,0.454940282301846,0.257347100873709,0.72,0,0,0
"2591","340155006021",1,0.548081807672769,0.439684329199549,0.210290827740492,0.48,0,0,0
"2592","340155006022",0.969291338582677,0.638233447066212,0.58258642765685,0.159842519685039,0.44,0,0,0
"2593","340155006023",0.989337822671156,0.782796868812525,0.671698113207547,0.218294051627385,0.52,0,0,0
"2594","340155007021",0.97708674304419,0.382102471590114,0.46875,0.0752864157119476,0.4,0,0,0
"2595","340155007022",0.957605057642246,0.52124191503234,0.32761231701161,0.0691706954258089,0.52,0,0,0
"2596","340155007023",0.966625966625967,0.417882328470686,0.305263157894737,0.0488400488400488,0.56,0,0,0
"2597","340155007031",0.983161833489242,0.56937372250511,0.478679504814305,0.0458372310570627,0.24,0,0,0
"2598","340155007032",0.974358974358974,0.327726689093244,0.373033707865169,0.145299145299145,0.56,0,0,0
"2599","340155007041",0.8828125,0.81499674001304,0.335593220338983,0.263020833333333,0.44,0,0,0
"2600","340155007042",0.965194109772423,0.24499902000392,0.238593155893536,0.0649263721552878,0.64,0,0,0
"2601","340155007043",1,0.647165411338355,0.524788391777509,0.104382470119522,0.56,0,0,0
"2602","340155007051",0.809556313993174,0.419878320486718,0.208619000979432,0.10580204778157,0.44,0,0,0
"2603","340155007052",0.963028169014085,0.451426194295223,0.306353350739774,0.147300469483568,0.6,0,0,0
"2604","340155007053",0.986624203821656,0.40125039499842,0.46234509056244,0.156687898089172,0.36,0,0,0
"2605","340155008001",0.975515463917526,0.506997972008112,0.551537070524412,0.0347938144329897,0.48,0,0,0
"2606","340155008002",1,0.469662121351515,0.584040747028862,0.00957446808510638,0.52,0,0,0
"2607","340155008003",0.985915492957746,0.695273218907124,0.599406528189911,0.0885311871227364,0.48,0,0,0
"2608","340155009001",0.902925531914894,0.48625005499978,0.290441176470588,0.139627659574468,0.64,0,0,0
"2609","340155009002",0.978260869565217,0.55187379250483,0.5,0.0703324808184143,0.6,0,0,0
"2610","340155009003",0.95186136071887,0.369714521141915,0.22792937399679,0.0917843388960205,0.76,0,0,0
"2611","340155010011",0.901006711409396,0.291818832724669,0.235294117647059,0.388422818791946,0.8,0,0,0
"2612","340155010012",0.973268529769137,0.35499858000568,0.144067796610169,0.421628189550425,0.76,0,0,0
"2613","340155010021",0.879253567508233,NA,0.28629579375848,0.377607025246981,0.8,0,0,0
"2614","340155010022",0.847696879643388,0.105167579329683,0.206195546950629,0.551263001485884,0.84,0,0,0
"2615","340155010023",0.858864027538726,0.286574853700585,0.338058887677208,0.677280550774527,0.76,0,0,0
"2616","340155010031",1,0.446702213191147,0.511627906976744,0.15843179377014,0.84,0,0,0
"2617","340155010032",0.942171303873432,0.487270050919796,0.291891891891892,0.513366066557556,0.84,0,0,0
"2618","340155010033",0.901408450704225,0.349262602949588,0.329721362229102,0.360328638497653,0.76,0,0,0
"2619","340155011011",0.965686274509804,0.436490254038984,0.327479338842975,0.268790849673203,0.76,0,0,0
"2620","340155011012",0.86646884272997,0.128443486226055,0.143157894736842,0.498516320474777,0.76,0,0,0
"2621","340155011013",0.950113378684807,0.135463458146167,0.126382306477093,0.109363831308077,0.64,0,0,0
"2622","340155011021",0.925436277102062,0.142587429650281,0.307097680955727,0.588048651507139,0.72,0,0,0
"2623","340155011022",1,0.700321198715205,0.292051756007394,0.018957345971564,0.56,0,0,0
"2624","340155011023",0.98056743101438,0.563821744713021,0.482631578947368,0.39117199391172,0.56,0,0,0
"2625","340155011024",NA,NA,NA,NA,0.52,0,0,0
"2626","340155011025",1,0.522913908344367,0.416593115622242,0.174148606811146,0.48,0,0,0
"2627","340155011031",0.982800982800983,0.599725601097596,0.276236429433052,0.314420803782506,0.4,0,0,0
"2628","340155011032",0.972715736040609,0.494442022231911,0.423300970873786,0.378807106598985,0.72,0,0,0
"2629","340155011033",NA,NA,NA,NA,0.64,0,0,0
"2630","340155011034",0.975770020533881,0.333998664005344,0.230154197601371,0.137987679671458,0.76,0,0,0
"2631","340155011041",0.894389438943894,0.46499814000744,0.234828496042216,0.154121863799283,0.64,0,0,0
"2632","340155011042",0.965486725663717,0.429710281158875,0.267622461170848,0.219469026548673,0.44,0,0,0
"2633","340155011043",0.935943060498221,0.301498794004824,0.173773987206823,0.346619217081851,0.64,0,0,0
"2634","340155011051",0.948415164698571,0.308458766164935,0.256430868167203,0.194597912829957,0.6,0,0,0
"2635","340155011052",0.956856702619414,0.27812288750845,0.213646532438479,0.272727272727273,0.68,0,0,0
"2636","340155011061",0.973062381852552,0.388046447814209,0.46039970392302,0.395414131960693,0.56,0,0,0
"2637","340155011062",0.995680345572354,0.476666093335627,0.330805687203791,0.780777537796976,0.56,0,0,0
"2638","340155011063",NA,NA,NA,NA,0.52,0,0,0
"2639","340155011064",0.982494529540481,0.305998776004896,0.163900414937759,0.105769230769231,0.6,0,0,0
"2640","340155011071",0.972058244785518,0.448938204247183,0.194134897360704,0.0121999212908304,0.64,0,0,0
"2641","340155011072",0.967340067340067,0.33499866000536,0.166848418756816,0.286531986531987,0.56,0,0,0
"2642","340155012011",0.970808678500986,0.656561373754505,0.481261154074955,0.196844181459566,0.44,0,0,0
"2643","340155012012",0.978187919463087,0.347962608149567,0.523908523908524,0.110738255033557,0.52,0,0,0
"2644","340155012013",1,0.709713161147355,0.492105263157895,0.112305212251478,0.36,0,0,0
"2645","340155012021",0.988392857142857,0.613885544457822,0.583697234352256,0.126785714285714,0.36,0,0,0
"2646","340155012022",0.978134110787172,0.534025863896544,0.382867132867133,0.0787172011661808,0.36,0,0,0
"2647","340155012023",1,0.513957944168223,0.543859649122807,0.120309050772627,0.4,0,0,0
"2648","340155012024",0.960654062340317,0.5874976500094,0.469160104986877,0.155339805825243,0.28,0,0,0
"2649","340155012031",0.917976424361493,0.348950604197583,0.296522269676632,0.107563850687623,0.48,0,0,0
"2650","340155012032",0.99351911860013,0.347726609093564,0.271694214876033,0.0998055735580039,0.52,0,0,0
"2651","340155012041",0.922505307855626,0.475182099271603,0.42330383480826,0.345010615711253,0.52,0,0,0
"2652","340155012042",0.987862440997977,0.41312234751061,0.311425682507583,0.138233310856372,0.48,0,0,0
"2653","340155012043",0.961280714817573,0.441498234007064,0.394605394605395,0.128816083395383,0.32,0,0,0
"2654","340155012051",0.968634686346863,0.205467178131287,0.355932203389831,0.284319707138499,0.44,0,0,0
"2655","340155012052",0.975867269984917,0.33812264750941,0.426934097421203,0.180995475113122,0.48,0,0,0
"2656","340155012061",0.980842911877395,NA,0.567610062893082,0.34610472541507,0.52,0,0,0
"2657","340155012062",0.889921372408863,0.266942932228271,0.258938244853738,0.41458184417441,0.4,0,0,0
"2658","340155012063",0.993589743589744,0.47875008499966,0.314130434782609,0.0525437864887406,0.36,0,0,0
"2659","340155012064",0.861088545897644,0.68812124751501,0.648,0.0211210398050366,0.28,0,0,0
"2660","340155012081",0.987008024455483,0.335166659333363,0.391544117647059,0.165456629728697,0.36,0,0,0
"2661","340155012082",0.964922369177688,0.45499818000728,0.352569169960474,0.11328349626222,0.32,0,0,0
"2662","340155012091",0.820204449789537,0.301322794708821,0.158341187558907,0.469633193024654,0.52,0,0,0
"2663","340155012092",0.983248361252731,0.235943056227775,0.556438791732909,0.0881281864530226,0.48,0,0,0
"2664","340155012093",0.989728096676737,NA,0.409638554216867,0.144410876132931,0.6,0,0,0
"2665","340155012094",0.996228194247996,0.49125003499986,0.508513931888545,0.178689297501179,0.44,0,0,0
"2666","340155012101",0.99147947327653,0.60999756000976,0.384971098265896,0.0650658404337723,0.28,0,0,0
"2667","340155012102",0.990540540540541,0.524861900552398,0.400191021967526,0.106081081081081,0.32,0,0,0
"2668","340155012103",1,0.539113843544626,0.425566343042071,0.0738636363636364,0.16,0,0,0
"2669","340155012121",0.94676960585128,0.336630653477386,0.430499325236167,0.458756603006908,0.28,0,0,0
"2670","340155012122",0.989172467130704,0.475766096935612,0.426070038910506,0.093558282208589,0.16,0,0,0
"2671","340155012131",1,0.369166523333907,0.496882793017456,0.167761717038984,0.32,0,0,0
"2672","340155012132",0.986786219915054,0.458330166679333,0.463139120095125,0.117980179329873,0.24,0,0,0
"2673","340155013011",0.924086223055295,0.347270610917556,0.379354838709677,0.0402999062792877,0.6,0,0,0
"2674","340155013012",0.967640918580376,0.51438994244023,0.265878877400295,0.0219206680584551,0.64,0,0,0
"2675","340155013013",0.899676375404531,0.517945928216287,0.542271562766866,0.0750809061488673,0.56,0,0,0
"2676","340155013021",1,0.220831116675533,0.365691489361702,0.109034267912773,0.56,0,0,0
"2677","340155013022",0.973972602739726,0.317774728901084,0.382938388625592,0.0602739726027397,0.48,0,0,0
"2678","340155013031",0.95852534562212,0.43499826000696,0.473372781065089,0.0138248847926267,0.44,0,0,0
"2679","340155013032",1,0.196111215555138,0.323485967503693,0.183252427184466,0.4,0,0,0
"2680","340155013033",1,0.4499982000072,0.560906515580737,0.0973214285714286,0.44,0,0,0
"2681","340155014021",0.957619477006312,0.317058731765073,0.515451174289246,0.421100090171325,0.56,0,0,0
"2682","340155014022",NA,NA,NA,NA,0.12,0,0,0
"2683","340155014023",0.936964504283966,0.221539113843545,0.183304647160069,0.538135593220339,0.32,0,0,0
"2684","340155014031",0.992293744333635,0.402914388342447,0.489517819706499,0.203989120580236,0.32,0,0,0
"2685","340155014032",0.965397923875433,NA,0.339024390243902,0.498316498316498,0.36,0,0,0
"2686","340155014033",0.98806893504198,0.29249883000468,0.401285583103765,0.376933274414494,0.4,0,0,0
"2687","340155014041",0.987048398091343,NA,0.458333333333333,0.41854124062713,0.6,0,0,0
"2688","340155014042",0.943644333124609,0.192143231427074,0.429139072847682,0.271759549154665,0.68,0,0,0
"2689","340155014051",0.908369694565649,0.586717653129388,0.498652291105121,0.231102362204724,0.44,0,0,0
"2690","340155014052",0.929790346172599,0.39749841000636,0.361275964391691,0.335446123842028,0.44,0,0,0
"2691","340155014061",0.93159711327267,0.198819204723181,0.310890194306371,0.54094759962347,0.56,0,0,0
"2692","340155014062",0.915938864628821,NA,0.448717948717949,0.213973799126638,0.48,0,0,0
"2693","340155014063",0.961448598130841,0.46499814000744,0.505529225908373,0.0397196261682243,0.56,0,0,0
"2694","340155015011",0.968650031989763,0.445998216007136,0.228430566967954,0.102709514807813,0.44,0,0,0
"2695","340155015012",0.967977528089888,0.264266942932228,0.19482619240097,0.42752808988764,0.28,0,0,0
"2696","340155015021",0.951486697965571,0.411998352006592,0.182669789227166,0.423474178403756,0.44,0,0,0
"2697","340155015022",0.951317552478785,0.367706529173883,0.214104193138501,0.351942831621259,0.32,0,0,0
"2698","340155016031",0.949501661129568,0.221399114403542,0.208618331053352,0.0292358803986711,0.36,0,0,0
"2699","340155016032",0.814965986394558,0.299906800372798,0.261041529334212,0.150113378684807,0.52,0,0,0
"2700","340155016033",0.99438202247191,0.708497166011336,0.259259259259259,0.16091492776886,0.52,0,0,0
"2701","340155016041",0.822746521476104,0.227955088179647,0.285836909871245,0.322830292979547,0.48,0,0,0
"2702","340155016042",0.918414918414918,0.380330478678085,0.370915032679739,0.177156177156177,0.28,0,0,0
"2703","340155016043",0.951754385964912,0.498330006679973,0.351992409867173,0.139097744360902,0.52,0,0,0
"2704","340155016044",0.957622454595487,0.282270870916516,0.29156010230179,0.377379010331702,0.32,0,0,0
"2705","340155016045",0.992467043314501,NA,0.121495327102804,0.0583804143126177,0.52,0,0,0
"2706","340155016051",0.881653746770026,0.563821744713021,0.20156862745098,0.355038759689922,0.28,0,0,0
"2707","340155016052",0.883283877349159,0.212855148579406,0.162972620599739,0.536102868447082,0.4,0,0,0
"2708","340155016053",0.963414634146341,0.234615061539754,0.158380681818182,0.0801393728222996,0.32,0,0,0
"2709","340155016061",0.95873786407767,0.445306218775125,0.504273504273504,0.00482509047044632,0.32,0,0,0
"2710","340155016062",0.958384332925337,0.325214699141203,0.2096,0.143206854345165,0.28,0,0,0
"2711","340155016063",0.921787709497207,0.580765676937292,0.244201909959072,0.490822027134876,0.24,0,0,0
"2712","340155016064",0.993840739111307,0.605685577257691,0.536491677336748,0.237131544214694,0.16,0,0,0
"2713","340155016065",1,0.518285926856293,0.360691144708423,0.326190476190476,0.32,0,0,0
"2714","340155016081",0.954120397428404,0.379898480406078,0.255886272767659,0.267095265926359,0.44,0,0,0
"2715","340155016082",0.92693661971831,0.147215411138355,0.109677419354839,0.0871478873239437,0.52,0,0,0
"2716","340155016083",1,0.672937308250767,0.493095044679123,0.257635467980296,0.44,0,0,0
"2717","340155016091",0.957885304659498,NA,0.24234693877551,0.375448028673835,0.36,0,0,0
"2718","340155016092",0.959703566465956,0.756908972364111,0.353162179085786,0.243701328447091,0.08,0,0,0
"2719","340155016093",0.839378238341969,NA,0.111753371868979,0.649740932642487,0.28,0,0,0
"2720","340155016094",0.938279301745636,0.74687301250795,0.541968911917098,0.481920199501247,0.24,0,0,0
"2721","340155017011",0.94113120430935,0.460906156375375,0.244791666666667,0.298191612158523,0.28,0,0,0
"2722","340155017012",0.985074626865672,0.40125039499842,0.0718390804597701,0.0554371002132196,0.24,0,0,0
"2723","340155017013",0.970819304152638,0.344562621749513,0.0954198473282443,0.19304152637486,0.28,0,0,0
"2724","340155017014",0.967635402906209,0.524581901672393,0.307766990291262,0.173712021136063,0.2,0,0,0
"2725","340155017021",0.98814463544754,0.266538933844265,0.152571926765475,0.4149377593361,0.28,0,0,0
"2726","340155017022",0.931212381771281,0.325830696677213,0.274800456100342,0.122098022355976,0.24,0,0,0
"2727","340155017031",0.877179681576952,0.389318442726229,0.305120167189133,0.280515542077331,0.36,1,0,1
"2728","340155017032",0.966706302021403,0.400526397894408,0.170080142475512,0.247324613555291,0.36,0,0,0
"2729","340155017033",0.962686567164179,0.26186295254819,0.0940766550522648,0.0398009950248756,0.48,0,0,0
"2730","340155017041",0.888888888888889,0.31312274750901,0.134116192830655,0.19890873015873,0.48,0,0,0
"2731","340155017042",0.986645299145299,0.389430442278231,0.289992119779354,0.226495726495726,0.44,0,0,0
"2732","340155018001",0.938369781312127,0.34249863000548,0.262734584450402,0.129224652087475,0.28,0,0,0
"2733","340155018002",0.988696307460437,0.503329986680053,0.385555555555556,0.226073850791258,0.44,0,0,0
"2734","340155019001",0.959959452610238,0.702557189771241,0.510233918128655,0.0663963507349214,0.28,0,0,0
"2735","340155019002",0.967902995720399,0.661597353610586,0.354191263282172,0.00641940085592011,0.28,0,0,0
"2736","340155019003",0.940948693126815,0.470382118471526,0.341830822711472,0.729912875121007,0.48,0,0,0
"2737","340155020011",0.924207625172255,0.74062103751585,0.571028691392582,0.222783647220946,0.2,0,0,0
"2738","340155020012",0.996285596368139,0.761148955404178,0.675511751326763,0.16054477919934,0.24,0,0,0
"2739","340155020013",0.967213114754098,0.229903080387678,0.553968253968254,0.200819672131148,0.2,0,0,0
"2740","340155020014",0.994535519125683,0.823844704621182,0.466463414634146,0.131147540983607,0.28,0,0,0
"2741","340155020021",0.959885386819484,0.492702029191883,0.530085959885387,0.169054441260745,0.24,0,0,0
"2742","340155020022",0.94468085106383,0.418330326678693,0.273504273504274,0.174468085106383,0.24,0,0,0
"2743","340155020023",0.98993288590604,0.862332550669797,0.827664399092971,0.0758389261744966,0.4,0,0,0
"2744","340155020024",1,0.445886216455134,0.627044711014177,0.309293680297398,0.32,0,0,0
"2745","340155020025",1,0.731301074795701,0.493540051679587,0.190689346463742,0.2,0,0,0
"2746","340155020026",1,NA,0,0,0.32,0,0,0
"2747","340155020027",0.9921392476137,0.777064891740433,0.606941838649156,0.123526108927569,0.32,0,0,0
"2748","340155021001",0.985163204747775,0.5749977000092,0.543141592920354,0.0608308605341246,0.36,0,0,0
"2749","340155021002",0.945918367346939,0.625829496682013,0.529141104294479,0.063265306122449,0.12,0,0,0
"2750","340155021003",0.936030103480715,0.417726329094684,0.356200527704486,0.203198494825964,0.4,0,0,0
"2751","340155022011",1,0.667317330730677,0.574580759046778,0.192915270464337,0.24,0,0,0
"2752","340155022012",1,0.762772948908204,0.475550122249389,0.321987120515179,0.4,0,0,0
"2753","340155022021",0.932465705240943,0.398458406166375,0.444964871194379,0.346816742877242,0.44,0,0,0
"2754","340155022031",0.993008622698672,0.620497518009928,0.585178490736557,0.197389885807504,0.52,0,0,0
"2755","340155022041",1,0.722101111595554,0.466390899689762,0.13780260707635,0.6,0,0,0
"2756","340155022042",1,0.41563833744665,0.563088512241055,0.400255754475703,0.52,0,0,0
"2757","340155023001",0.708536585365854,0.409046363814545,0.154185022026432,0.518292682926829,0.68,0,0,0
"2758","340155023002",0.905620360551432,0.3374986500054,0.333857030636292,0.346765641569459,0.52,0,0,0
"2759","340155024001",0,NA,0,1,0.6,0,0,0
"2760","340155024002",0.885828520657486,0.301934792260831,0.319241192411924,0.215798764342454,0.56,0,0,0
"2761","340155024003",0.995356037151703,0.590465638137447,0.489373297002725,0.126006191950464,0.64,0,0,0
"2762","340155024004",NA,NA,NA,NA,0.6,0,0,0
"2763","340155024005",NA,NA,NA,NA,0.52,0,0,0
"2764","340155024006",1,0.349562601749593,0.0995145631067961,0.0590551181102362,0.76,0,0,0
"2765","340170001011",0.957571324067301,0.47059811760753,0.555082742316785,0.832845647403072,0.88,2,1,3
"2766","340170001021",0.868580060422961,0.274542901828393,0.36626746506986,0.868580060422961,0.68,2,1,3
"2767","340170001022",0.880733944954128,0.267810928756285,0.343195266272189,0.768710767745051,0.72,1,0,2
"2768","340170002001",0.857510288065844,0.144479422082312,0.195190947666195,0.891975308641975,0.68,1,0,2
"2769","340170002002",0.951008645533141,0.260866956532174,0.35509138381201,0.894812680115274,0.68,2,1,2
"2770","340170002003",0.893333333333333,0.126819492722029,0.396666666666667,0.825,0.64,1,1,2
"2771","340170003001",0.931944444444444,0.370934516261935,0.476973684210526,0.495833333333333,0.76,0,0,1
"2772","340170003002",0.864280387770321,0.309230763076948,0.573660714285714,0.336316181953766,0.72,1,0,1
"2773","340170003003",0.866894197952218,0.30499878000488,0.521008403361345,0.731058020477816,0.72,1,0,1
"2774","340170004001",0.849078341013825,0.368998524005904,0.44195688225539,0.749423963133641,0.72,3,2,3
"2775","340170004002",0.945472736368184,0.259558961764153,0.45448079658606,0.870149253731343,0.84,3,2,3
"2776","340170005001",0.840490797546012,0.308330766676933,0.287934863064397,0.836586726157278,0.72,2,1,3
"2777","340170005002",0.855681818181818,0.272306910772357,0.516642547033285,0.871590909090909,0.68,2,1,3
"2778","340170005003",0.938618925831202,0.405810376758493,0.392344497607655,0.749360613810742,0.64,2,1,3
"2779","340170006001",0.896691816598955,0.394590421638313,0.298977853492334,0.864190365641323,0.68,2,0,3
"2780","340170006002",0.94546568627451,0.266166935332259,0.445870088211708,0.511642156862745,0.68,0,0,3
"2781","340170006003",0.975291695264242,NA,0.4906600249066,0.619080301990391,0.68,0,0,4
"2782","340170006004",0.668400520156047,NA,0.265225933202358,0.778933680104031,0.6,1,0,4
"2783","340170007001",0.907132243684993,0.318886724453102,0.507261410788382,0.561664190193165,0.6,1,0,2
"2784","340170007002",0.951414514145141,0.140999436002256,0.282251759186865,0.789052890528905,0.64,1,0,3
"2785","340170007003",0.862962962962963,0.550573797704809,0.847645429362881,0.590740740740741,0.64,0,0,2
"2786","340170008001",0.846434148880791,0.369522521909912,0.437735849056604,0.729828214471629,0.68,1,0,5
"2787","340170008002",0.935822637106184,0.511457954168183,0.630699088145897,0.645274212368728,0.68,0,0,2
"2788","340170008003",0.845626072041166,0.328062687749249,0.593679458239278,0.553173241852487,0.76,1,0,5
"2789","340170009021",0.857400722021661,0.399702401190395,0.560121765601218,0.906738868832732,0.8,4,1,8
"2790","340170009022",0.894609327680194,0.558997764008944,0.738897396630934,0.74116237267825,0.76,2,1,7
"2791","340170009023",0.979370249728556,0.370914516341935,0.523456790123457,0.695982627578719,0.72,3,0,7
"2792","340170009024",0.991590749824807,0.451802192791229,0.637931034482759,0.68885774351787,0.8,4,1,7
"2793","340170010001",0.987327188940092,0.29062283750865,0.46013986013986,0.861751152073733,0.64,0,0,5
"2794","340170010002",0.789233576642336,0.323518705925176,0.447780678851175,0.822080291970803,0.76,1,0,5
"2795","340170011001",0.784304932735426,0.253830984676061,0.431282346175963,0.808520179372197,0.8,1,0,10
"2796","340170011002",0.894200127469726,0.40690237239051,0.535129932627527,0.717017208413002,0.68,1,0,8
"2797","340170011003",0.880253766851705,0.360554557781769,0.521521521521522,0.664551942902458,0.64,4,0,8
"2798","340170012011",0.96649114408808,0.280998876004496,0.485243651338366,0.811871708951652,0.72,3,3,9
"2799","340170012021",0.874626865671642,0.28499886000456,0.337912087912088,0.817857142857143,0.8,6,3,13
"2800","340170013001",0.902291105121294,0.563945744217023,0.49512987012987,0.643860720830788,0.76,4,4,8
"2801","340170013002",0.91504854368932,0.624805500777997,0.657943925233645,0.655339805825243,0.6,3,1,8
"2802","340170014001",0.949940405244339,0.431538273846905,0.536529680365297,0.703703703703704,0.68,7,2,10
"2803","340170014002",0.879095523765575,0.316782732869069,0.517560073937153,0.760959852330411,0.72,5,3,11
"2804","340170017011",0.730282375851996,0.232727069091724,0.312871287128713,0.888023369036027,0.72,2,1,4
"2805","340170017012",0.899590163934426,0.560205759176963,0.769154228855721,0.793715846994536,0.8,3,1,6
"2806","340170017013",0.920047732696897,0.390750436998252,0.444084278768233,1,0.88,4,3,8
"2807","340170017014",0.909168443496802,0.278782884868461,0.462365591397849,0.671641791044776,0.84,3,1,5
"2808","340170018001",0.709892362890825,0.370182519269923,0.573611111111111,0.743208610968734,0.8,3,2,6
"2809","340170018002",0.846556233653008,0.168179327282691,0.431216931216931,0.807323452484743,0.8,3,0,6
"2810","340170019001",0.784172661870504,NA,0.392479435957697,0.839328537170264,0.76,4,3,8
"2811","340170019002",0.870967741935484,0.49812200751197,0.797633136094675,0.775201612903226,0.76,5,3,9
"2812","340170020011",0.909348441926346,0.286538853844585,0.682215743440233,0.713881019830028,0.76,1,0,6
"2813","340170020012",0.87260034904014,0.283434866260535,0.562639821029083,0.785340314136126,0.8,2,1,7
"2814","340170020021",0.92805173807599,0.247975008099968,0.437234042553191,0.749803921568627,0.8,1,1,7
"2815","340170020022",0.944281524926686,0.390214439142243,0.452492944496707,0.864516129032258,0.84,2,1,8
"2816","340170022001",0.849664429530201,0.456362174551302,0.776276276276276,0.659060402684564,0.88,4,2,12
"2817","340170022002",0.9895337773549,0.635497458010168,0.749693251533742,0.432921027592769,0.88,3,3,13
"2818","340170023001",0.995219123505976,0.498390006439974,0.839068825910931,0.538645418326693,0.72,3,1,14
"2819","340170023002",0.923794712286159,0.496174015303939,0.83163737280296,0.629860031104199,0.76,3,1,15
"2820","340170024001",0.914303717706364,0.55877776488894,0.819932998324958,0.548834278512917,0.68,3,0,11
"2821","340170024002",0.956298200514139,0.52124991500034,0.856104651162791,0.447300771208226,0.68,2,0,8
"2822","340170024003",0.972895863052782,0.763680945276219,0.945326278659612,0.329529243937233,0.68,1,0,10
"2823","340170027001",0.933290978398983,0.312398750404998,0.584763948497854,0.698856416772554,0.96,2,0,9
"2824","340170027002",0.914677804295943,0.199499202003192,0.351456310679612,0.686157517899761,0.72,1,0,3
"2825","340170027003",0.947457627118644,0.150803396786413,0.12701252236136,0.890677966101695,0.84,0,0,2
"2826","340170027004",0.935817805383023,0.383926464294143,0.174717368961973,0.886818495514148,0.64,0,0,3
"2827","340170028001",0.917084282460137,0.202823188707245,0.375,0.65375854214123,0.84,2,0,4
"2828","340170028002",0.934880239520958,0.225527097891608,0.443702290076336,0.580089820359281,0.76,2,0,4
"2829","340170028003",1,0.428070287718849,0.816705336426914,0.548571428571429,0.72,2,0,5
"2830","340170028004",0.940952380952381,0.349282602869589,0.551801801801802,0.386666666666667,0.68,1,1,5
"2831","340170028005",0.89205579138872,0.295210819156723,0.587893864013267,0.839902971497878,0.72,1,1,4
"2832","340170029001",0.887798896382587,0.351446594213623,0.640141467727675,0.793991416309013,0.76,1,1,7
"2833","340170029002",0.97593984962406,0.23810304758781,0.545608108108108,0.715789473684211,0.76,1,1,6
"2834","340170029003",0.924963924963925,0.305158779364883,0.447544642857143,0.60966810966811,0.72,2,1,5
"2835","340170030001",0.813993174061433,0.276842892628429,0.701298701298701,0.813993174061433,0.76,2,1,8
"2836","340170030002",0.857142857142857,NA,0.459704880817253,0.66988416988417,0.8,2,0,5
"2837","340170030003",0.7,NA,0.335323383084577,0.86864406779661,0.68,3,1,7
"2838","340170031011",0.924664602683179,0.51499794000824,0.816936488169365,0.745098039215686,0.72,1,0,8
"2839","340170031012",0.974237288135593,0.350714597141611,0.728270042194093,0.799062290689886,0.76,2,1,15
"2840","340170031021",0.935149863760218,NA,0.416336241078509,0.55168776371308,0.68,1,0,13
"2841","340170031022",0.943772672309553,0.19686721253115,0.146067415730337,0.734459867229934,0.72,5,2,19
"2842","340170035001",0.963436928702011,0.5499978000088,0.700902151283831,0.514320536258379,0.8,7,0,19
"2843","340170035002",0.94550408719346,0.336150655397378,0.460869565217391,0.82016348773842,0.8,6,0,17
"2844","340170040001",0.669867947178872,0.208667165331339,0.433103448275862,0.986794717887155,0.72,4,2,14
"2845","340170040002",0.819650067294751,0.291518833924664,0.548,0.682368775235532,0.76,6,3,15
"2846","340170040003",0.971986417657046,0.266174935300259,0.477888730385164,0.764855687606112,0.88,4,3,16
"2847","340170040004",0.961038961038961,0.257622969508122,0.330258302583026,0.927272727272727,0.72,5,0,16
"2848","340170040005",0.870588235294118,0.353518585925656,0.34547152194211,0.944117647058824,0.76,4,0,17
"2849","340170041021",0.893138357705287,NA,0.369138959931799,0.906917885264342,0.72,4,2,10
"2850","340170041022",0.727173913043478,0.224407102371591,0.327970297029703,0.990217391304348,0.8,4,2,12
"2851","340170041031",1,0.51435794256823,0.619195046439629,0.51056338028169,0.76,1,1,9
"2852","340170041032",0.926683716965047,NA,0.322314049586777,0.78772378516624,0.76,2,1,8
"2853","340170041041",0.91326105087573,0.276354894580422,0.67016317016317,0.611342785654712,0.72,1,1,5
"2854","340170041042",0.93755912961211,0.182751268994924,0.280882352941176,0.811731315042573,0.76,2,1,6
"2855","340170041043",0.822422258592471,NA,0.318742985409652,0.661211129296236,0.76,1,1,5
"2856","340170042001",0.901686746987952,NA,0.372275501307759,0.712361712361712,0.76,3,1,11
"2857","340170042002",0.875920084121977,0.253606985572058,0.2002442002442,0.975814931650894,0.8,3,0,14
"2858","340170042003",0.808290155440414,NA,0.228835978835979,0.919041450777202,0.72,3,0,16
"2859","340170042004",0.757062146892655,0.133679465282139,0.12695652173913,1,0.76,1,0,13
"2860","340170043001",0.928297055057618,0.179843280626877,0.366982124079916,0.615877080665813,0.68,6,4,24
"2861","340170043002",0.93267776096823,0.328570685717257,0.544134078212291,0.910741301059002,0.68,5,1,19
"2862","340170044001",0.878362573099415,0.134091463634145,0.149078726968174,1,0.72,5,1,20
"2863","340170044002",0.884292901062046,0.11125155499378,0.273753527751646,0.93963107881498,0.76,3,1,22
"2864","340170045001",0.805309734513274,0.0874996500014,0.346743295019157,0.96361848574238,0.76,8,6,25
"2865","340170045002",0.931829830855971,0.303086787652849,0.51775956284153,0.874423372629421,0.84,15,3,24
"2866","340170045003",0.939491586108127,0.239103043587826,0.212407282535401,0.915861081274615,0.84,13,10,22
"2867","340170046001",0.835326586936523,0.277454890180439,0.448412698412698,0.758969641214351,0.72,10,5,33
"2868","340170046002",0.858624454148472,0.290750836996652,0.200514138817481,0.933406113537118,0.84,20,15,37
"2869","340170047001",0.899602949517867,0.333950664197343,0.747694334650856,0.579693703913783,0.88,18,14,33
"2870","340170047002",0.858670741023682,0.254342982628069,0.569803516028956,0.73896499238965,0.88,21,14,37
"2871","340170048001",NA,NA,NA,NA,0.8,15,8,20
"2872","340170048002",0.836298932384342,0.346738613045548,0.337662337662338,0.808718861209964,0.76,8,1,16
"2873","340170048003",0.882724402345512,0.41375034499862,0.554605263157895,0.731619305367614,0.84,14,12,20
"2874","340170048004",0.853727144866385,0.280950876196495,0.319105691056911,0.888185654008439,0.84,13,9,21
"2875","340170049001",0.873487903225806,0.419734321062716,0.262815296989422,0.994959677419355,0.8,10,2,16
"2876","340170049002",0.885819521178637,0.27065091739633,0.270207852193995,0.856353591160221,0.8,10,3,16
"2877","340170049003",0.914442162902122,NA,0.2421875,0.875427789185489,0.76,2,2,17
"2878","340170049004",0.991071428571429,0.25249899000404,0.576923076923077,0.792857142857143,0.72,10,5,17
"2879","340170052001",0.869017632241814,0.242999028003888,0.293176074136479,0.673173803526448,0.8,11,6,19
"2880","340170052002",0.919943820224719,0.147999408002368,0,0.817415730337079,0.72,3,1,16
"2881","340170052003",0.925414364640884,0.16562333750665,0.188418323249784,1,0.68,5,0,23
"2882","340170053001",0.804938271604938,NA,0.316195372750643,1,0.88,7,1,20
"2883","340170053002",0.848978178039487,0.249283002867989,0.309284116331096,0.898510564599931,0.88,12,7,20
"2884","340170054001",0.974358974358974,0.506161975352099,0.440469536053661,0.8998778998779,0.76,12,6,20
"2885","340170054002",1,0.243291026835893,0.161666666666667,0.494117647058824,0.68,2,1,11
"2886","340170054003",0.984453589391861,0.499338002647989,0.691631291691934,0.913808870598994,0.72,11,5,16
"2887","340170055001",0.9456419868791,0.124091503633985,0.2,0.85941893158388,0.76,2,2,19
"2888","340170056001",0.88268156424581,0.269422922308311,0.301994301994302,0.927374301675978,0.72,1,1,9
"2889","340170056002",0.91396933560477,0.42312230751077,0.420634920634921,0.918228279386712,0.72,1,0,12
"2890","340170056003",0.923181818181818,0.406682373270507,0.178996036988111,0.937727272727273,0.76,5,0,14
"2891","340170058011",0.93258785942492,NA,0.161159420289855,0.973482428115016,0.72,2,2,6
"2892","340170058012",0.955259026687598,0.303054787780849,0.454756380510441,0.865777080062794,0.72,3,1,8
"2893","340170058013",0.947608200455581,0.204051183795265,0.392572944297082,0.940774487471526,0.76,2,1,16
"2894","340170058014",0.773399014778325,0.207331170675317,0.290155440414508,1,0.8,3,1,17
"2895","340170058021",0.965779467680608,0.910380358478566,0.802052785923754,0.57197175448126,0.8,13,7,24
"2896","340170059011",0.93160741885626,0.467270130919476,0.417099942229925,0.94242658423493,0.72,1,0,7
"2897","340170059012",0.997260273972603,0.0887836448654205,0.372972972972973,0.832876712328767,0.72,0,0,2
"2898","340170059021",0.919093851132686,NA,0.118421052631579,0.701754385964912,0.68,1,0,9
"2899","340170059022",0.89376130198915,0.508269966920132,0.351531291611185,0.819620253164557,0.76,1,0,12
"2900","340170059023",0.912477823772915,0.401914392342431,0.497453310696095,0.67297457125961,0.8,1,0,8
"2901","340170059024",0.890260631001372,0.362706549173803,0.110887096774194,0.984993178717599,0.68,1,0,10
"2902","340170060001",0.796285875070343,0.23815504737981,0.13013698630137,0.96229600450197,0.76,4,0,7
"2903","340170060002",0.807187017001546,0.228795084819661,0.128263337116913,0.968315301391035,0.8,1,0,5
"2904","340170061011",0.928075940124133,0.355166579333683,0.370434782608696,0.900693683826214,0.76,0,0,2
"2905","340170061012",0.906428571428571,0.380766476934092,0.378167641325536,0.444285714285714,0.72,0,0,2
"2906","340170061021",0.815116279069767,0.181999272002912,0.00721500721500722,0.994186046511628,0.76,0,0,5
"2907","340170061022",0.968911917098446,NA,0.0617283950617284,1,0.68,0,0,3
"2908","340170061023",0.852305896088733,0.308290766836933,0.320554649265905,0.831873905429072,0.76,0,0,3
"2909","340170062001",0.784796573875803,0.134459462162151,0.225978647686833,0.885280251440545,0.72,0,0,4
"2910","340170062002",0.885022176731491,0.27999888000448,0.116949152542373,0.929034459228932,0.72,0,0,3
"2911","340170063001",1,NA,0.286396181384248,1,0.72,3,2,7
"2912","340170063002",0.884406983744732,0.243499026003896,0.164179104477612,0.793497892835641,0.88,2,0,7
"2913","340170063003",0.971698113207547,0.31999872000512,0.276773296244784,0.927358490566038,0.8,2,0,3
"2914","340170064001",0.902591599642538,0.637453450186199,0.828544061302682,0.485254691689008,0.76,2,0,16
"2915","340170064002",0.940092165898618,0.462142151431394,0.963793103448276,0.379416282642089,0.84,5,4,20
"2916","340170064003",0.98139880952381,0.58374966500134,0.749308755760369,0.578125,0.76,1,1,17
"2917","340170065001",0.978609625668449,0.08249967000132,0.395131086142322,0.806149732620321,0.88,13,5,25
"2918","340170065002",0.981410256410256,0.822952708189167,0.771112865035517,0.494871794871795,0.84,6,4,22
"2919","340170066001",0.870657797487066,0.319542721829113,0.543259557344064,0.910569105691057,0.84,7,2,23
"2920","340170067001",0.938333333333333,0.124303502785989,0.13801756587202,0.806666666666667,0.88,19,6,31
"2921","340170067002",1,NA,0,1,0.68,1,0,17
"2922","340170067003",0.789765721331689,0.0880436478254087,0.101956745623069,0.984586929716399,0.88,17,3,26
"2923","340170067004",0.919839679358717,NA,0.279132791327913,0.969939879759519,0.84,14,7,34
"2924","340170068001",0.888457269700333,0.205855176579294,0.352941176470588,0.948390677025527,0.84,7,2,27
"2925","340170068002",0.904576436222006,0.28499886000456,0.36231884057971,0.936708860759494,0.76,6,2,24
"2926","340170069001",1,0.00999596001615994,0.378378378378378,0.513513513513513,0.84,6,5,10
"2927","340170070011",0.935883014623172,0.10499958000168,0.031055900621118,1,0.76,1,0,7
"2928","340170070012",0.947684906794949,0.529329882680469,0.685887708649469,0.529765484064943,0.68,1,0,12
"2929","340170070021",0.898454746136865,0.48999804000784,0.7455919395466,0.566225165562914,0.76,1,0,15
"2930","340170070022",0.949357520786092,1,0.938517179023508,0.768707482993197,0.72,2,0,9
"2931","340170071001",0.873362445414847,0.405330378678485,0.463595839524517,0.691435768261965,0.8,3,3,10
"2932","340170071002",0.941092973740241,0.177235291058836,0.483842010771993,0.739531582682754,0.84,7,3,13
"2933","340170071003",1,0.210111159555362,0.435406698564593,0.802403204272363,0.76,2,0,9
"2934","340170072001",0.964852607709751,0.705473178107288,0.6728599867286,0.672836418209105,0.88,6,1,12
"2935","340170072002",0.976425855513308,0.929088283646865,0.891284815813118,0.585551330798479,0.76,3,0,10
"2936","340170073001",1,0.787088851644593,0.962938881664499,0.64630599185573,0.8,7,1,18
"2937","340170073002",0.980769230769231,0.692221231115075,0.893711248892825,0.498822605965463,0.8,17,13,25
"2938","340170074001",0.985962942167322,0.868428526285895,0.884014869888476,0.707467714766985,0.64,0,0,3
"2939","340170074002",0.977422389463782,1,0.864801864801865,0.482596425211665,0.64,0,0,7
"2940","340170074003",1,0.780132879468482,0.869281045751634,0.679231337767923,0.76,2,0,3
"2941","340170074004",1,0.632997468010128,0.901960784313726,0.526031102096011,0.72,1,0,3
"2942","340170075001",0.922671353251318,0.0954636181455274,0.560924369747899,0.665202108963093,0.8,2,0,9
"2943","340170075002",0.9893536121673,0.536817852728589,0.696629213483146,0.697338403041825,0.76,2,0,10
"2944","340170075003",0.913766233766234,0.503329986680053,0.861288039631989,0.872207792207792,0.68,2,0,10
"2945","340170075004",0.978260869565217,0.90128039487842,0.944598337950138,0.41304347826087,0.76,1,0,11
"2946","340170075005",0.968485780169101,0.88999644001424,0.882692307692308,0.550345887778632,0.8,0,0,3
"2947","340170076011",0.978894173602854,1,0.923104956268222,0.751486325802616,0.72,2,2,3
"2948","340170076012",1,0.784132863468546,0.773242630385488,0.645756457564576,0.68,2,2,5
"2949","340170076013",0.989718614718615,0.922132311470754,0.910357359176257,0.510281385281385,0.68,2,1,4
"2950","340170076021",0.979665940450254,1,0.911290322580645,0.615831517792302,0.68,2,2,2
"2951","340170076022",0.974017094017094,0.726945092219631,0.916267942583732,0.776752136752137,0.76,2,2,3
"2952","340170077011",0.924800796812749,0.726665093339627,0.890909090909091,0.766932270916335,0.76,1,0,8
"2953","340170077012",0.897687456201822,0.649061403754385,0.880847308031774,0.637000700770848,0.72,2,0,2
"2954","340170077013",1,0.54438982244071,0.932225913621263,0.887209302325581,0.72,0,0,2
"2955","340170077021",0.970437017994859,0.823496706013176,0.938920454545455,0.800771208226221,0.76,2,0,6
"2956","340170077031",0.965493443754313,0.409454362182551,0.758175559380379,0.868184955141477,0.76,0,0,3
"2957","340170077032",0.976047904191617,1,0.952600092038656,0.696482035928144,0.8,4,4,7
"2958","340170078001",0.931855500821018,0.55249779000884,0.651520572450805,0.63327859879584,0.8,7,5,12
"2959","340170101001",1,0.362106551573794,0.385740402193784,0.740845070422535,0.84,1,1,2
"2960","340170101002",1,0.285998856004576,0.386111111111111,0.768831168831169,0.72,1,1,3
"2961","340170101003",0.956543456543457,0.310774756900972,0.394177812745869,0.775224775224775,0.64,1,1,4
"2962","340170101004",1,0.373446506213975,0.473273942093541,0.462240663900415,0.68,2,1,4
"2963","340170102001",0.967305524239008,0.427998288006848,0.348817567567568,0.483652762119504,0.76,1,0,4
"2964","340170102002",0.839373163565132,0.320318718725125,0.458390177353342,0.601371204701273,0.6,3,1,4
"2965","340170102003",0.871886120996441,0.337102651589394,0.587852494577007,0.345195729537367,0.6,3,0,4
"2966","340170103001",0.959548447789276,NA,0.443249701314217,0.223894637817498,0.8,3,3,3
"2967","340170103002",0.90625,0.279166883332467,0.461148648648649,0.59375,0.72,3,3,4
"2968","340170103003",0.965346534653465,0.115715537137851,0.327676240208877,0.815068493150685,0.88,4,2,5
"2969","340170104001",0.905417406749556,0.365862536549854,0.491646778042959,0.399644760213144,0.72,1,0,6
"2970","340170104002",0.899438202247191,0.423790304838781,0.365709459459459,0.665168539325843,0.76,2,1,6
"2971","340170104003",1,0.575553697785209,0.697007481296758,0.794688457609806,0.72,4,4,9
"2972","340170105001",0.917306052855925,0.358458566165735,0.435714285714286,0.57459505541347,0.56,2,0,4
"2973","340170105002",0.985094850948509,0.556021775912896,0.469565217391304,0.643631436314363,0.56,1,0,4
"2974","340170105003",0.873661670235546,0.422098311606754,0.557803468208092,0.293361884368308,0.64,1,0,4
"2975","340170105004",0.873544093178037,0.376938492246031,0.430962343096234,0.486688851913478,0.72,1,0,3
"2976","340170105005",0.935714285714286,0.2874988500046,0.50982800982801,0.595238095238095,0.64,0,0,2
"2977","340170106011",0.976036269430052,0.118159527361891,0.196354598177299,0.624352331606218,0.8,1,1,2
"2978","340170106012",0.884548611111111,NA,0.444300518134715,0.672743055555556,0.6,1,0,2
"2979","340170106021",0.855993563958166,0.443998224007104,0.499482936918304,0.549477071600965,0.64,0,0,4
"2980","340170106022",0.830014224751067,0.321574713701145,0.382483370288248,0.434566145092461,0.64,0,0,5
"2981","340170106023",0.902505873140172,NA,0.219678217821782,0.78974158183242,0.64,1,1,6
"2982","340170107011",0.978328173374613,0.288942844228623,0.35330836454432,0.495356037151703,0.76,0,0,8
"2983","340170107012",0.912363067292645,0.278846884612462,0.290772532188841,0.584507042253521,0.68,1,0,8
"2984","340170107021",0.935153583617747,NA,0.202349869451697,0.908163265306122,0.76,4,2,9
"2985","340170107022",1,0.13377146491414,0.318352059925094,0.765682656826568,0.64,4,1,8
"2986","340170108001",0.933910665451231,0.532997868008528,0.526743398781313,0.716499544211486,0.76,22,21,25
"2987","340170108002",0.854489164086687,0.35562257750969,0.377609108159393,0.770897832817337,0.72,7,5,11
"2988","340170108003",0.985875706214689,0.336562653749385,0.405292479108635,0.651600753295669,0.72,6,3,12
"2989","340170109001",0.958408679927667,0.227423090307639,0.44141488577745,0.541141141141141,0.84,6,1,11
"2990","340170109002",0.891016200294551,0.421934312262751,0.222222222222222,0.737849779086893,0.72,5,3,10
"2991","340170110001",0.961792799412197,0.239751040995836,0.361305361305361,0.728141072740632,0.72,1,0,9
"2992","340170110002",0.952045133991537,0.329702681189275,0.424926398429833,0.80394922425952,0.76,3,0,9
"2993","340170111001",0.83989501312336,0.444542221831113,0.383371824480369,0.690288713910761,0.72,1,1,1
"2994","340170111002",0.890445859872611,0.212555149779401,0.129230769230769,0.756687898089172,0.76,1,0,7
"2995","340170111003",0.945252352437981,0.313570745717017,0.253674121405751,0.6535500427716,0.64,1,1,6
"2996","340170112001",0.916782246879334,0.358962564149743,0.487163029525032,0.300508552935737,0.72,1,1,4
"2997","340170112002",0.981903485254692,0.270730917076332,0.45593419506463,0.693029490616622,0.72,0,0,4
"2998","340170112003",1,NA,0.366197183098592,0.32258064516129,0.68,1,1,3
"2999","340170112004",0.880856760374833,0.511345954616181,0.436438195664909,0.489025460930641,0.88,1,1,4
"3000","340170113001",0.912745936698033,0.206667173331307,0.363395225464191,0.372968349016253,0.84,0,0,12
"3001","340170113002",0.911552346570397,0.298634805460778,0.435261707988981,0.490974729241877,0.76,1,0,9
"3002","340170113003",0.833333333333333,0.277590889636441,0.379391100702576,0.777777777777778,0.76,2,0,7
"3003","340170114001",0.989260143198091,0.34125063499746,0.219512195121951,0.699284009546539,0.72,2,0,5
"3004","340170114002",0.879370629370629,0.264542941828233,0.309798270893372,0.507867132867133,0.76,3,0,3
"3005","340170114003",0.94851869839728,0.384090463638145,0.285807291666667,0.454103933948519,0.76,3,1,4
"3006","340170115001",0.962669683257919,0.327854688581246,0.322932917316693,0.311085972850679,0.76,1,1,4
"3007","340170115002",0.9236276849642,0.330294678821285,0.385350318471338,0.419252187748608,0.68,2,0,4
"3008","340170115003",0.748453608247423,0.295454818180727,0.189801699716714,0.494845360824742,0.8,3,3,3
"3009","340170116001",0.961029411764706,0.160775356898572,0.297352342158859,0.410312273057371,0.76,2,2,3
"3010","340170116002",0.885088919288646,0.33189467242131,0.404973357015986,0.585499316005472,0.68,0,0,4
"3011","340170116003",0.850708924103419,0.245831016675933,0.26837416481069,0.360300250208507,0.72,0,0,4
"3012","340170116004",0.931104356636272,NA,0.364605543710021,0.563323201621074,0.68,1,0,3
"3013","340170123001",0.923904052936311,0.277646889412442,0.413997627520759,0.669975186104218,0.72,2,1,4
"3014","340170123002",0.934065934065934,0.325206699173203,0.258855585831063,0.64035964035964,0.76,3,2,4
"3015","340170124001",0.668764752163651,0.249659001363995,0.290196078431373,0.675845790715972,0.68,3,1,7
"3016","340170124002",0.953232462173315,0.377914488342047,0.274102079395085,0.558299039780521,0.8,2,0,7
"3017","340170124003",1,0.505809976760093,0.361356932153392,0.394190871369295,0.88,3,1,5
"3018","340170125001",0.93888166449935,0.465830136679453,0.254799301919721,0.420026007802341,0.8,2,1,10
"3019","340170125002",0.954009433962264,0.424410302358791,0.392063492063492,0.393867924528302,0.8,3,0,14
"3020","340170125003",0.91849935316947,0.34812260750957,0.225042301184433,0.415265200517464,0.8,2,0,14
"3021","340170125004",0.923491379310345,0.484302062791749,0.301181102362205,0.720905172413793,0.76,10,5,15
"3022","340170126001",0.865992414664981,0.375226499094004,0.389240506329114,0.415929203539823,0.76,2,1,7
"3023","340170126002",0.795265515035189,0.418382326470694,0.401355421686747,0.783749200255918,0.76,2,1,9
"3024","340170126003",0.871678056188307,0.21935512257951,0.401055408970976,0.58997722095672,0.84,1,0,14
"3025","340170127001",0.970881863560732,0.420554317782729,0.216627634660422,0.455906821963394,0.88,4,2,5
"3026","340170127002",0.924214417744917,0.346010615957536,0.252571428571429,0.55637707948244,0.8,4,2,6
"3027","340170127003",0.877882599580713,0.24499902000392,0.236524537409493,0.673480083857442,0.76,5,1,8
"3028","340170127004",0.893421052631579,0.572985708057168,0.186457806973219,0.799322607959357,0.92,28,18,52
"3029","340170128001",0.825862068965517,0.29499882000472,0.228455284552846,0.562068965517241,0.76,5,3,9
"3030","340170128002",0.85419734904271,0.27314290742837,0.235247836349331,0.62346588119784,0.8,5,2,9
"3031","340170128003",0.922922922922923,0.40749837000652,0.489820359281437,0.65047619047619,0.92,9,8,15
"3032","340170129001",0.890350877192982,0.32873068507726,0.186725663716814,0.815241228070175,0.76,4,1,9
"3033","340170129002",0.738037699371677,0.281782872868509,0.229748603351955,0.727272727272727,0.8,2,0,9
"3034","340170130001",0.931558935361217,0.394090423638305,0.333887043189369,0.835415535035307,0.72,1,0,15
"3035","340170130002",0.873054873054873,0.290998836004656,0.262316910785619,0.872235872235872,0.72,0,0,10
"3036","340170130003",0.623574144486692,0.301086795652817,0.238515901060071,0.769328263624842,0.76,1,0,11
"3037","340170131001",0.890428757037679,0.301998792004832,0.204913121629718,0.712862711130359,0.88,8,7,15
"3038","340170132001",0.875128998968008,0.327826688693245,0.314888010540184,0.621259029927761,0.72,0,0,14
"3039","340170132002",0.935275080906149,0.283086867652529,0.340342679127726,0.759010220548682,0.76,1,0,14
"3040","340170132003",0.730218538055765,0.249167003331987,0.247422680412371,0.861341371514695,0.8,2,1,8
"3041","340170133001",0.90684133915575,0.383822464710141,0.385032537960954,0.800582241630277,0.88,9,4,15
"3042","340170133002",0.967559943582511,0.463634145463418,0.21160409556314,0.538787023977433,0.8,2,1,17
"3043","340170133003",0.774535809018568,0.174543301826793,0.356581532416503,0.741962077493817,0.96,13,8,17
"3044","340170134001",0.611363636363636,0.25562297750809,0.257113821138211,0.882575757575758,0.92,6,3,12
"3045","340170134002",0.852646638054363,0.247895008419966,0.231511254019293,0.71173104434907,0.84,6,3,10
"3046","340170135001",0.862864077669903,0.353074587701649,0.596912521440823,0.836165048543689,0.8,2,2,6
"3047","340170135002",0.666817564508828,0.258214967140131,0.334039548022599,0.912177455862381,0.76,1,0,12
"3048","340170135003",0.581021310816244,0.204179183283267,0.156363636363636,0.749095295536791,0.84,4,2,8
"3049","340170136001",0.745985401459854,0.215831136675453,0.197826086956522,0.788321167883212,0.76,0,0,7
"3050","340170136002",0.720465890183028,0.242299030803877,0.49792531120332,0.906093189964158,0.72,0,0,7
"3051","340170137001",0.833012512030799,0.181731273074908,0.161865569272977,0.590952839268527,0.72,4,0,10
"3052","340170137002",0.928483353884094,NA,0.456363636363636,0.863131935881628,0.84,3,1,10
"3053","340170138001",0.957746478873239,0.31499874000504,0.536036036036036,0.752979414951246,0.72,1,0,9
"3054","340170138002",0.901230949589683,0.467398130407478,0.749570594297492,0.731828839390387,0.84,7,4,17
"3055","340170139001",0.965925224798864,0.533045867816529,0.783477321814255,0.695220066256507,0.88,11,4,25
"3056","340170139002",0.867982456140351,0.302250790996836,0.28126834997064,0.676315789473684,0.84,1,0,6
"3057","340170140001",0.707450980392157,0.233203067187731,0.295990566037736,0.804705882352941,0.88,0,0,0
"3058","340170140002",0.872628726287263,0.384506461974152,0.27021494370522,0.74706413730804,0.84,0,0,0
"3059","340170140003",0.7992,0.366498534005864,0.236784140969163,0.7904,0.8,0,0,0
"3060","340170140004",0.767550702028081,0.295878816484734,0.428734321550741,0.838533541341654,0.76,0,0,0
"3061","340170141011",0.973498964803313,0.388014447942208,0.5794894760412,0.520910973084886,0.8,0,0,0
"3062","340170141012",0.809640924741761,0.546665813336747,0.552577319587629,0.735099337748344,0.88,0,0,0
"3063","340170141021",1,0.261718953124188,0.327800829875519,0.39853747714808,0.56,0,0,0
"3064","340170141022",0.934172313649564,0.24747101011596,0.529040404040404,0.767666989351404,0.68,0,0,0
"3065","340170141023",0.834750265674814,0.396410414358343,0.378796561604585,0.695469406819243,0.72,0,0,0
"3066","340170142001",0.81371640407785,0.360566557733769,0.187675070028011,0.736793327154773,0.68,0,0,0
"3067","340170142002",0.923850574712644,0.402430390278439,0.340802987861811,0.810344827586207,0.68,0,0,0
"3068","340170142003",0.86176232821342,0.489574041703833,0.51280409731114,0.641875505254648,0.68,0,0,0
"3069","340170142004",0.902439024390244,0.305946776212895,0.236,0.853920515574651,0.72,0,0,0
"3070","340170143001",0.537520391517129,0.27999888000448,0.115800865800866,0.889885807504078,0.72,0,0,0
"3071","340170143002",0.869377695625385,0.457306170775317,0.298136645962733,0.902649414664202,0.8,0,0,0
"3072","340170143003",0.913686806411837,0.31375074499702,0.341176470588235,0.838471023427867,0.68,0,0,0
"3073","340170143004",0.900213447171825,0.261214955140179,0.254772393538913,0.79615795090715,0.8,0,0,0
"3074","340170144011",0.899697885196375,0.327998688005248,0.19453207150368,0.942598187311178,0.84,0,0,0
"3075","340170144012",0.8512252042007,0.384166463334147,0.264150943396226,0.640606767794632,0.84,0,0,0
"3076","340170144013",0.88309503784693,0.36749853000588,0.257575757575758,0.856181665264929,0.8,0,0,0
"3077","340170144021",0.81047018904508,0.552549789800841,0.310495626822157,0.841977702375182,0.84,0,0,0
"3078","340170144022",0.942307692307692,0.331126675493298,0.386093321134492,0.875,0.72,0,0,0
"3079","340170145011",0.973973973973974,0.354462582149671,0.428756476683938,0.823823823823824,0.8,0,0,0
"3080","340170145012",0.92707672796449,0.121291514833941,0.111111111111111,0.889663918833228,0.68,0,0,0
"3081","340170145013",0.974349157733537,0.341958632165471,0.236118598382749,0.846094946401225,0.84,0,0,0
"3082","340170145021",0.878625954198473,0.166959332162671,0.210582010582011,0.909923664122137,0.84,0,0,0
"3083","340170145022",1,0.164659341362635,0.242690058479532,0.758974358974359,0.76,0,0,0
"3084","340170145023",0.94004400440044,0.0843236627053492,0.125225767609874,0.855885588558856,0.8,0,0,0
"3085","340170146001",0.915210688591984,0.349782600869597,0.392171910974674,0.867934224049332,0.96,0,0,0
"3086","340170146002",0.946428571428571,0.417578329686681,0.287386215864759,0.813888888888889,1,0,0,0
"3087","340170147001",0.93567718737515,0.344654621381514,0.351451973194341,0.839792249300839,0.76,0,0,0
"3088","340170147002",0.786403307303629,0.410678357286571,0.0972794723825227,0.866120218579235,0.92,0,0,0
"3089","340170147003",1,0.20563917744329,0.447779111644658,0.813931297709924,0.84,0,0,0
"3090","340170148011",0.864650470996529,0.196075215699137,0.29186320754717,0.910262766484879,0.88,0,0,0
"3091","340170148012",0.920379839298758,0.231827072691709,0.271459227467811,0.74981738495252,0.96,0,0,2
"3092","340170148021",1,NA,0.439664218258132,0.838650865998177,0.92,0,0,1
"3093","340170149001",0.796373779637378,0.327946688213247,0.224454148471616,0.873779637377964,0.72,0,0,2
"3094","340170149002",0.810844115834874,0.301426794292823,0.332697807435653,0.818237831176833,0.8,0,0,2
"3095","340170150011",0.980927835051546,0.441206235175059,0.738569753810082,0.568556701030928,0.8,0,0,0
"3096","340170150012",0.961352657004831,1,1,0.78743961352657,0.84,0,0,0
"3097","340170150031",0.717261904761905,0.272770908916364,0.332528666264333,0.90922619047619,0.64,0,0,0
"3098","340170150041",0.797054009819967,0.259222963108148,0.442655935613682,0.866612111292962,0.68,0,0,0
"3099","340170150042",0.904709748083242,NA,0.409067490984029,0.775100401606426,0.64,0,0,0
"3100","340170151001",0.675231977159172,0.195215219139123,0.180327868852459,0.794432548179872,0.72,0,0,0
"3101","340170151002",0.710172744721689,0.273330906676373,0.221821460775473,0.887755102040816,0.8,0,0,0
"3102","340170152011",0.94187675070028,0.424038303846785,0.582491582491583,0.61624649859944,0.68,0,0,0
"3103","340170152012",0.914285714285714,0.954440182239271,0.762902019446522,0.61968253968254,0.76,0,0,0
"3104","340170152021",0.890603085553997,0.352374590501638,0.452955870108243,0.730014025245442,0.68,0,0,0
"3105","340170152022",0.661107404936624,0.352330590677637,0.613005551149881,0.819212808539026,0.64,0,0,0
"3106","340170152023",0.861965039180229,0.202131191475234,0.348528015194682,0.81796262808921,0.68,0,0,0
"3107","340170152024",0.856521739130435,0.455666177335291,0.621733149931224,0.813913043478261,0.72,0,0,0
"3108","340170153001",0.825036603221083,0.274178903284387,0.226651480637813,0.869692532942899,0.68,0,0,0
"3109","340170153002",0.65965965965966,0.214751140995436,0.191733639494834,0.904904904904905,0.64,0,0,0
"3110","340170153003",0.576394849785408,0.189827240691037,0.0809151785714286,0.960085836909871,0.64,0,0,0
"3111","340170155001",0.845082680591819,0.146667413330347,0.202797202797203,0.926022628372498,0.76,0,0,0
"3112","340170155002",0.904078303425775,0.293926824292703,0.304470588235294,0.782055464926591,0.76,0,0,0
"3113","340170155003",0.721280602636535,0.16999932000272,0.283057851239669,0.951035781544256,0.8,0,0,0
"3114","340170156001",0.669914263445051,0.21810312758749,0.252448313384113,0.936339522546419,0.72,0,0,0
"3115","340170156002",0.604719764011799,0.184167263330947,0.178333333333333,0.823598820058997,0.64,0,0,0
"3116","340170157001",0.779213153258955,0.284190863236547,0.14921681780709,0.947739283617146,0.72,0,0,0
"3117","340170157002",0.779319606087735,0.177215291138835,0.340585774058577,0.967770814682184,0.8,0,0,0
"3118","340170158011",1,NA,0.938775510204082,0.246478873239437,0.56,0,0,0
"3119","340170158012",0.97549513259483,0.663057347770609,0.867924528301887,0.623363544813696,0.72,0,0,0
"3120","340170158021",0.930589680589681,0.226563093747625,0.426283218056061,0.924447174447175,0.8,0,0,0
"3121","340170158022",0.754751131221719,0.271070915716337,0.208205756276791,0.948868778280543,0.84,0,0,0
"3122","340170159001",0.727988878591288,0.207043171827313,0.110721793973371,0.937442075996293,0.68,0,0,0
"3123","340170159002",0.926801152737752,0.324722701109196,0.307769929364278,0.936023054755043,0.84,0,0,0
"3124","340170159003",0.73596256684492,0.213707145171419,0.204701273261508,0.851604278074866,0.8,0,0,0
"3125","340170159004",0.934447300771208,NA,0.378607809847199,0.69280205655527,0.76,0,0,0
"3126","340170160001",0.803133159268929,0.26812292750829,0.423548650858545,0.91644908616188,0.84,0,0,0
"3127","340170160002",0.79745493107105,0.183787264850941,0.153667953667954,0.834040296924708,0.88,0,0,0
"3128","340170161001",0.678735632183908,0.175963296146815,0.237649063032368,0.955172413793103,0.76,0,0,0
"3129","340170161002",0.585653610193487,0.207095171619314,0.23336006415397,0.961774421897121,0.8,0,0,0
"3130","340170162001",0.592423252775963,0.202319190723237,0.115308151093439,0.928804702808622,0.8,0,0,0
"3131","340170162002",0.751972942502819,0.22122711509154,0.210878661087866,0.886133032694476,0.76,0,0,0
"3132","340170162003",0.595983935742972,0.349090603637585,0.226814516129032,0.873092369477912,0.72,0,0,0
"3133","340170163001",0.635507733691997,0.109687561249755,0.192954363490793,0.963012777404169,0.76,0,0,0
"3134","340170163002",0.848655409631019,0.38812244751021,0.421915444348576,0.861163227016886,0.72,0,0,0
"3135","340170163003",0.735920852359209,0.29313082747669,0.256912442396313,0.86986301369863,0.64,0,0,0
"3136","340170164001",0.789123196448391,NA,0.216216216216216,0.943396226415094,0.76,0,0,0
"3137","340170164002",0.838541666666667,0.165679337282651,0.175257731958763,0.884375,0.8,0,0,0
"3138","340170164003",0.750689972401104,0.193255226979092,0.206611570247934,1,0.76,0,0,0
"3139","340170165001",0.933986591026302,0.32437870248519,0.343772241992883,0.7720474471377,0.8,0,0,0
"3140","340170165002",0.772755806654112,0.270182919268323,0.432610744580584,0.757689893283114,0.72,0,0,0
"3141","340170165003",0.964467005076142,0.435906256374974,0.526590198123045,0.754054054054054,0.72,0,0,0
"3142","340170166001",0.713333333333333,0.202043191827233,0.273504273504274,0.918,0.76,0,0,0
"3143","340170166002",0.865326633165829,0.244219023123908,0.287962234461054,0.928428428428428,0.84,0,0,0
"3144","340170167001",0.641566265060241,0.259522961908152,0.189063948100093,0.916265060240964,0.8,0,0,0
"3145","340170168001",0.53968253968254,0.354734581061676,0.172761664564943,0.907608695652174,0.76,0,0,0
"3146","340170168002",0.579482439926063,NA,0.0683403068340307,0.888170055452865,0.84,0,0,0
"3147","340170168003",0.553535353535354,NA,0.307533539731682,0.958922558922559,0.84,0,0,0
"3148","340170169001",0.822467986030268,0.263178947284211,0.171751412429379,0.972642607683353,0.8,0,0,0
"3149","340170169002",0.787101248266297,0.123331506673973,0.176294820717131,0.903606102635229,0.8,0,0,0
"3150","340170170001",0.844817927170868,0.236395054419782,0.27580372250423,0.910364145658263,0.84,0,0,0
"3151","340170170002",0.709725685785536,NA,0.0748829953198128,0.921415441176471,0.88,0,0,0
"3152","340170170003",0.90387275242047,0.285714857140571,0.348370927318296,0.90387275242047,0.8,0,0,0
"3153","340170171001",0.813597733711048,0.32438270246919,0.296013570822731,0.875920679886686,0.8,0,0,0
"3154","340170171002",0.739923954372624,NA,0.298525798525799,0.868441064638783,0.72,0,0,0
"3155","340170171003",0.783783783783784,0.208331166675333,0.297213622291022,0.797837837837838,0.72,0,0,0
"3156","340170171004",0.75607476635514,0.270130919476322,0.200517464424321,0.75607476635514,0.72,0,0,0
"3157","340170172001",0.625558035714286,0.20935916256335,0.274509803921569,0.872767857142857,0.76,0,0,0
"3158","340170172002",0.726448011165387,0.199319202723189,0.167318982387476,0.86880669923238,0.72,0,0,0
"3159","340170173001",0.636442141623489,0.31684673261307,0.356413166855846,0.699050086355786,0.84,0,0,0
"3160","340170174001",0.837022132796781,0.0937036251854993,0.250741839762611,0.919517102615694,0.76,0,0,0
"3161","340170174002",0.894245723172628,0.247827008691965,0.210979547900969,0.94556765163297,0.76,0,0,0
"3162","340170175001",0.766129032258065,0.244199023203907,0.268588770864947,0.975483870967742,0.8,0,0,0
"3163","340170175002",0.78460399703923,0.304614781540874,0.219454329774614,0.944162436548223,0.68,0,0,0
"3164","340170176001",0.764893617021277,0.173379306482774,0.0490103675777568,0.914893617021277,0.68,0,0,0
"3165","340170176002",0.795170691090758,0.262882948468206,0.353333333333333,0.927560366361366,0.72,0,0,0
"3166","340170177001",0.789655172413793,0.272330910676357,0.307196562835661,0.693965517241379,0.76,0,0,1
"3167","340170177002",0.779443254817987,NA,0.228758169934641,0.875802997858672,0.68,0,0,1
"3168","340170178001",0.816230141691713,0.444330222679109,0.398566703417861,0.752254186346071,0.8,0,0,1
"3169","340170178002",0.742778541953232,0.259330962676149,0.239506172839506,0.897524071526823,0.68,0,0,1
"3170","340170178003",0.822199383350462,NA,0.205729166666667,0.940390544707091,0.72,0,0,1
"3171","340170178004",0.629807692307692,0.281110875556498,0.238356164383562,0.833533653846154,0.68,0,0,0
"3172","340170179001",0.950871632329635,NA,0.401247401247401,0.304278922345483,0.84,0,0,0
"3173","340170179002",0.970717423133236,0.731321074715701,0.908784731967443,0.500976085895559,0.84,0,0,0
"3174","340170180001",0.693142575234336,0.337954648181407,0.498721227621483,0.630488406512087,0.8,0,0,0
"3175","340170180002",0.859191655801825,0.339166643333427,0.363557105492589,0.689048239895698,0.76,0,0,0
"3176","340170180003",0.889667250437828,0.287290850836597,0.512035010940919,0.458844133099825,0.72,0,0,0
"3177","340170181001",0.965777554101661,0.524701901192395,0.63754427390791,0.605938600905888,0.8,0,0,0
"3178","340170181002",0.814054054054054,0.273646905412378,0.433802816901408,0.657297297297297,0.76,0,0,0
"3179","340170182001",0.968162083936324,0.732769068923724,0.715296198054819,0.667149059334298,0.76,0,0,0
"3180","340170182002",0.903846153846154,NA,0.432523051131601,0.653846153846154,0.72,0,0,0
"3181","340170182003",0.967901234567901,NA,0.458190148911798,0.469958847736625,0.76,0,0,0
"3182","340170182004",1,0.998960004159983,0.883647798742138,0.334656084656085,0.76,0,0,0
"3183","340170183011",0.971024258760108,0.938328246687013,0.87649063032368,0.411725067385445,0.64,0,0,0
"3184","340170183012",1,0.917248331006676,0.955461293743372,0.318815331010453,0.68,0,0,4
"3185","340170183021",0.99216942516462,0.951840192639229,0.921335200746965,0.326214628937533,0.68,0,0,0
"3186","340170184011",1,1,0.868501529051988,0.402524544179523,0.72,0,0,0
"3187","340170184012",1,NA,0.603448275862069,0.178313253012048,0.56,0,0,0
"3188","340170184013",1,NA,0.653846153846154,0.2136,0.64,0,0,0
"3189","340170184021",1,0.951800192799229,0.954770318021201,0.248218527315914,0.76,0,0,0
"3190","340170184022",1,1,0.809199318568995,0.332477535301669,0.68,0,0,0
"3191","340170185011",0.992488090875779,0.792120831516674,0.901775420797786,0.326493220960059,0.72,0,0,0
"3192","340170185021",0.927174645987862,0.905880376478494,0.905254091300603,0.373567093728928,0.68,0,0,0
"3193","340170185022",0.951680672268908,0.50687397250411,0.615635179153095,0.567226890756303,0.76,0,0,0
"3194","340170186001",0.968446601941748,0.562997748009008,0.879576891781937,0.204490291262136,0.68,0,0,0
"3195","340170186002",1,0.64624941500234,0.868821292775665,0.301218161683278,0.56,0,0,0
"3196","340170187011",0.962072155411656,0.7687489250043,0.91991341991342,0.338112858464385,0.64,0,0,0
"3197","340170187012",0.994633273703041,0.476930092279631,0.665850673194614,0.471377459749553,0.68,0,0,0
"3198","340170187021",0.949438202247191,0.390714437142251,0.719230769230769,0.314606741573034,0.6,0,0,0
"3199","340170187022",0.992263056092843,0.657365370538518,0.78099173553719,0.495164410058027,0.6,0,0,0
"3200","340170187023",0.841833810888252,0.458330166679333,0.831703910614525,0.300859598853868,0.64,0,0,0
"3201","340170187024",0.84500466853408,0.315442738229047,0.647183846971307,0.513538748832866,0.68,0,0,0
"3202","340170188001",0.9856,0.704665181339275,0.911764705882353,0.184,0.6,0,0,0
"3203","340170188002",0.976,0.415554337782649,0.895752895752896,0.2112,0.64,0,0,0
"3204","340170188003",0.988679245283019,0.752772988908044,0.884389288047028,0.449056603773585,0.64,0,0,2
"3205","340170189001",0.979865771812081,0.63624945500218,0.925521350546177,0.315436241610738,0.64,0,0,1
"3206","340170189002",0.993885491939967,0.907356370574518,0.86864406779661,0.329071706503613,0.68,0,0,2
"3207","340170189003",0.973214285714286,0.276594893620425,0.398203592814371,0.379464285714286,0.64,0,0,2
"3208","340170190001",0.907637655417407,0.595149619401522,0.701123595505618,0.430514488468362,0.64,0,0,2
"3209","340170190002",0.999134948096886,0.720189119243523,0.924887892376682,0.16522491349481,0.68,0,0,4
"3210","340170190003",0.87292817679558,0.332622669509322,0.707831325301205,0.50828729281768,0.72,1,0,4
"3211","340170190004",0.932224276032039,0.114903540385838,0,1,0.72,1,0,4
"3212","340170191001",0.97212449255751,0.45499818000728,0.693823038397329,0.390527740189445,0.8,2,0,4
"3213","340170192001",0.978473581213307,0.910220359118563,0.955613577023499,0.319634703196347,0.68,3,1,4
"3214","340170192002",0.982335623159961,0.728813084747661,0.962415540540541,0.426561988877985,0.68,4,2,5
"3215","340170193001",0.990042674253201,0.671761312954748,0.713440405748098,0.355618776671408,0.76,0,0,4
"3216","340170194001",0.986478542034098,0.327914688341247,0.661213360599864,0.310993533215755,0.64,0,0,0
"3217","340170194002",0.958297872340426,0.602809588761645,0.809927360774818,0.287659574468085,0.76,0,0,1
"3218","340170198001",0.981890812250333,0.558857764568942,0.631172257821334,0.512916111850865,0.96,0,0,0
"3219","340170199001",0.856041131105398,0.323202707189171,0.656303972366149,0.690231362467866,0.8,0,0,0
"3220","340170199002",0.89167671893848,0.45564217743129,0.676090964966195,0.646562123039807,0.84,0,0,0
"3221","340170199003",1,0.11689553241787,0.322003577817531,0.802008608321377,0.92,0,0,0
"3222","340170200001",0.891454965357968,0.638965444138223,0.576204523107178,0.488837567359507,0.72,0,0,0
"3223","340170200002",0.882703777335984,NA,0.30715935334873,0.149105367793241,0.68,0,0,0
"3224","340170200003",0.967766692248657,0.564281742873028,0.414587332053743,0.683806600153492,0.76,0,0,0
"3225","340170200004",0.933090909090909,0.369674521301915,0.310792349726776,0.529411764705882,0.84,0,0,0
"3226","340170201001",0.962582119394459,0.738861044555822,0.804131316857248,0.840616966580977,0.88,2,0,4
"3227","340170324001",0.842105263157895,0.208083167667329,0.183544303797468,0.87719298245614,0.72,0,0,0
"3228","340170324002",0.568421052631579,0.299506801972792,0.214342001576044,0.920095693779904,0.72,0,0,0
"3229","340170324003",0.514711095356257,NA,0.117183653372723,0.958879829847572,0.76,0,0,0
"3230","340170324004",0.892371995820272,0.110455558177767,0.109396914446003,0.946708463949843,0.76,0,0,0
"3231","340179801001",NA,NA,NA,NA,0.56,17,8,34
"3232","340190101001",0.993058092802338,0.86184855260579,0.59619140625,0.183412495432956,0.12,0,0,0
"3233","340190101002",1,0.645789416842333,0.755474452554745,0.00227272727272727,0.28,0,0,0
"3234","340190101003",1,0.720177119291523,0.668358714043993,0.15034965034965,0.16,0,0,0
"3235","340190101004",1,0.676909292362831,0.667289719626168,0.132290184921764,0.08,0,0,0
"3236","340190102011",1,0.552617789528842,0.366788321167883,0.152832674571805,0.2,0,0,0
"3237","340190102012",0.973634651600753,0.505997976008096,0.370176586003924,0.0574387947269303,0.28,0,0,0
"3238","340190102021",1,0.55560577757689,0.632183908045977,0.0113996200126662,0.16,0,0,0
"3239","340190102022",0.981067125645439,0.500921996312015,0.496902959394357,0.0400686891814539,0.32,0,0,0
"3240","340190102023",0.994675186368477,0.42749829000684,0.564774381368268,0.0670926517571885,0.4,0,0,0
"3241","340190103001",0.959586466165414,0.299330802676789,0.369811320754717,0.154135338345865,0.44,0,0,0
"3242","340190103002",0.954703832752613,0.24749901000396,0.253932584269663,0.0592334494773519,0.28,0,0,0
"3243","340190103003",0.92794547224927,0.64624941500234,0.426208651399491,0.375482625482626,0.36,0,0,0
"3244","340190104001",0.945036915504512,0.750328998684005,0.637813211845103,0.162428219852338,0.16,0,0,0
"3245","340190104002",0.977906976744186,0.341782632869469,0.448553054662379,0.0918604651162791,0.64,0,0,0
"3246","340190104003",0.980920314253648,0.636665453338187,0.686567164179104,0.138047138047138,0.4,0,0,0
"3247","340190104004",0.995145631067961,0.571577713689145,0.571797076526225,0.10376213592233,0.28,0,0,0
"3248","340190105001",0.954279015240328,0.53874984500062,0.446483180428135,0.0152403282532239,0.32,0,0,0
"3249","340190105002",0.996730245231608,0.535665857336571,0.293570219966159,0.0490463215258856,0.28,0,0,0
"3250","340190105003",1,0.488074047703809,0.383354350567465,0.00848896434634975,0.32,0,0,0
"3251","340190105004",0.987198795180723,0.386666453334187,0.46177370030581,0.0474397590361446,0.48,0,0,0
"3252","340190106001",0.984134853743183,0.702705189179243,0.611756168359942,0.19087754090233,0.2,0,0,0
"3253","340190106002",0.979903536977492,0.356782572869709,0.311850311850312,0.0827974276527331,0.6,0,0,0
"3254","340190106003",1,0.73499706001176,0.589158345221113,0.0563307493540052,0.28,0,0,0
"3255","340190106004",0.98562874251497,0.429134283462866,0.60699865410498,0.0857142857142857,0.4,0,0,0
"3256","340190107011",1,0.624497502009992,0.378486055776892,0.226478873239437,0.52,0,0,0
"3257","340190107012",0.991137370753324,0.473402106391574,0.359022556390977,0.068931560807484,0.52,0,0,0
"3258","340190107013",0.98562874251497,0.771148915404338,0.727731092436975,0.187425149700599,0.32,0,0,0
"3259","340190107014",0.965442764578834,0.274146903412386,0.460508701472557,0.1414686825054,0.48,0,0,0
"3260","340190107021",0.964719491035281,0.764088943644225,0.539902280130293,0.0902004454342984,0.32,0,0,0
"3261","340190107022",0.977961432506887,0.499998000008,0.431261770244821,0.102617079889807,0.12,0,0,0
"3262","340190108011",0.974155069582505,0.71749713001148,0.528023598820059,0.151093439363817,0.56,0,0,0
"3263","340190108012",0.95221843003413,0.498526005895976,0.545963229416467,0.304691916336914,0.68,0,0,0
"3264","340190108021",0.927575107296137,0.425554297782809,0.574558303886926,0.143240343347639,0.76,0,0,0
"3265","340190109001",0.935064935064935,0.444114223543106,0.662820512820513,0.116883116883117,0.48,0,0,0
"3266","340190109002",1,0.33499866000536,0.342756183745583,0.202380952380952,0.32,0,0,0
"3267","340190109003",0.855759922555663,0.421110315558738,0.301186943620178,0.547918683446273,0.44,0,0,0
"3268","340190109004",0.976923076923077,0.497998008007968,0.474226804123711,0.158653846153846,0.6,0,0,0
"3269","340190110011",0.958188153310105,0.628329486682053,0.719830200121286,0.235543562066307,0.76,0,0,0
"3270","340190110012",0.936970837253057,0.589733641065436,0.360239162929746,0.488621151271754,0.56,0,0,0
"3271","340190110013",0.995088408644401,0.749497002011992,0.754901960784314,0.0108055009823183,0.44,0,0,0
"3272","340190110014",1,0.740829036683853,0.545710267229255,0.0117762512266928,0.52,0,0,0
"3273","340190110031",0.94941348973607,0.394666421334315,0.66271018793274,0.111436950146628,0.6,0,0,0
"3274","340190110032",1,0.669757320970716,0.716417910447761,0.225484072454716,0.44,0,0,0
"3275","340190110033",0.984901862103674,0.709037163851345,0.627198917456022,0.206341217916457,0.64,0,0,0
"3276","340190110041",0.941516709511568,0.535545857816569,0.465848042977744,0.0481184454040716,0.6,0,0,0
"3277","340190111001",1,NA,0.573816155988858,0,0.68,0,0,0
"3278","340190111002",0.98921832884097,0.379230483078068,0.572354211663067,0.231805929919137,0.64,0,0,0
"3279","340190111003",0.980519480519481,0.507409970360119,0.598331346841478,0.255411255411255,0.72,0,0,0
"3280","340190111004",0.870090634441088,NA,0.319223985890653,0.0664652567975831,0.6,0,0,0
"3281","340190112021",0.955321944809461,0.76563693745225,0.55,0.109724047306176,0.64,0,0,0
"3282","340190112022",0.991071428571429,0.447658209367163,0.461864406779661,0.293526785714286,0.52,0,0,0
"3283","340190112023",0.782520325203252,NA,0.475120385232745,0.426829268292683,0.64,0,0,0
"3284","340190112031",0.994520547945206,0.456666173335307,0.549726775956284,0.11324200913242,0.48,0,0,0
"3285","340190112032",1,0.926068295726817,0.670411985018727,0.121929026387625,0.36,0,0,0
"3286","340190112033",1,0.578933684265263,0.69901547116737,0.165278934221482,0.4,0,0,0
"3287","340190112041",1,0.81688073247707,0.556002297530155,0.17953902143146,0.36,0,0,0
"3288","340190113011",1,1,0.691709844559586,0.207409972299169,0.44,0,0,0
"3289","340190113012",0.966348340154616,0.558945764216943,0.626086956521739,0.188583509513742,0.84,0,0,0
"3290","340190113013",1,0.558537765848937,0.768569674647023,0.256277056277056,0.36,0,0,0
"3291","340190113031",0.978002378121284,0.284218863124548,0.701383238405207,0.247919143876338,0.52,0,0,0
"3292","340190113032",0.969353764157229,0.388214447142211,0.464341085271318,0.14856762158561,0.44,0,0,0
"3293","340190113033",0.904630650496141,0.753216987132051,0.601482854494903,0.281146637265711,0.64,0,0,0
"3294","340190113041",0.982655826558266,0.75499698001208,0.764419171405362,0.278048780487805,0.56,0,0,0
"3295","340190113042",1,0.717221131115476,0.632835820895522,0.175572519083969,0.48,0,0,0
"3296","340190113051",0.985074626865672,0.334870660517358,0.585536547433904,0.270522388059701,0.68,0,0,0
"3297","340190113052",1,0.88436046255815,0.815044247787611,0.24390243902439,0.48,0,0,0
"3298","340190113061",0.951828724353256,0.82812068751725,0.686394557823129,0.168599464763604,0.6,0,0,0
"3299","340190113062",1,0.763176947292211,0.606283422459893,0.200704225352113,0.64,0,0,0
"3300","340190114001",0.663442940038685,0.115095539617842,0.24822695035461,0.553191489361702,0.68,0,0,0
"3301","340190114002",0.916999201915403,0.346330614677541,0.266364225534673,0.476475279106858,0.84,0,0,0
"3302","340190114003",0.967923466516601,0.412750348998604,0.505466778805719,0.266449157150625,0.72,0,0,0
"3303","340190115001",0.975323874151758,0.396070415718337,0.489443378119002,0.182428309945088,0.36,0,0,0
"3304","340190115002",0.977249747219414,0.581093675625297,0.465888137676706,0.0854398382204247,0.16,0,0,0
"3305","340190115003",0.990169306389951,0.60499758000968,0.52241112828439,0.122337520480612,0.32,0,0,0
"3306","340190116001",0.952075310226786,0.68499726001096,0.4939293598234,0.0718870346598203,0.24,0,0,0
"3307","340190116002",0.985135135135135,0.666665333338667,0.676154672395274,0.123873873873874,0.32,0,0,0
"3308","340190116003",0.981052631578947,0.403330386678453,0.511811023622047,0.0610526315789474,0.32,0,0,0
"3309","340190117001",0.987654320987654,0.56499774000904,0.571134020618557,0.0617283950617284,0.28,0,0,0
"3310","340190117002",0.948119325551232,0.501069995720017,0.593382352941176,0.127906976744186,0.28,0,0,0
"3311","340190117003",1,0.380534477862089,0.386422976501305,0.0495867768595041,0.52,0,0,0
"3312","340190118001",0.958023379383634,0.51374994500022,0.476225310899781,0.120085015940489,0.6,0,0,0
"3313","340190118002",0.906955736224029,0.512853948584206,0.409457900807382,0.0867208672086721,0.36,0,0,0
"3314","340190119001",0.975961538461538,0.382774468902124,0.654905335628227,0.149038461538462,0.72,0,0,0
"3315","340190119002",1,0.404774380902476,0.597609561752988,0.310850439882698,0.64,0,0,0
"3316","340190119003",0.976334951456311,0.556301774792901,0.666009204470743,0.087378640776699,0.68,0,0,0
"3317","340210001001",0.908386508659982,NA,0.322097378277154,0.887876025524157,0.96,3,2,12
"3318","340210001002",0.95221843003413,NA,0.141463414634146,0.699658703071672,0.92,2,1,11
"3319","340210002001",0.850602409638554,0.192607229571082,0.286184210526316,0.330120481927711,0.84,5,0,11
"3320","340210002002",0.797510373443983,0.123783504865981,0.0925700365408039,0.902074688796681,0.76,2,1,6
"3321","340210002003",0.730462519936204,0.224827100691597,0.12378640776699,0.830940988835726,0.76,1,1,5
"3322","340210002004",0.95837023914969,0.357786568853725,0.281651376146789,0.377310924369748,0.84,1,1,5
"3323","340210003001",0.785820895522388,NA,0.402097902097902,0.852238805970149,0.68,0,0,2
"3324","340210003002",0.624914908100749,0.186215255138979,0,0.866575901974132,0.76,1,0,3
"3325","340210003003",0.972920696324952,0.076999692001232,0.0328358208955224,0.771760154738878,0.68,1,0,2
"3326","340210003004",0.869853917662683,0.345130619477522,0.125527426160338,0.744355909694555,0.68,0,0,1
"3327","340210004001",0.689572031344183,NA,0.286438529784537,0.854731766124171,0.68,4,1,8
"3328","340210004002",0.908860759493671,0.115567537729849,0,0.493670886075949,0.64,1,1,4
"3329","340210004003",0.723639865190178,0.183947264210943,0.0490107913669065,0.842079922965816,0.76,4,4,11
"3330","340210005001",0.750116986429574,0.265562937748249,0.0884303610906411,0.970051474029013,0.64,1,0,6
"3331","340210005002",0.970040853381752,0.193195227219091,0.0751494449188728,0.900136177939174,0.68,0,0,8
"3332","340210005003",0.679506933744222,NA,0.133257403189066,0.694144838212635,0.76,1,0,11
"3333","340210006001",0.747142857142857,0.299926800292799,0.161602209944751,0.971428571428571,0.72,0,0,2
"3334","340210006002",0.812531328320802,NA,0.0191972076788831,0.782456140350877,0.76,0,0,4
"3335","340210006003",0.964369432723863,0.393522425910296,0.145690834473324,0.820909517112049,0.72,1,0,6
"3336","340210007001",0.869489559164733,0.210791156835373,0,0.960556844547564,0.68,6,2,13
"3337","340210007002",0.591695501730104,NA,0,0.913494809688581,0.68,6,0,13
"3338","340210007003",0.933028919330289,0.228827084691661,0.120647773279352,0.835109081684424,0.76,2,0,12
"3339","340210008001",0.771784232365145,0.293210827156691,0.401353965183752,0.90387275242047,0.84,9,9,15
"3340","340210008002",0.743278404163053,0.282810868756525,0.253768844221106,0.794827586206897,0.76,9,1,11
"3341","340210009001",0.71571906354515,0.325066699733201,0.0232378001549187,0.952380952380952,0.88,13,8,23
"3342","340210009002",NA,NA,NA,NA,0.72,3,1,9
"3343","340210009003",NA,NA,NA,NA,0.72,2,1,8
"3344","340210009004",0.858739837398374,0.123803504785981,0.0649350649350649,0.931910569105691,0.88,3,2,17
"3345","340210009005",0.937677053824363,0.195823216707133,0.408288564850345,0.770538243626062,0.84,7,5,16
"3346","340210010001",0.79296875,0.308682765268939,0.32,0.833984375,0.84,9,4,11
"3347","340210010002",0.957605985037406,0.0470238119047524,0.0821917808219178,0.998129675810474,0.76,7,3,10
"3348","340210010003",0.845956354300385,0.250830996676013,0.32018927444795,0.902673796791444,0.88,5,2,11
"3349","340210010004",NA,NA,NA,NA,0.68,4,1,10
"3350","340210010005",NA,NA,NA,NA,0.68,1,0,8
"3351","340210011011",0.887175893482831,0.113647545409818,0.154666666666667,0.942536790469516,0.72,2,0,10
"3352","340210011012",0.943231441048035,0.147391410434358,0.186544342507645,0.824235807860262,0.76,2,2,14
"3353","340210011021",0.830897703549061,0.135703457186171,0.0551724137931034,1,0.68,3,0,13
"3354","340210011022",0.929333333333333,0.156931372274511,0.16191904047976,0.881376037959668,0.72,6,3,15
"3355","340210011023",0.951598579040853,NA,0.0800304878048781,0.962765957446808,0.76,3,2,12
"3356","340210012001",1,NA,0.268897149938042,0.831106870229008,0.68,1,0,10
"3357","340210012002",0.979361370716511,0.179695281218875,0.188567186340015,0.901747572815534,0.76,2,2,4
"3358","340210012003",0.968235294117647,0.3374986500054,0.561056105610561,0.716470588235294,0.64,2,2,4
"3359","340210013001",1,NA,0.0564971751412429,0.666666666666667,0.52,2,0,2
"3360","340210013002",0.97723292469352,0.167747329010684,0.199216198563031,0.790718038528897,0.72,6,2,11
"3361","340210013003",1,0.520861916552334,0.353606789250354,0.764179104477612,0.56,2,2,2
"3362","340210014011",0.642917726887193,NA,0,0.988125530110263,0.96,11,10,15
"3363","340210014012",1,0.0455838176647293,0,1,0.96,8,6,13
"3364","340210014013",1,0.142823428706285,0.567237163814181,1,0.92,5,3,10
"3365","340210014014",0.86965811965812,0.0585517657929368,0.191666666666667,1,0.8,4,1,9
"3366","340210014021",0.95850622406639,0.221111115555538,0.2016,0.882780082987552,0.76,9,5,13
"3367","340210014022",0.975661375661376,0.185555257778969,0.124076809453471,0.97989417989418,0.8,9,9,13
"3368","340210015001",1,NA,0.156390977443609,1,0.76,5,5,15
"3369","340210015002",1,0.0871676513293947,0.188144329896907,1,0.84,4,1,14
"3370","340210015003",1,0.320766716933132,0.179584120982987,0.93048128342246,0.84,11,4,15
"3371","340210016001",0.969361147327249,0.176111295554818,0.126425855513308,0.998696219035202,0.92,7,2,16
"3372","340210017001",0.87037037037037,0.175531297874809,0.0654911838790932,0.959150326797386,0.84,5,3,15
"3373","340210017002",0.820678513731826,0.107459570161719,0.202466598150051,0.949111470113086,0.96,9,5,25
"3374","340210017003",0.956818181818182,0.30375078499686,0.349593495934959,1,0.88,2,0,14
"3375","340210018001",0.959969788519637,NA,0.0677263303386317,0.959958398335933,0.96,16,7,21
"3376","340210018002",0.812933025404157,0.355354578581686,0.29951690821256,0.271516393442623,0.96,8,6,20
"3377","340210018003",0.735119047619048,0.180831276674893,0.132124352331606,0.720833333333333,0.96,3,1,19
"3378","340210019001",0.683362118595279,NA,0.0993676603432701,0.844559585492228,0.96,22,18,30
"3379","340210020001",0.861093247588424,0.171351314594742,0.0783460282916213,0.943408360128617,0.96,14,5,27
"3380","340210021001",0.631216526396327,0.296038815844737,0.275213675213675,0.974751338944147,0.8,4,1,15
"3381","340210021002",0.665625,NA,0.0241935483870968,1,0.8,4,2,14
"3382","340210021003",0.938733832539142,0.0725957096171615,0.112850082372323,0.615384615384615,0.84,8,2,16
"3383","340210021004",0.564732142857143,NA,0,0.939732142857143,0.92,6,3,18
"3384","340210022001",0.843866171003718,0.326302694789221,0.0382352941176471,1,0.76,2,1,15
"3385","340210022002",0.86171132238548,NA,0.226829268292683,0.945548833189283,0.72,2,1,15
"3386","340210022003",0.785907859078591,0.311038755844977,0,0.929539295392954,0.76,2,0,6
"3387","340210022004",0.732960893854749,0.18499926000296,0.109677419354839,0.846927374301676,0.72,0,0,3
"3388","340210022005",0.933333333333333,0.325226699093204,0.196337741607325,0.987179487179487,0.88,17,13,22
"3389","340210025001",0.733748886910062,0.340782636869453,0.146887966804979,0.772336004749184,0.84,2,1,3
"3390","340210025002",0.960048426150121,0.333946664213343,0.303443328550933,0.76452784503632,0.72,0,0,0
"3391","340210025003",0.953145917001339,0.351762592949628,0.301094890510949,0.244979919678715,0.68,0,0,1
"3392","340210025004",0.900445765230312,0.344614621541514,0.190011481056257,0.591381872213967,0.88,0,0,1
"3393","340210025005",NA,NA,NA,NA,0.72,1,0,1
"3394","340210026011",0.905918057663126,0.35749857000572,0.0216962524654832,0.569044006069803,0.72,0,0,1
"3395","340210026012",0.898901098901099,0.359594561621754,0.0959902794653706,0.826373626373626,0.8,0,0,0
"3396","340210026013",0.981366459627329,NA,0.10634328358209,0.84223602484472,0.8,0,0,0
"3397","340210026014",0.920560747663551,0.323062707749169,0.086053412462908,0.619742990654206,0.72,0,0,1
"3398","340210026021",0.952116156935434,0.310310758756965,0.137880274779195,0.797961075069509,0.88,0,0,0
"3399","340210026022",0.922811853893866,0.445534217863129,0.311092577147623,0.168849069607167,0.76,0,0,0
"3400","340210027011",0.842561707805203,0.296370814516742,0.161538461538462,0.704469646430954,0.76,0,0,0
"3401","340210027012",0.970491803278689,0.313982744069024,0.284591194968553,0.827322404371585,0.72,0,0,1
"3402","340210027013",0.888040712468193,0.309498762004952,0.218939393939394,0.65852417302799,0.88,0,0,0
"3403","340210027021",0.870480549199085,0.349282602869589,0.397293972939729,0.37162471395881,0.8,0,0,0
"3404","340210027022",0.736474694589878,0.150403398386406,0.307048984468339,0.68673647469459,0.68,0,0,0
"3405","340210027023",0.939730836746635,0.355526577893688,0.265116279069767,0.41603276770041,0.76,0,0,0
"3406","340210027024",0.912,0.405806376774493,0.348860257680872,0.164444444444444,0.72,0,0,0
"3407","340210028001",0.827293318233296,0.300410798356807,0.144128113879004,0.826160815402038,0.88,11,4,19
"3408","340210028002",0.949666464523954,0.39437442250231,0.0866952789699571,0.839296543359612,0.76,0,0,5
"3409","340210028003",0.881792717086835,0.209195163219347,0.291795665634675,0.97275641025641,0.76,1,0,10
"3410","340210029021",0.926633549866259,0.477082091671633,0.324907521578298,0.507451280091708,0.84,0,0,2
"3411","340210029022",0.969939879759519,0.34439862240551,0.367909238249595,0.396793587174349,0.68,0,0,0
"3412","340210029023",0.845013477088949,0.119947520209919,0.183745583038869,0.866576819407008,0.8,0,0,9
"3413","340210029024",0.845965770171149,NA,0.182758620689655,0.410757946210269,0.88,10,7,18
"3414","340210029031",0.993074792243767,0.527997888008448,0.430395136778116,0.322253000923361,0.76,0,0,0
"3415","340210029032",0.96471226927253,0.535997856008576,0.615220483641536,0.347448425624321,0.8,0,0,0
"3416","340210029041",1,0.630777476890092,0.554728220402085,0.196618659987477,0.68,0,0,0
"3417","340210029042",0.993804213135068,0.477750088999644,0.55784469096672,0.0892193308550186,0.76,0,0,0
"3418","340210029043",0.969118472768108,0.551377794488822,0.645133505598622,0.120157215047726,0.68,0,0,0
"3419","340210030011",0.952069716775599,0.352094591621634,0.275689223057644,0.201834862385321,0.44,0,0,0
"3420","340210030012",1,0.307290770836917,0.359424920127796,0,0.36,0,0,0
"3421","340210030013",0.969023034154091,0.451190195239219,0.430283224400871,0.0277998411437649,0.48,0,0,0
"3422","340210030014",0.989984591679507,0.729105083579666,0.338258575197889,0.0808936825885978,0.4,0,0,0
"3423","340210030021",1,0.563377746489014,0.606681034482759,0.104440789473684,0.48,0,0,0
"3424","340210030022",1,0.471666113335547,0.476997578692494,0,0.56,0,0,0
"3425","340210030023",1,0.297914808340767,0.404494382022472,0.182683982683983,0.64,0,0,0
"3426","340210030024",0.978813559322034,0.617305530777877,0.495608531994981,0.294520547945205,0.52,0,0,0
"3427","340210030025",0.917954182205647,0.498910004359983,0.505666957279861,0.146510388918487,0.52,0,0,0
"3428","340210030031",0.905311778290993,NA,0.279100529100529,0.0219399538106236,0.84,0,0,0
"3429","340210030032",1,0.26059895760417,0.427769985974755,0.20125,0.6,0,0,0
"3430","340210030033",0.955974842767296,0.575137699449202,0.340715502555366,0.0433263452131377,0.76,0,0,0
"3431","340210030034",0.966158423205653,0.387022451910192,0.26250595521677,0.239494235775381,0.84,0,0,0
"3432","340210030041",0.967696629213483,0.590765636937452,0.336677115987461,0.131554307116105,0.76,0,0,0
"3433","340210030042",1,0.32625069499722,0.327852004110997,0.167274200081004,0.64,0,0,0
"3434","340210030043",0.998915401301518,0.38499846000616,0.432598039215686,0.225596529284165,0.72,0,0,0
"3435","340210030061",0.99109131403118,0.582913668345327,0.433333333333333,0.12063227953411,0.44,0,0,0
"3436","340210030062",1,0.444630221479114,0.417133706965572,0.1143583227446,0.48,0,0,0
"3437","340210030063",1,0.354166583333667,0.372932330827068,0.0711825487944891,0.64,0,0,0
"3438","340210030071",0.98696682464455,0.554613781544874,0.376109765940274,0.102488151658768,0.28,0,0,0
"3439","340210030072",0.927007299270073,0.797080811676753,0.304347826086957,0.0632603406326034,0.64,0,0,0
"3440","340210030073",0.936363636363636,0.332690669237323,0.294117647058824,0.198989898989899,0.52,0,0,0
"3441","340210030081",1,0.571361714553142,0.62668849774867,0.211097708082027,0.64,0,0,0
"3442","340210030082",0.898203592814371,0.308614765540938,0.280892448512586,0.287587822014052,0.84,0,0,0
"3443","340210030091",0.816239316239316,0.298874804500782,0.284530386740331,0.0664767331433998,0.56,0,0,0
"3444","340210030092",0.970847717683161,0.25499898000408,0.296853625170999,0.370782208588957,0.56,0,0,0
"3445","340210030093",0.949781659388646,0.309166763332947,0.455299539170507,0.124818577648766,0.64,0,0,0
"3446","340210031001",0.918760469011725,0.236427054291783,0.129372937293729,0.395309882747069,0.96,1,0,8
"3447","340210031002",0.887154861944778,0.348526605893576,0.258741258741259,0.425581395348837,0.84,4,2,6
"3448","340210031003",0.908034849951597,0.330454678181287,0.474964234620887,0.521781219748306,0.8,4,3,6
"3449","340210032011",1,0.490330038679845,0.676388888888889,0.145146088595664,0.68,0,0,0
"3450","340210032012",0.846604215456675,0.668329326682693,0.517193947730399,0.733801717408275,0.68,0,0,0
"3451","340210032013",0.989730423620026,0.430554277782889,0.4140625,0.562259306803594,0.64,0,0,0
"3452","340210032014",0.98122866894198,NA,0.925531914893617,0.429465301478953,0.56,0,0,0
"3453","340210032015",0.913474240422721,0.346066615733537,0.443840579710145,0.348084544253633,0.48,0,0,0
"3454","340210032016",0.983739837398374,0.797164811340755,0.645232815964523,0.359078590785908,0.6,0,0,0
"3455","340210032021",1,0.441998232007072,0.46605504587156,0.281710914454277,0.76,0,0,0
"3456","340210032022",0.974935732647815,0.707221171115316,0.701543739279588,0.18955042527339,0.6,0,0,0
"3457","340210032023",0.879886282871358,0.535353858584566,0.681260945709282,0.567874911158493,0.64,0,0,0
"3458","340210033011",0.998695652173913,0.591537633849465,0.605925097820011,0.249132279213266,0.56,0,0,0
"3459","340210033012",0.976657329598506,0.368822524709901,0.660926365795725,0.177871148459384,0.24,0,0,0
"3460","340210033013",0.974514563106796,0.681545273818905,0.737936772046589,0.265776699029126,0.48,0,0,0
"3461","340210033014",1,1,0.952191235059761,0.0514018691588785,0.36,0,0,0
"3462","340210033031",0.991857506361323,0.422710309158763,0.635172413793103,0.682442748091603,0.48,0,0,0
"3463","340210033032",0.925327174749808,0.569045723817105,0.885026737967914,0.448036951501155,0.52,0,0,0
"3464","340210033033",0.987951807228916,0.492306030775877,0.642682926829268,0.788693234476367,0.64,0,0,0
"3465","340210033034",1,0.604829580681677,0.869005847953216,0.896166134185304,0.48,0,0,0
"3466","340210033041",0.967244701348748,0.948568205727177,0.652747252747253,0.43040293040293,0.64,0,0,0
"3467","340210033042",1,1,0.692105263157895,0.508587786259542,0.36,0,0,0
"3468","340210034001",1,0.184655261378954,0,0.937007874015748,0.96,5,2,17
"3469","340210034002",0.943335993615323,0.295830816676733,0.269202087994034,0.664405426975259,0.96,2,0,11
"3470","340210035001",1,0.333074667701329,0.32967032967033,0.280927835051546,0.8,0,0,0
"3471","340210035002",0.912058023572076,NA,0.27086383601757,0.818676337262013,0.96,0,0,0
"3472","340210035003",0.980147475893364,0.255270978916084,0.190146266358737,0.694838343732274,0.92,0,0,0
"3473","340210035004",0.969171483622351,0.326174695301219,0.386885245901639,0.452793834296724,0.8,0,0,0
"3474","340210035005",1,NA,0.0947368421052632,0.488833746898263,0.76,0,0,0
"3475","340210035006",0.934518241347053,0.444642221431114,0.556106633601984,0.651669758812616,0.68,0,0,0
"3476","340210036011",0.957508731082654,0.280714877140491,0.337579617834395,0.672293364377183,0.96,0,0,6
"3477","340210036012",0.939311594202899,0.321758712965148,0.100392156862745,0.773097826086957,0.8,0,0,0
"3478","340210036021",0.903881700554529,0.324642701429194,0.428015564202335,0.639556377079482,0.72,0,0,0
"3479","340210036022",0.971461187214612,0.341150635397458,0.352059925093633,0.624429223744292,0.8,0,0,0
"3480","340210036023",0.873593646591661,0.235555057779769,0.211888782358581,0.622766379880874,0.88,0,0,0
"3481","340210037031",0.950279329608939,0.412810348758605,0.514307228915663,0.270949720670391,0.52,0,0,0
"3482","340210037032",0.971041281577326,0.497398010407958,0.6064453125,0.440542205791744,0.76,0,0,0
"3483","340210037033",0.989301237044467,NA,0.914634146341463,0.448345035105316,0.6,0,0,0
"3484","340210037034",1,NA,0.336363636363636,0.303516819571865,0.64,0,0,0
"3485","340210037041",1,0.488358046567814,0.70049504950495,0.22279792746114,0.68,0,0,0
"3486","340210037042",0.965728274173807,0.536665853336587,0.525316455696203,0.219094247246022,0.6,0,0,0
"3487","340210037061",0.980769230769231,0.465454138183447,0.694214876033058,0.351442307692308,0.32,0,0,0
"3488","340210037062",1,0.298570805716777,0.527616279069767,0.0957831325301205,0.36,0,0,0
"3489","340210037071",1,0.342058631765473,0.536388140161725,0.0808625336927224,0.68,0,0,0
"3490","340210037072",1,NA,0,1,0.6,0,0,0
"3491","340210037073",0.958155422715628,0.325590697637209,0.441401971522453,0.43526405451448,0.64,0,0,0
"3492","340210037081",0.974229691876751,0.410998356006576,0.591397849462366,0.337254901960784,0.56,0,0,0
"3493","340210037082",0.920980926430518,0.408998364006544,0.136514983351831,0.589193825042882,0.6,0,0,2
"3494","340210037083",1,0.605473578105688,0.733466933867735,0.152230971128609,0.56,0,0,0
"3495","340210037084",0.954075774971297,0.294130823476706,0.64375,0.199770378874856,0.56,0,0,0
"3496","340210038001",0.976544622425629,0.615949536201855,0.490430622009569,0.0835240274599542,0.24,0,0,0
"3497","340210038002",1,0.971424114303543,0.431208053691275,0.323809523809524,0.24,0,0,0
"3498","340210038003",1,0.53312186751253,0.523160762942779,0.221640488656195,0.28,0,0,0
"3499","340210038004",0.908602150537634,0.784156863372547,0.0879120879120879,0.338709677419355,0.52,0,0,0
"3500","340210038005",1,0.564789740841037,0.752631578947368,0.0285234899328859,0.28,0,0,0
"3501","340210038006",0.962512664640324,0.427330290678837,0.569463548830812,0.247213779128673,0.24,0,0,0
"3502","340210038007",0.982236154649948,0.549541801832793,0.638230647709321,0.0867293625914316,0.24,0,0,0
"3503","340210039021",0.968602825745683,0.614497542009832,0.772413793103448,0.0675039246467818,0.48,0,0,0
"3504","340210039022",0.995791245791246,0.48499806000776,0.629362214199759,0.0867003367003367,0.36,0,0,0
"3505","340210039031",0.974186307519641,1,0.902927580893683,0.121212121212121,0.32,0,0,0
"3506","340210039032",0.979428571428571,0.751664993340027,0.803225806451613,0.178285714285714,0.4,0,0,0
"3507","340210039033",0.981927710843373,0.372058511765953,0.605333333333333,0.200197238658777,0.52,0,0,0
"3508","340210039041",0.98030163127116,0.88190047239811,0.809334657398213,0.538627269929209,0.44,0,0,0
"3509","340210039042",0.988465396188566,0.526425894296423,0.665338645418327,0.251755265797392,0.36,0,0,0
"3510","340210039043",1,0.840904636381455,0.746506986027944,0.200258397932817,0.24,0,0,0
"3511","340210039051",0.997211895910781,1,0.805349182763744,0.172397769516729,0.2,0,0,0
"3512","340210039052",0.984832069339112,0.588569645721417,0.666199158485273,0.0790899241603467,0.24,0,0,0
"3513","340210039053",0.907158043940468,0.785224859100564,0.648241206030151,0.148121899362155,0.28,0,0,0
"3514","340210040001",0.994514106583072,0.579165683337267,0.829814459373001,0.229623824451411,0.56,0,0,0
"3515","340210040002",0.96850944716585,0.561069755720977,0.837861524978089,0.457662701189643,0.68,0,0,0
"3516","340210040003",0.970817120622568,0.716789132843469,0.648584905660377,0.428015564202335,0.6,0,0,0
"3517","340210040004",1,0.377762488950044,0.778888888888889,0.491341991341991,0.6,0,0,0
"3518","340210042031",0.990712074303406,1,0.827346465816918,0.447368421052632,0.28,0,0,0
"3519","340210042032",0.956912028725314,0.784164863340547,0.785063752276867,0.60263315380012,0.28,0,0,0
"3520","340210042033",1,1,0.826291079812207,0.342342342342342,0.2,0,0,0
"3521","340210042041",0.98881735005083,0.324026703893184,0.978931527464259,0.411385970857336,0.52,0,0,0
"3522","340210042042",0.998461538461539,1,0.943514644351464,0.195384615384615,0.4,0,0,0
"3523","340210042043",1,0.661665353338587,0.926294820717131,0.287749287749288,0.28,0,0,0
"3524","340210042044",1,1,0.976271186440678,0.201388888888889,0.44,0,0,0
"3525","340210042051",0.992786293958521,0.306022775908896,0.604872881355932,0.422406639004149,0.4,0,0,0
"3526","340210042052",1,1,0.950021358393849,0.265116279069767,0.48,0,0,0
"3527","340210042061",1,0.592141631433474,0.900124843945069,0.247118155619597,0.52,0,0,0
"3528","340210042062",0.935729847494553,0.622249511001956,0.845688350983359,0.483660130718954,0.56,0,0,0
"3529","340210043061",1,1,0.82947232947233,0.641598624838848,0.24,0,0,0
"3530","340210043062",0.941835260115607,0.872292510829957,0.845135290731146,0.702312138728324,0.36,0,0,0
"3531","340210043071",0.912756113681428,0.645949416202335,0.8905540417802,0.59517514871117,0.32,0,0,0
"3532","340210043072",0.881950774840474,0.879440482238071,0.867149758454106,0.604910714285714,0.36,0,0,0
"3533","340210043073",0.917361637604246,0.93499626001496,0.780821917808219,0.43062926459439,0.6,0,0,0
"3534","340210043091",1,0.80434478262087,0.515075376884422,0.389632107023411,0.44,0,0,0
"3535","340210043092",NA,NA,NA,NA,0.4,0,0,0
"3536","340210043093",0.992867332382311,0.599541601833593,0.73605577689243,0.649786019971469,0.48,0,0,0
"3537","340210043094",0.99198717948718,1,0.812556869881711,0.405982905982906,0.44,0,0,0
"3538","340210043095",0.981781376518219,0.798328806684773,0.636871508379888,0.230769230769231,0.44,0,0,0
"3539","340210043111",0.830808080808081,0.163571345714617,0.439024390243902,0.69949494949495,0.44,0,0,0
"3540","340210043112",1,0.731381074475702,0.806412583182093,0.590729001584786,0.48,0,0,0
"3541","340210043113",1,0.620525517897928,0.543280182232346,0.212690951821387,0.28,0,0,0
"3542","340210043114",0.936914736323312,0.423990304038784,0.718339100346021,0.36076885165106,0.32,0,0,0
"3543","340210043121",1,0.850452598189607,0.351877607788595,0.331337325349301,0.48,0,0,0
"3544","340210043122",1,0.94249623001508,0.770605759682224,0.321135646687697,0.4,0,0,0
"3545","340210043123",1,1,0.84549356223176,0.586206896551724,0.28,0,0,0
"3546","340210043131",1,0.352826588693645,0.86120218579235,0.69064505234718,0.44,0,0,0
"3547","340210043132",1,NA,0.581068416119963,0.864696734059098,0.56,0,0,0
"3548","340210043141",NA,NA,NA,NA,0.44,0,0,0
"3549","340210043142",NA,NA,NA,NA,0.44,0,0,0
"3550","340210043143",0.92378752886836,0.630933476266095,0.84,0.166281755196305,0.64,0,0,0
"3551","340210043144",0.973607038123167,0.409758360966556,0.926640926640927,0.403714565004888,0.36,0,0,0
"3552","340210043145",NA,NA,NA,NA,0.6,0,0,0
"3553","340210043146",1,0.561053755784977,0.950261780104712,0.693370165745856,0.64,0,0,0
"3554","340210043147",0.940966719492868,0.617997528009888,0.712389380530973,0.938589540412044,0.44,0,0,0
"3555","340210043151",1,1,0.948875255623722,0.826869806094183,0.4,0,0,0
"3556","340210043152",0.993303571428571,1,0.822736030828516,0.641517857142857,0.24,0,0,0
"3557","340210043161",1,1,0.815300546448087,0.438103599648815,0.36,0,0,0
"3558","340210043162",1,0.49625001499994,0.745415318230852,0.466464952092789,0.36,0,0,0
"3559","340210043163",0.972120322817315,1,0.829557713052859,0.546588407923698,0.36,0,0,0
"3560","340210044031",0.755090168702734,0.318594725621098,0.44435857805255,0.557882489819663,0.68,0,0,0
"3561","340210044032",0.9483407458091,0.555997776008896,0.331576635924462,0.34006158056791,0.72,0,0,0
"3562","340210044033",0.956628477905074,0.338570645717417,0.281790437436419,0.511456628477905,0.64,0,0,0
"3563","340210044041",0.912976153607928,0.537297850808597,0.38766709788702,0.569216475689068,0.4,0,0,0
"3564","340210044042",0.815950920245399,0.343214627141491,0.395629238884702,0.50920245398773,0.52,0,0,0
"3565","340210044043",0.835547411818598,0.462322150711397,0.415268456375839,0.53183692166743,0.48,0,0,0
"3566","340210044044",0.879282218597064,0.324710701157195,0.188087774294671,0.722675367047308,0.4,0,0,0
"3567","340210044061",0.990506329113924,0.718569125723497,0.641666666666667,0.263449367088608,0.44,0,0,0
"3568","340210044062",0.79755538579068,0.266318934724261,0.493815413891532,0.539343009931245,0.48,0,0,0
"3569","340210044063",1,0.442578229687081,0.537679932260796,0.47921760391198,0.4,0,0,0
"3570","340210044064",0.949053857350801,0.188623245507018,0.354330708661417,0.708879184861718,0.6,0,0,0
"3571","340210044071",1,0.516133935464258,0.797427652733119,0.302449414270501,0.44,0,0,0
"3572","340210044072",0.988003427592117,0.456070175719297,0.5,0.258783204798629,0.36,0,0,0
"3573","340210044073",1,0.740237039051844,0.709972552607502,0.235816814764183,0.28,0,0,0
"3574","340210044074",0.880747126436782,0.250178999284003,0.251152073732719,0.656034482758621,0.44,0,0,0
"3575","340210044081",0.978843441466855,0.326538693845225,0.563318777292576,0.76163610719323,0.52,0,0,0
"3576","340210044082",0.968436154949785,0.682689269242923,0.832543443917852,0.777618364418938,0.44,0,0,0
"3577","340210044083",1,0.800864796540814,0.729689807976366,0.476951163852122,0.28,0,0,0
"3578","340210044091",0.890699904122723,0.36127455490178,0.409986859395532,0.659156279961649,0.48,0,0,0
"3579","340210044092",0.956826137689615,0.532349870600518,0.325418994413408,0.457409568261377,0.44,0,0,0
"3580","340210044093",1,NA,0.625454545454545,0.895348837209302,0.6,0,0,0
"3581","340210045011",0.976598412035102,NA,0.925925925925926,0.527789385708316,0.6,0,0,0
"3582","340210045012",0.93394495412844,0.743329026683893,0.93854748603352,0.512844036697248,0.68,0,0,0
"3583","340210045013",0.988668555240793,0.83499666001336,0.836695485110471,0.198300283286119,0.64,0,0,0
"3584","340210045014",0.974419706300332,NA,0.901515151515151,0.53671245855045,0.56,0,0,0
"3585","340210045021",1,0.513329946680213,0.616141732283465,0.308426073131955,0.44,0,0,0
"3586","340210045022",0.988532110091743,0.85499658001368,0.957178841309824,0.121559633027523,0.44,0,0,0
"3587","340219800001",NA,NA,0.0288753799392097,0.805745554035568,0.72,5,1,11
"3588","340230001011",0.997946611909651,0.386082455670177,0.504364694471387,0.158110882956879,0.56,0,0,0
"3589","340230001012",0.94258872651357,0.414234343062628,0.451567944250871,0.285490605427975,0.8,0,0,0
"3590","340230001021",1,0.406778372886508,0.522198731501057,0.398868458274399,0.72,0,0,0
"3591","340230001022",0.989327146171694,0.636621453514186,0.310835913312694,0.322041763341067,0.8,0,0,0
"3592","340230001023",0.922950819672131,0.451710193159227,0.401923076923077,0.329508196721311,0.84,0,0,0
"3593","340230001024",1,0.565453738185047,0.769230769230769,0.367521367521368,0.76,0,0,0
"3594","340230002001",0.897959183673469,0.424114303542786,0.306299782766112,0.621070049641478,0.8,0,0,0
"3595","340230002002",0.953237410071942,0.330414678341287,0.262321144674086,0.363309352517986,0.84,0,0,0
"3596","340230002003",0.911955514365153,0.376058495766017,0.281236203090508,0.662032746370096,0.76,0,0,0
"3597","340230002004",0.70076169749728,NA,0.116847826086957,0.677685950413223,0.64,0,0,0
"3598","340230003001",0.928918817807707,0.393570425718297,0.409488139825218,0.570145903479237,0.84,0,0,0
"3599","340230003002",0.829928216454997,0.249911000355999,0.155136268343816,0.747101049144119,0.84,0,0,0
"3600","340230003003",0.972267536704731,0.444310222759109,0.279843444227006,0.442903752039152,0.76,0,0,0
"3601","340230003004",0.851165254237288,0.462666149335403,0.389904901243599,0.686970338983051,0.88,0,0,0
"3602","340230004011",0.98374613003096,0.393458426166295,0.240583232077764,0.743808049535604,0.84,0,0,0
"3603","340230004012",0.991876523151909,0.519541921832313,0.304029304029304,0.627944760357433,0.72,0,0,0
"3604","340230004013",0.977977977977978,0.63499746001016,0.491255961844197,0.737737737737738,0.56,0,0,0
"3605","340230004031",0.993853427895981,0.55249779000884,0.658405894172806,0.816075650118203,0.68,0,0,0
"3606","340230004032",0.965227145260796,0.618457526169895,0.628125,0.706674144699944,0.64,0,0,0
"3607","340230004033",0.916986564299424,0.469442122231511,0.400525279054498,0.796545105566219,0.64,0,0,0
"3608","340230004041",0.972543352601156,0.438706245175019,0.353333333333333,0.630057803468208,0.68,0,0,0
"3609","340230004042",0.949050086355786,0.388458446166215,0.546478873239437,0.843696027633851,0.64,0,0,0
"3610","340230004043",0.945976364659538,0.373446506213975,0.404814004376368,0.777152504220597,0.84,0,0,0
"3611","340230004044",0.975420439844761,0.489542041831833,0.331975560081466,0.569642087106511,0.64,0,0,0
"3612","340230005011",0.987485101311085,0.408222367110532,0.137988362427265,0.901668653158522,0.68,0,0,0
"3613","340230005012",0.824980724749422,0.481362074551702,0.253715498938429,0.909020817270625,0.76,0,0,0
"3614","340230005013",0.896604156107451,0.387566449734201,0.443396226415094,0.842372022301064,0.88,0,0,0
"3615","340230005031",0.948763250883392,0.53687385250459,0.654292343387471,0.840989399293286,0.68,0,0,0
"3616","340230005032",0.892447607750099,0.485498058007768,0.392396907216495,0.770660340055358,0.8,0,0,0
"3617","340230005041",0.891777188328913,0.370918516325935,0.5423855963991,0.903978779840849,0.68,0,0,0
"3618","340230005042",0.817453625632378,0.360574557701769,0.477112676056338,0.915682967959528,0.68,0,0,0
"3619","340230005043",0.77984496124031,0.397270410918356,0.648111332007952,0.782945736434108,0.68,0,0,0
"3620","340230006031",0.941216216216216,0.614113543545826,0.577507598784195,0.662837837837838,0.6,0,0,0
"3621","340230006032",0.960410557184751,0.59499762000952,0.641404805914972,0.496350364963504,0.88,0,0,0
"3622","340230006081",0.945464663327768,0.41312234751061,0.564909520062943,0.81858653311074,0.6,0,0,0
"3623","340230006091",0.89497262319562,0.696589213643145,0.674649050371594,0.796913887506222,0.6,0,0,0
"3624","340230006092",0.943589743589744,0.408034367862529,0.780927835051546,0.941880341880342,0.68,0,0,0
"3625","340230006101",0.964015151515151,0.374042503829985,0.721345229924502,0.934659090909091,0.68,0,0,0
"3626","340230006102",0.934315169366716,0.56999772000912,0.398933989339893,0.86539027982327,0.6,0,0,0
"3627","340230007011",0.959156785243742,0.528497886008456,0.616438356164384,0.689064558629776,0.72,0,0,0
"3628","340230007012",0.963267891070298,0.73687305250779,0.579181494661922,0.748575047498417,0.64,0,0,0
"3629","340230007013",0.889247311827957,0.257974968100128,0.508064516129032,0.62258064516129,0.76,0,0,0
"3630","340230007021",0.919159770846595,0.503213987144051,0.581981981981982,0.745396825396825,0.56,0,0,0
"3631","340230007022",0.998310810810811,0.29499882000472,0.32995951417004,0.442567567567568,0.52,0,0,0
"3632","340230007023",1,0.61499754000984,0.405683192261185,0.520119863013699,0.48,0,0,0
"3633","340230007024",0.993981083404987,0.63937344250623,0.596473029045643,0.692175408426483,0.44,0,0,0
"3634","340230008011",0.974389517569982,0.419542321830713,0.376554174067496,0.537820131030375,0.64,0,0,1
"3635","340230008012",0.975609756097561,0.581173675305299,0.431778929188256,0.722721437740693,0.72,0,0,0
"3636","340230008013",1,0.528589885640457,0.278586278586279,0.512526843235505,0.72,0,0,0
"3637","340230008021",0.964245810055866,0.563997744009024,0.484437350359138,0.284916201117318,0.6,0,0,0
"3638","340230008022",0.979723502304148,0.49122603509586,0.261808367071525,0.521658986175115,0.72,0,0,0
"3639","340230009011",0.921311475409836,0.52749789000844,0.39612676056338,0.390573770491803,0.64,0,0,0
"3640","340230009021",0.947817836812144,0.591593633625465,0.350467289719626,0.34819734345351,0.56,0,0,0
"3641","340230009022",0.993326978074357,0.266098935604258,0.228050171037628,0.498570066730219,0.68,0,0,0
"3642","340230009023",1,0.470574117703529,0.336122733612273,0.348439073514602,0.72,0,0,0
"3643","340230009024",1,0.480906076375694,0.412663755458515,0.510869565217391,0.68,0,0,0
"3644","340230009025",1,0.392914428342287,0.426086956521739,0.215579710144928,0.48,0,0,0
"3645","340230010011",0.988950276243094,0.54187383250467,0.479331941544885,0.519950890116636,0.88,0,0,0
"3646","340230010031",0.876899696048632,0.35499858000568,0.196213425129088,0.585106382978723,0.76,0,0,0
"3647","340230010032",0.9913336543091,0.349166603333587,0.39407598197038,0.55560905151661,0.76,0,0,0
"3648","340230010033",0.983695652173913,0.67062131751473,0.612036539494895,0.613354037267081,0.76,0,0,0
"3649","340230010041",0.829036635006784,0.375354498582006,0.740983606557377,0.609226594301221,0.8,0,0,0
"3650","340230010042",0.993044822256569,0.661281354874581,0.615690168818272,0.812624584717608,0.72,0,0,0
"3651","340230011001",0.956661316211878,0.383714465142139,0.865413533834586,0.482611021936865,0.72,0,0,1
"3652","340230011002",0.964071856287425,0.733329066683733,0.981818181818182,0.441402908468777,0.72,0,0,2
"3653","340230011003",0.993614931237721,0.336314654741381,0.710495963091119,0.724054316197866,0.6,0,0,2
"3654","340230012001",0.568268497330282,0.254690981236075,0.434537246049661,0.539282990083905,0.68,0,0,0
"3655","340230012002",0.955182072829132,1,0.706013363028953,0.186274509803922,0.64,0,0,0
"3656","340230012003",1,0.377050491798033,0.568982880161128,0.401651651651652,0.6,0,0,0
"3657","340230012004",0.887201735357918,0.317830728677085,0.490349819059107,0.59175704989154,0.64,0,0,0
"3658","340230013001",0.993846153846154,0.507725969096124,0.752941176470588,0.256410256410256,0.52,0,0,0
"3659","340230013002",0.971796140524493,0.487082051671793,0.865755627009646,0.268678871845621,0.64,0,0,1
"3660","340230013003",0.947495961227787,0.234767060931756,0.722100656455142,0.512116316639742,0.72,0,0,2
"3661","340230014091",1,0.708177167291331,0.623376623376623,0.656036446469248,0.44,0,0,0
"3662","340230014092",0.994090610636901,0.684329262682949,0.649493243243243,0.742613263296126,0.72,0,0,0
"3663","340230014093",0.95518453427065,0.68249727001092,0.678571428571429,0.796133567662566,0.6,0,0,0
"3664","340230014101",0.906758448060075,0.782080871676513,0.788333333333333,0.957446808510638,0.56,0,0,0
"3665","340230014102",0.948698017877963,0.248499006003976,0.556108347153123,0.797512631169841,0.48,0,0,0
"3666","340230014111",0.885,0.607997568009728,0.668485675306958,0.868,0.52,0,0,0
"3667","340230014112",0.982358402971216,0.640213439146243,0.668918918918919,0.813370473537604,0.48,0,0,0
"3668","340230014113",0.957431457431457,0.925412298350807,0.640342530922931,0.931457431457431,0.56,0,0,0
"3669","340230014121",1,0.804780780876877,0.864912280701754,0.86768726079825,0.56,0,0,0
"3670","340230014122",0.990241397021058,0.65562137751449,0.680216802168022,0.660749506903353,0.48,0,0,0
"3671","340230014131",0.969269703543022,0.346666613333547,0.624225739848589,0.894432393347795,0.52,0,0,0
"3672","340230014132",0.971523178807947,0.580353678585286,0.829338446788111,0.847682119205298,0.4,0,0,0
"3673","340230014133",0.894218942189422,0.991920032319871,0.768581081081081,0.816184971098266,0.56,0,0,0
"3674","340230014141",1,0.495874016503934,0.807619047619048,0.985907859078591,0.52,0,0,0
"3675","340230014142",1,0.60374958500166,0.828025477707006,0.821583986074848,0.6,0,0,0
"3676","340230014143",0.975097276264591,0.870248519005924,0.712066905615293,0.843579766536965,0.6,0,0,0
"3677","340230014144",1,0.610905556377774,0.758620689655172,0.768880208333333,0.56,0,0,0
"3678","340230014151",0.974107142857143,0.931476274094904,0.685714285714286,0.690178571428571,0.6,0,0,0
"3679","340230014152",1,0.716941132235471,0.746770025839793,0.679775280898876,0.48,0,0,0
"3680","340230014153",0.993677555321391,0.807688769244923,0.723947550034507,0.626448893572181,0.4,0,0,0
"3681","340230014154",0.984095427435388,0.889440442238231,0.705146036161335,0.443339960238569,0.48,0,0,0
"3682","340230014155",1,0.856996572013712,0.763218390804598,0.75,0.52,0,0,0
"3683","340230014171",1,1,0.813842482100239,0.742489270386266,0.68,0,0,0
"3684","340230014172",0.991484184914842,0.70499718001128,0.72397476340694,0.684883720930233,0.68,0,0,0
"3685","340230014181",0.795315682281059,0.650589397642409,0.669740150880134,1,0.64,0,0,0
"3686","340230014182",0.91140642303433,0.287058851764593,0.565789473684211,1,0.8,0,0,0
"3687","340230014183",1,0.508225967096132,0.627631578947368,0.840796019900497,0.72,0,0,0
"3688","340230014184",0.975397973950796,0.44437422250311,0.573221757322176,0.589001447178003,0.68,0,0,0
"3689","340230014191",1,NA,0,0,0.6,0,0,0
"3690","340230014192",0.969046114971573,0.398198407206371,0.686256362795002,0.829437776373973,0.76,0,0,0
"3691","340230015021",0.844050258684405,0.34499862000552,0.154878048780488,0.926007326007326,0.76,0,0,0
"3692","340230015022",0.950934579439252,0.387134451462194,0.418918918918919,0.790303738317757,0.72,0,0,0
"3693","340230015023",0.986680327868853,0.523177907288371,0.584239130434783,0.5,0.68,0,0,0
"3694","340230015024",0.96164139161463,0.56499774000904,0.703732503888025,0.0825156110615522,0.68,0,0,0
"3695","340230015041",1,0.905292378830485,0.813953488372093,0.810773480662983,0.64,0,0,0
"3696","340230015042",0.901277584204414,0.370794516821933,0.277616279069767,0.957026713124274,0.64,0,0,0
"3697","340230015043",1,0.486462054151783,0.751918158567775,1,0.6,0,0,0
"3698","340230015044",0.989247311827957,0.588485646057416,0.76355748373102,0.746543778801843,0.68,0,0,0
"3699","340230015045",0.817244611059044,0.292726829092684,0.656695156695157,0.781630740393627,0.76,0,0,0
"3700","340230015051",0.982926829268293,0.541921832312671,0.751565762004175,0.937073170731707,0.64,0,0,0
"3701","340230015061",0.927816901408451,0.521361914552342,0.646067415730337,0.897456600726686,0.64,0,0,0
"3702","340230015062",0.937531234382809,0.611353554585782,0.322881355932203,0.835582208895552,0.72,0,0,0
"3703","340230015063",0.981765134938001,0.412938348246607,0.732323232323232,0.908629441624365,0.72,0,0,0
"3704","340230016001",0.922912205567452,0.45499818000728,0.354359925788497,0.582441113490364,0.68,0,0,0
"3705","340230016002",0.954022988505747,0.495906016375935,0.328671328671329,0.723499361430396,0.6,0,0,0
"3706","340230016003",0.897679324894515,0.44499822000712,0.37468982630273,0.232067510548523,0.64,0,0,0
"3707","340230016004",0.806673209028459,0.26749893000428,0.207970112079701,0.701668302257115,0.72,0,0,0
"3708","340230016005",0.798290598290598,NA,0.359832635983264,0.68034188034188,0.68,0,0,0
"3709","340230017011",0.901277584204414,0.616665533337867,0.580065359477124,0.64924506387921,0.68,0,0,0
"3710","340230017012",0.986215538847118,0.378526485894056,0.405309734513274,0.293233082706767,0.68,0,0,0
"3711","340230017013",1,0.392870428518286,0.414617940199336,0.541726965750121,0.56,0,0,0
"3712","340230017014",0.90020366598778,0.515829936680253,0.279456193353474,0.604378818737271,0.6,0,0,0
"3713","340230017021",0.878581173260573,0.360554557781769,0.318260869565217,0.511596180081855,0.64,0,0,0
"3714","340230017022",0.968536969061353,0.402186391254435,0.367071524966262,0.550078657577347,0.68,0,0,0
"3715","340230017023",0.970949720670391,0.560461758152967,0.358391608391608,0.598882681564246,0.68,0,0,0
"3716","340230018031",0.940191387559809,0.419202323190707,0.435401831129196,0.366028708133971,0.72,0,0,0
"3717","340230018032",1,0.387166451334195,0.264347826086957,0.511627906976744,0.72,0,0,0
"3718","340230018033",0.962449451184286,0.469498122007512,0.394599303135888,0.616984402079723,0.88,0,0,0
"3719","340230018041",0.821580288870008,0.201499194003224,0.232346241457859,0.561597281223449,0.68,0,0,0
"3720","340230018042",0.991917707567965,0.401954392182431,0.316455696202532,0.361498897869214,0.76,0,0,0
"3721","340230018043",0.930685920577617,0.314022743909024,0.319532908704883,0.63826714801444,0.72,0,0,0
"3722","340230018051",0.986772486772487,0.421470314118744,0.650485436893204,0.83968253968254,0.72,0,0,0
"3723","340230018052",0.897666068222621,0.727017091931632,0.559821428571429,0.757031717534411,0.8,0,0,0
"3724","340230018053",1,0.386598453606186,0.42671009771987,0.712757201646091,0.84,0,0,0
"3725","340230018054",0.907840440165062,0.671513313946744,0.543689320388349,0.701513067400275,0.72,0,0,0
"3726","340230018061",0.910811947833403,0.255362978548086,0.496724240619416,0.822885990744636,0.64,0,0,0
"3727","340230018062",NA,NA,NA,NA,0.72,0,0,0
"3728","340230018063",1,0.70499718001128,0.974151857835218,0.99232245681382,0.64,0,0,0
"3729","340230018064",1,NA,0.730769230769231,1,0.76,0,0,0
"3730","340230018065",NA,NA,NA,NA,0.76,0,0,0
"3731","340230018066",NA,NA,NA,NA,0.76,0,0,0
"3732","340230018067",1,NA,0.288888888888889,0,0.76,0,0,0
"3733","340230019011",0.949063231850117,0.375786496854013,0.552715654952077,0.739522546419098,0.72,0,0,0
"3734","340230019012",1,0.671173315306739,0.508407517309594,0.648580441640379,0.68,0,0,0
"3735","340230019013",0.813842482100239,0.227883088467646,0.40843023255814,0.726072607260726,0.76,0,0,0
"3736","340230019021",0.940298507462687,0.401666393334427,0.324853228962818,0.30393487109905,0.84,0,0,0
"3737","340230019022",1,0.379542481830073,0.288848263254113,0.483236994219653,0.88,0,0,0
"3738","340230019023",0.980494148244473,0.256922972308111,0.417562724014337,0.618556701030928,0.76,0,0,0
"3739","340230019031",0.949693251533742,0.431666273334907,0.416541353383459,0.30920245398773,0.72,0,0,0
"3740","340230019032",0.874483897605285,0.2937708249167,0.389810426540284,0.755573905862923,0.68,0,0,0
"3741","340230019033",0.973725696269049,0.308198767204931,0.358832807570978,0.590646347871781,0.8,0,0,0
"3742","340230020001",0.967557251908397,0.64499742001032,0.65847140566542,0.522900763358779,0.8,0,0,0
"3743","340230020002",1,0.456110175559298,0.59245960502693,0.406827880512091,0.68,0,0,0
"3744","340230020003",0.975920679886686,0.752688989244043,0.551411290322581,0.491501416430595,0.76,0,0,0
"3745","340230021011",1,0.906496374014504,0.786296900489396,0.32,0.68,0,0,0
"3746","340230021012",1,1,0.804661487236404,0.209785025945145,0.6,0,0,0
"3747","340230021021",0.981546572934974,0.591109635561458,0.766042780748663,0.381370826010545,0.6,0,0,0
"3748","340230021022",0.987915407854985,0.808996764012944,0.763754045307443,0.201409869083585,0.64,0,0,0
"3749","340230021023",0.976025572722429,0.519061923752305,0.606010016694491,0.452317527970165,0.76,0,0,0
"3750","340230022001",0.986172218730358,0.520421918312327,0.547445255474453,0.377749842866122,0.8,0,0,0
"3751","340230022002",1,0.700553197787209,0.509700176366843,0.330166270783848,0.8,0,0,0
"3752","340230022003",0.994223363286264,0.464498142007432,0.514134275618375,0.394094993581515,0.64,0,0,0
"3753","340230023011",0.989108910891089,0.61499754000984,0.379382889200561,0.305940594059406,0.68,0,0,0
"3754","340230023012",0.973863042341871,0.597601609593562,0.434447300771208,0.245687401986409,0.64,0,0,0
"3755","340230023021",0.996907216494845,0.671537313850745,0.508396946564886,0.532474226804124,0.68,0,0,0
"3756","340230023022",0.980910425844347,0.471426114295543,0.548563611491108,0.187958883994126,0.6,0,0,0
"3757","340230024011",0.977630488815244,0.308946764212943,0.352908587257618,0.425020712510356,0.68,0,0,0
"3758","340230024012",0.937012987012987,0.43810224759101,0.455502392344498,0.444805194805195,0.68,0,0,0
"3759","340230024013",0.978165938864629,0.46562213751145,0.534391534391534,0.506550218340611,0.72,0,0,0
"3760","340230024014",0.892355694227769,0.51187395250419,0.361788617886179,0.143525741029641,0.84,0,0,2
"3761","340230024015",0.985454545454545,0.64499742001032,0.514372163388805,0.24969696969697,0.64,0,0,1
"3762","340230024021",0.996075866579464,0.531329874680501,0.489991296779809,0.593198168737737,0.8,0,0,2
"3763","340230025001",0.979699911738747,0.572829708681165,0.448160535117057,0.620476610767873,0.72,0,0,0
"3764","340230025002",0.947449768160742,0.404406382374471,0.571736785329018,0.953632148377125,0.76,0,0,0
"3765","340230025003",0.968558282208589,0.700765196939212,0.575925925925926,0.820552147239264,0.76,0,0,0
"3766","340230025004",0.876318312559923,0.289230843076628,0.387332521315469,0.688398849472675,0.68,0,0,0
"3767","340230025005",0.977885279889426,0.355070579717681,0.601086956521739,0.889426399447132,0.68,0,0,0
"3768","340230026031",0.989337641357028,0.621797512809949,0.686573670444638,0.832310177705977,0.72,0,0,0
"3769","340230026032",0.971022416621104,0.307946768212927,0.573352232459249,0.856205576817933,0.76,0,0,0
"3770","340230026041",0.918367346938776,0.523669905320379,0.419437340153453,0.297719087635054,0.72,0,0,0
"3771","340230026042",0.961818181818182,0.302690789236843,0.155363748458693,0.818181818181818,0.8,0,0,0
"3772","340230026043",1,0.572149711401154,0.266753415744958,0.627353815659068,0.76,0,0,0
"3773","340230026044",0.951167728237792,NA,0.32156862745098,0.701698513800425,0.6,0,0,0
"3774","340230026045",1,0.890104439582242,0.459239130434783,0.249560632688928,0.72,0,0,0
"3775","340230026046",0.980848153214774,0.611141555433778,0.523992322456814,0.674418604651163,0.6,0,0,0
"3776","340230026051",0.942633637548892,0.41499834000664,0.307155322862129,0.445893089960887,0.72,0,0,0
"3777","340230026052",0.985334057577404,0.426090295638817,0.371538956857695,0.430200977729495,0.92,0,0,3
"3778","340230027011",0.906295050456511,0.333178667285331,0.517518248175182,0.906775588659298,0.88,3,3,5
"3779","340230027012",0.877148634984833,NA,0.219494047619048,0.664307381193124,0.92,0,0,3
"3780","340230027013",0.939309056956116,0.332154671381314,0.231738035264484,0.443510737628385,0.88,0,0,0
"3781","340230027031",0.975039001560062,0.49749801000796,0.171597633136095,0.675507020280811,0.88,0,0,3
"3782","340230027032",1,0.394406422374311,0.0794701986754967,0.335443037974684,0.88,0,0,0
"3783","340230027033",0.948964123294593,0.298330806676773,0.417218543046358,0.713491662455786,0.88,0,0,0
"3784","340230027034",0.970023980815348,0.393686425254299,0.376058041112455,0.631494804156675,0.84,0,0,0
"3785","340230027035",1,0.484626061495754,0.364,0.398970398970399,0.76,0,0,0
"3786","340230028051",0.94847972972973,0.50999796000816,0.234184239733629,0.427364864864865,0.8,0,0,0
"3787","340230028052",0.921830985915493,0.48875004499982,0.37248322147651,0.361267605633803,0.84,0,0,0
"3788","340230029011",0.937931034482759,0.5249979000084,0.510416666666667,0.498522167487685,0.84,0,0,0
"3789","340230029012",0.952660242982824,0.590197639209443,0.272832369942197,0.561374109761206,0.84,0,0,0
"3790","340230029021",0.934876989869754,0.143875424498302,0.212631578947368,0.464544138929088,0.92,0,0,0
"3791","340230029022",0.946759259259259,0.336782652869389,0.306651634723788,0.543981481481482,0.92,0,0,0
"3792","340230029023",0.812685827552032,0.312998748005008,0.228013029315961,0.711595639246779,0.96,0,0,0
"3793","340230030011",0.926051560379919,0.352830588677645,0.288181818181818,0.474898236092266,0.84,0,0,0
"3794","340230030012",0.991917377638078,0.482242071031716,0.235101506221349,0.373147732375393,0.92,0,0,0
"3795","340230030013",0.893922651933702,0.477222091111636,0.341301460823373,0.266298342541436,0.88,0,0,0
"3796","340230030021",1,0.438798244807021,0.845551601423488,0.975011568718186,0.64,0,0,0
"3797","340230030022",1,0.537057851768593,0.464615384615385,0.602253032928943,0.88,0,0,0
"3798","340230030023",0.960411311053985,0.399022403910384,0.636,0.851413881748072,0.8,0,0,0
"3799","340230030024",1,0.429506281974872,0.702539298669891,0.779574468085106,0.64,0,0,0
"3800","340230031011",0.976721629485936,0.34875060499758,0.388268156424581,0.736178467507274,0.76,0,0,0
"3801","340230031012",0.87701317715959,0.56624973500106,0.49390243902439,0.654465592972182,0.76,0,0,0
"3802","340230031013",0.86600142551675,0.506313974744101,0.246501614639397,0.718460441910192,0.72,0,0,0
"3803","340230031021",0.964025500910747,0.543329826680693,0.437162162162162,0.669854280510018,0.76,0,0,0
"3804","340230031022",0.971190781049936,0.44313022747909,0.4995904995905,0.618437900128041,0.6,0,0,0
"3805","340230031023",0.964539007092199,0.463682145271419,0.247826086956522,0.735224586288416,0.76,0,0,0
"3806","340230032011",0.994578610152785,0.800676797292811,0.381578947368421,0.445046821094135,0.72,0,0,0
"3807","340230032012",0.93167701863354,0.560889756440974,0.507978723404255,0.768633540372671,0.72,0,0,0
"3808","340230032013",0.953009068425392,0.431666273334907,0.259893048128342,0.563891178895301,0.72,0,0,0
"3809","340230032031",0.988186650915535,0.362142551429794,0.310517529215359,0.64619019492026,0.88,0,0,0
"3810","340230032032",0.981967213114754,0.422142311430754,0.262180974477958,0.6,0.88,0,0,0
"3811","340230032033",0.880281690140845,0.246743013027948,0.402374670184697,0.445674044265594,0.92,0,0,0
"3812","340230032034",0.901639344262295,0.248699005203979,0.303448275862069,0.676814988290398,0.88,0,0,0
"3813","340230033001",0.909973045822102,0.33252666989332,0.276436303080766,0.774123989218329,0.76,0,0,0
"3814","340230033002",0.975553857906799,0.325062699749201,0.2044525215811,0.658135981665393,0.92,0,0,0
"3815","340230033003",0.902912621359223,NA,0.0938914027149321,1,0.96,0,0,1
"3816","340230034011",0.992323796231682,0.425554297782809,0.176171079429735,0.624563852058618,0.92,0,0,0
"3817","340230034012",0.878633720930233,0.535497858008568,0.301670146137787,0.536337209302326,0.92,0,0,0
"3818","340230034013",0.965065502183406,0.208055167779329,0.252354048964218,0.595303867403315,0.96,0,0,1
"3819","340230034014",0.975903614457831,0.36499854000584,0.270509977827051,0.188755020080321,0.8,0,0,1
"3820","340230034015",NA,NA,NA,NA,0.68,1,1,3
"3821","340230035001",0.921897810218978,0.592725629097484,0.369811320754717,0.78978102189781,0.84,2,2,3
"3822","340230035002",0.986266094420601,0.368266526933892,0.257946210268949,0.666952789699571,0.84,2,2,2
"3823","340230035003",0.831955922865014,0.310202759188963,0.286783042394015,0.597796143250689,0.88,2,2,3
"3824","340230036011",0.940747101760412,0.292390830436678,0.351668726823239,0.837698583082868,0.88,3,3,5
"3825","340230036012",0.880613362541073,0.319942720229119,0.146722164412071,0.795180722891566,0.92,3,2,5
"3826","340230036013",0.947795823665893,0.470714117143531,0.304483188044832,0.823279195668987,0.92,3,2,4
"3827","340230037001",0.952631578947368,0.413054347782609,0.261558784676354,0.806140350877193,0.84,0,0,6
"3828","340230037002",0.860482103725347,0.28065087739649,0.427513227513228,0.715850986121256,0.84,0,0,3
"3829","340230037003",0.924163568773234,0.373634505461978,0.326898326898327,0.706319702602231,0.84,0,0,6
"3830","340230038011",0.983388704318937,0.243331026675893,0.191099476439791,0.590033222591362,0.92,2,1,4
"3831","340230038012",0.932170542635659,NA,0.249243188698285,0.789405684754522,0.8,0,0,2
"3832","340230038013",0.476876876876877,0.314262742949028,0.102851323828921,0.817417417417417,0.68,0,0,2
"3833","340230038014",0.870300751879699,0.644441422234311,0.156976744186047,0.859022556390977,0.76,1,1,2
"3834","340230038021",0.910118711136235,NA,0.417467248908297,0.903900508762012,0.8,2,1,4
"3835","340230038022",0.891444713478612,0.243067027731889,0.288294797687861,0.862389023405973,0.8,1,1,2
"3836","340230040001",0.892537313432836,0.183499266002936,0.133004926108374,0.904477611940299,0.8,2,0,3
"3837","340230040002",0.935926773455378,0.327294690821237,0.15526950925181,0.797675149230286,0.8,0,0,0
"3838","340230040003",0.843062926459439,0.272378910484358,0.188487584650113,0.940106141015921,0.76,0,0,0
"3839","340230041001",0.842406876790831,0.266666933332267,0.126346718903036,0.853151862464183,0.8,0,0,1
"3840","340230041002",0.910383189122373,0.299282802868789,0.127825409197194,0.661310259579728,0.88,1,0,1
"3841","340230042001",0.883344134802333,0.32315070739717,0.106699751861042,0.917088607594937,0.76,1,0,3
"3842","340230042002",0.814707585408222,0.288830844676621,0.128456735057984,0.855819339895773,0.8,1,1,3
"3843","340230043001",0.868421052631579,0.258538965844137,0.150205761316872,0.870927318295739,0.64,3,0,3
"3844","340230043002",0.647375504710633,0.451366194535222,0.179012345679012,0.66621803499327,0.76,2,0,3
"3845","340230043003",0.888157894736842,NA,0.17201166180758,0.959703947368421,0.76,1,0,7
"3846","340230044001",0.962245885769603,0.158803364786541,0.436224489795918,0.807357212003872,0.72,1,0,5
"3847","340230044002",0.856551009839461,0.235923056307775,0.0912442396313364,0.788710512687727,0.68,2,1,7
"3848","340230044003",0.737071311921611,0.198799204803181,0.225439503619442,0.86173108328797,0.72,2,2,9
"3849","340230045011",0.797353760445682,NA,0.0606796116504854,0.996518105849582,0.76,3,0,10
"3850","340230045012",0.645654250238777,0.262738949044204,0,0.915950334288443,0.72,1,0,6
"3851","340230045013",0.859744094488189,0.145971416114336,0.154952076677316,0.987204724409449,0.72,3,1,10
"3852","340230045021",0.885526315789474,0.15560337758649,0,0.765789473684211,0.76,4,4,4
"3853","340230045022",0.828250401284109,0.266782932868269,0.299798792756539,0.936115569823435,0.8,3,1,10
"3854","340230046001",0.771543086172345,0.147751408994364,0.0412903225806452,0.884769539078156,0.68,7,5,8
"3855","340230046002",0.662463627546072,0.0772356910572358,0.0935460478607687,0.876333656644035,0.76,8,1,10
"3856","340230046003",0.775573465592065,0.199635201459194,0.116985376827897,0.791072535647861,0.72,7,1,9
"3857","340230046004",0.714638157894737,0.234819060723757,0.0370919881305638,0.887335526315789,0.8,7,4,8
"3858","340230046005",0.816062176165803,0.39249843000628,0.260143198090692,0.765544041450777,0.8,6,5,8
"3859","340230047001",0.692146596858639,NA,0.12093023255814,0.556020942408377,0.72,2,2,10
"3860","340230047002",0.771869639794168,0.322962708149167,0.0383631713554987,0.934819897084048,0.88,1,1,3
"3861","340230047003",0.837173579109063,0.274562901748393,0.164268585131894,0.794930875576037,0.88,3,1,10
"3862","340230048001",0.782525510204082,0.0941676233295067,0.116279069767442,0.900510204081633,0.84,1,0,5
"3863","340230048002",0.775885558583106,0.184259262962948,0.113636363636364,0.927792915531335,0.88,2,1,5
"3864","340230048003",0.551997358864312,0.157467370130519,0.020586946999562,0.916461916461916,1,4,4,11
"3865","340230049001",0.86624704956727,0.133999464002144,0.273457099849473,0.810210444271239,0.8,6,4,10
"3866","340230049002",0.90381679389313,0.145931416274335,0.119565217391304,0.880916030534351,0.8,6,2,12
"3867","340230049003",0.742857142857143,0.36499854000584,0.139760837070254,0.846938775510204,0.8,5,3,11
"3868","340230050001",0.812130177514793,0.359626561493754,0.371323529411765,0.732248520710059,0.72,2,2,8
"3869","340230050002",0.898657427457774,0.380846476614094,0.161057692307692,0.886530965786055,0.76,3,1,9
"3870","340230050003",0.781971580817052,0.317998728005088,0.122448979591837,0.953818827708703,0.84,3,2,9
"3871","340230051001",0.980176211453744,0.479282082871669,0.526881720430108,0.092511013215859,0.56,1,1,2
"3872","340230051002",0.957162440027416,0.137407450370199,0.586134453781513,0.339958875942426,0.76,3,1,3
"3873","340230051003",0.927435792906645,0.143267426930292,0.55440414507772,0.395434162250306,0.68,2,1,2
"3874","340230051004",0.988505747126437,0.402690389238443,0.852830188679245,0.409855769230769,0.48,1,0,2
"3875","340230052001",0.834733893557423,0.104295582817669,0.392282958199357,0.873949579831933,0.68,2,1,5
"3876","340230052002",0.57521578298397,0.245227019091924,0.152116402116402,0.652897657213317,0.68,3,0,5
"3877","340230052003",0.876793248945148,0.21815512737949,0.113475177304965,0.682157676348548,0.64,2,2,5
"3878","340230052004",0.753076923076923,NA,0.533980582524272,0.316153846153846,0.6,2,1,3
"3879","340230053001",0.838789682539683,0.20999916000336,0.173659673659674,0.718111665910123,0.68,5,2,6
"3880","340230053002",0.72812291249165,0.225715097139611,0.0404157043879908,0.832999331997328,0.72,5,4,7
"3881","340230055001",0.715673575129534,0.08312366750533,0.0186813186813187,0.926165803108808,0.84,4,3,6
"3882","340230055002",0.854900296987696,0.25439898240407,0.235176548967355,0.950784896054306,0.88,6,6,6
"3883","340230056011",0.668388429752066,0.293634825460698,0.210762331838565,0.753099173553719,0.68,3,0,6
"3884","340230056012",0.715272978576365,0.255330978676085,0.0339578454332553,0.872840359364202,0.84,5,3,8
"3885","340230056021",0.70530303030303,0.22371910512358,0.0418848167539267,0.907575757575758,0.72,4,3,8
"3886","340230056022",0.714001986097319,0.364282542869829,0.245469522240527,0.764647467725919,0.68,1,0,4
"3887","340230056023",0.581909547738694,NA,0.0536332179930796,0.822110552763819,0.72,2,0,7
"3888","340230056024",0.565296803652968,0.361818552725789,0.0618705035971223,0.963470319634703,0.64,3,0,6
"3889","340230057001",0.88452787258248,NA,0.0341261633919338,0.917519908987486,0.68,2,2,2
"3890","340230057002",0.880690737833595,0.286998852004592,0.26364193746168,0.894551156409251,0.72,2,2,6
"3891","340230057003",0.793836344314559,0.177111291554834,0.0929250263991552,0.830499468650372,0.68,1,0,6
"3892","340230058001",0.801673640167364,0.212775148899404,0.211660329531052,0.717154811715481,0.6,1,0,3
"3893","340230058002",0.663996948893974,0.172103311586754,0.0706997084548105,0.968726163234172,0.64,1,0,5
"3894","340230058003",0.852359208523592,0.0693357226571094,0.0596774193548387,0.802130898021309,0.68,0,0,7
"3895","340230060011",0.959680806383872,0.441590233639065,0.379194630872483,0.602745256358498,0.68,1,1,1
"3896","340230060021",0.912817176317502,0.205439178243287,0.366820276497696,0.687703318152245,0.68,1,1,4
"3897","340230060022",0.939274253270797,0.211367154531382,0.361529548088065,0.622562330288818,0.72,2,1,4
"3898","340230061011",0.914565826330532,0.321426714293143,0.187579214195184,0.521008403361345,0.72,2,1,3
"3899","340230061012",0.886409736308316,0.0722917108331567,0.166193181818182,0.756592292089249,0.6,2,2,3
"3900","340230061013",0.761538461538461,0.347590609637561,0.112704918032787,0.786153846153846,0.6,1,0,6
"3901","340230061014",0.961625282167043,0.481210075159699,0.0696629213483146,0.733634311512415,0.64,2,0,3
"3902","340230061015",0.857142857142857,0.462854148583406,0.454237288135593,0.594285714285714,0.6,0,0,2
"3903","340230061031",0.918203688853248,0.32249871000516,0.46866230121609,0.714514835605453,0.6,0,0,2
"3904","340230061032",0.857723577235772,0.538329846680613,0.292272379495027,0.757113821138211,0.56,1,0,3
"3905","340230061033",0.661971830985915,0.2624989500042,0.147058823529412,0.905432595573441,0.76,2,2,3
"3906","340230061034",0.874814814814815,0.406666373334507,0.589052997393571,0.543703703703704,0.64,0,0,0
"3907","340230061041",0.920426579163249,0.321922712309151,0.401315789473684,0.725184577522559,0.72,1,0,2
"3908","340230061042",1,0.720765116939532,0.488794023479189,0.512006196746708,0.64,0,0,0
"3909","340230061043",0.98114224137931,0.683681265274939,0.51840250587314,0.758620689655172,0.68,0,0,0
"3910","340230062041",0.953115727002967,0.41937432250271,0.692895339954164,0.734124629080119,0.52,0,0,0
"3911","340230062051",1,0.567061731753073,0.669956140350877,0.68,0.48,0,0,0
"3912","340230062052",1,0.296578813684745,0.37962962962963,0.61275476660092,0.52,0,0,0
"3913","340230062053",0.927289048473968,0.433586265654937,0.577639751552795,0.555655296229802,0.4,0,0,0
"3914","340230062054",0.996957712199574,0.589761640953436,0.759488084730803,0.860054761180408,0.52,0,0,0
"3915","340230062061",0.928739232576351,0.836972652109392,0.573317307692308,0.667971808927173,0.6,1,0,1
"3916","340230062062",0.948463825569871,0.723569105723577,0.667515923566879,0.417322834645669,0.52,0,0,0
"3917","340230062071",0.776957163958641,0.252562989748041,0.201333333333333,0.954209748892171,0.64,0,0,0
"3918","340230062072",0.939906651108518,NA,0.195121951219512,0.793832095945174,0.72,0,0,0
"3919","340230062073",0.743734335839599,0.247855008579966,0.207276736493936,0.62280701754386,0.56,0,0,0
"3920","340230062074",1,0.662377350490598,0.733175914994097,0.452301850972947,0.56,0,0,0
"3921","340230062081",1,NA,0.737991266375546,1,0.56,0,0,0
"3922","340230062082",1,0.53499786000856,0.594327176781003,0.791856925418569,0.52,0,0,0
"3923","340230062083",0.936056838365897,0.475354098583606,0.62534435261708,0.95595026642984,0.48,0,0,0
"3924","340230062084",0.972694717994628,0.491506033975864,0.536643026004728,0.933303491495076,0.48,0,0,0
"3925","340230062091",1,0.68874924500302,0.618937644341801,0.28743961352657,0.44,0,0,0
"3926","340230062092",NA,NA,0.011441647597254,0.720149253731343,0.4,0,0,0
"3927","340230062093",0.969986357435198,0.196667213331147,0.263305322128852,0.111869031377899,0.52,0,0,0
"3928","340230063001",0.937952430196484,0.646781412874349,0.588235294117647,0.10134436401241,0.72,0,0,0
"3929","340230063002",0.978146853146853,0.522657909368363,0.404814004376368,0.149475524475524,0.64,0,0,0
"3930","340230063003",1,0.883924464302143,0.494214876033058,0.141248720573183,0.48,0,0,0
"3931","340230063004",0.966804979253112,0.217143131427474,0.321090047393365,0.0605809128630705,0.68,0,0,0
"3932","340230063005",1,0.651997392010432,0.3936,0.272141706924316,0.72,0,0,0
"3933","340230063006",0.975609756097561,0.3874784500862,0.430434782608696,0.313588850174216,0.8,0,0,0
"3934","340230064031",0.948207171314741,0.638569445722217,0.698547215496368,0.50996015936255,0.64,1,0,1
"3935","340230064032",0.943735498839907,0.73874904500382,0.536651583710407,0.516241299303944,0.8,0,0,0
"3936","340230065001",0.979349186483104,0.561289754840981,0.576851851851852,0.506257822277847,0.64,0,0,0
"3937","340230065002",0.905647840531561,0.310934756260975,0.382299270072993,0.674418604651163,0.64,0,0,0
"3938","340230065003",1,0.661665353338587,0.688865764828304,0.58161461402475,0.52,0,0,0
"3939","340230065004",0.945958646616541,0.746997012011952,0.527090301003345,0.473214285714286,0.56,0,0,0
"3940","340230066011",0.991289198606272,0.706997172011312,0.602620087336245,0.235191637630662,0.56,0,0,0
"3941","340230066012",0.994652406417112,0.606997572009712,0.554147465437788,0.442959001782531,0.52,0,0,0
"3942","340230066041",0.995323129251701,0.400806396774413,0.678571428571429,0.571853741496599,0.56,0,0,0
"3943","340230066042",1,0.443330226679093,0.68013468013468,0.372173913043478,0.32,0,0,0
"3944","340230066043",0.989937106918239,0.603073587705649,0.704424778761062,0.533752620545073,0.36,0,0,0
"3945","340230066051",1,1,0.902728351126928,0.296728971962617,0.4,0,0,0
"3946","340230066052",0.97413182140326,0.49125003499986,0.676743052169673,0.411315515446026,0.44,0,0,0
"3947","340230066061",0.985531914893617,0.675413298346807,0.686619718309859,0.551489361702128,0.56,0,0,0
"3948","340230066062",0.977173913043478,0.88249647001412,0.736622073578595,0.446739130434783,0.6,0,0,0
"3949","340230066071",0.987414187643021,0.708569165723337,0.512013256006628,0.374141876430206,0.4,0,0,0
"3950","340230066072",0.979441997063142,0.734653061387754,0.597300337457818,0.477239353891336,0.32,0,0,0
"3951","340230066081",0.968586387434555,0.330998676005296,0.509915014164306,0.466716529543755,0.52,0,0,0
"3952","340230066082",0.955294979846097,0.524081903672385,0.569742489270386,0.52766581165262,0.6,0,0,0
"3953","340230067011",1,0.62624949500202,0.532478632478632,0.231394621638524,0.56,0,0,0
"3954","340230067012",1,0.524197903208387,0.545081967213115,0.330805687203791,0.64,0,0,0
"3955","340230067031",0.855288773523686,0.563033747865009,0.316872427983539,0.616482803374432,0.72,0,0,0
"3956","340230067032",0.791780821917808,0.54062183751265,0.367112810707457,0.408219178082192,0.6,0,0,0
"3957","340230067033",1,0.460170159319363,0.473067915690867,0.821065989847716,0.6,0,0,0
"3958","340230067034",0.961538461538462,0.821496714013144,0.779677113010446,0.797745358090186,0.48,0,0,0
"3959","340230067035",1,0.588541645833417,0.431957186544343,0.491054904380012,0.48,0,0,0
"3960","340230068001",0.706706706706707,0.355354578581686,0.139162561576355,0.617617617617618,0.72,0,0,0
"3961","340230068002",0.951142131979695,0.469282122871509,0.41713747645951,0.282994923857868,0.8,0,0,0
"3962","340230068003",0.987234042553191,0.48499806000776,0.244604316546763,0.0851063829787234,0.76,0,0,0
"3963","340230068004",0.913685847589425,0.427398290406838,0.405128205128205,0.40746500777605,0.76,0,0,0
"3964","340230069001",0.678870292887029,0.393458426166295,0.167082294264339,0.96652719665272,0.8,0,0,0
"3965","340230069002",0.813953488372093,NA,0.166281755196305,0.66046511627907,0.72,0,0,0
"3966","340230069003",0.887788778877888,0.365810536757853,0.271477663230241,0.35973597359736,0.76,0,0,0
"3967","340230069004",0.839932603201348,0.250518997924008,0.163584637268848,0.641112047177759,0.76,0,0,0
"3968","340230070001",0.930526315789474,0.555177779288883,0.10126582278481,0.791578947368421,0.6,0,0,0
"3969","340230070002",0.767015706806283,0.295266818932724,0.224386113463167,0.31348167539267,0.8,0,0,0
"3970","340230070003",0.950602878257487,NA,0.289179104477612,0.309218203033839,0.56,0,0,0
"3971","340230070004",0.94907908992416,0.457366170535318,0.350605326876513,0.39906103286385,0.72,0,0,0
"3972","340230071011",0.884471468662301,0.431362274550902,0.295774647887324,0.358278765201123,0.68,0,0,0
"3973","340230071012",0.976011994002999,0.452854188583246,0.294776119402985,0.199400299850075,0.68,0,0,0
"3974","340230071013",0.860969387755102,0.54685381258475,0.519832985386221,0.839285714285714,0.52,0,0,0
"3975","340230071021",0.967961165048544,0.391314434742261,0.27140549273021,0.193203883495146,0.56,0,0,0
"3976","340230071022",0.956712328767123,0.466426134295463,0.577916992952232,0.701917808219178,0.6,0,0,0
"3977","340230071023",0.986080178173719,0.538249847000612,0.409090909090909,0.309576837416481,0.64,0,0,0
"3978","340230071031",0.863406408094435,0.24437502249991,0.337349397590361,0.751243781094527,0.64,0,0,0
"3979","340230071032",0.81025641025641,0.49875000499998,0.117647058823529,0.517948717948718,0.6,0,0,0
"3980","340230071033",0.910949690610708,0.313086747653009,0.334626994394135,0.774011299435028,0.6,0,0,0
"3981","340230072021",0.916864608076009,0.385118459526162,0.276595744680851,0.2458432304038,0.6,0,0,0
"3982","340230072022",0.949264136328428,0.572749709001164,0.49025641025641,0.472501936483346,0.6,0,0,0
"3983","340230072023",0.877914951989026,NA,0.484674329501916,0.480109739368999,0.6,0,0,0
"3984","340230072031",0.854282536151279,0.32439070243719,0.536842105263158,0.869299221357063,0.6,0,0,0
"3985","340230072032",0.988095238095238,0.458022167911328,0.460159362549801,0.47,0.64,0,0,0
"3986","340230072033",1,0.488886044455822,0.307855626326964,0.436113236419281,0.64,0,0,0
"3987","340230073011",0.851015801354402,0.441582233671065,0.288747346072187,0.0940556809631302,0.68,0,0,0
"3988","340230073012",0.955510616784631,0.633177467290131,0.401175606171932,0.48938321536906,0.6,0,0,0
"3989","340230073031",0.974814814814815,0.482222071111716,0.289655172413793,0.527901234567901,0.72,0,0,0
"3990","340230073051",0.964601769911504,0.382058471766113,0.438561438561439,0.526208304969367,0.72,0,0,0
"3991","340230073052",0.837506387327542,0.226991092035632,0.315068493150685,0.471640265712826,0.64,0,0,0
"3992","340230073061",0.852941176470588,0.402114391542434,0.555727554179567,0.815415821501014,0.52,0,0,0
"3993","340230073062",0.996751137102014,0.59126163495346,0.508133971291866,0.662768031189084,0.48,0,0,0
"3994","340230074021",0.937313432835821,0.228355086579654,0.081453634085213,0.446766169154229,0.52,0,0,0
"3995","340230074022",1,0.416782332870669,0.310173697270471,0.356884057971014,0.56,0,0,0
"3996","340230074023",0.988429752066116,0.38877444490222,0.333333333333333,0.426446280991736,0.76,0,0,0
"3997","340230074024",0.958031837916064,0.336110655557378,0.41,0.509406657018813,0.64,0,0,0
"3998","340230074025",1,0.328222687109252,0.368345323741007,0.32237539766702,0.64,0,0,0
"3999","340230075001",0.909496494582537,0.37125051499794,0.431963470319635,0.459528362014022,0.84,0,0,2
"4000","340230075002",0.910769230769231,0.381666473334107,0.170172084130019,0.390769230769231,0.88,0,0,0
"4001","340230075003",0.909378292939937,0.306782772868909,0.223841059602649,0.204425711275026,0.8,0,0,0
"4002","340230076001",0.861952861952862,NA,0.212690951821387,0.512345679012346,0.8,0,0,0
"4003","340230076002",0.781584582441114,0.444538221847113,0.235228539576366,0.0910064239828694,0.76,0,0,0
"4004","340230076003",0.970406056434962,0.179667281330875,0.250425894378194,0.412938747419133,0.68,0,0,0
"4005","340230076004",1,0.30312278750885,0.2624,0.510460251046025,0.76,0,0,0
"4006","340230076005",0.920926517571885,0.489706041175835,0.486919831223629,0.393915756630265,0.84,0,0,0
"4007","340230077021",0.953696788648245,0.332390670437318,0.231564748201439,0.341721371261853,0.28,0,0,0
"4008","340230077022",1,0.703457186171255,0.448548812664908,0.469270833333333,0.24,0,0,0
"4009","340230077023",0.947394296951819,0.668821324714701,0.609457092819615,0.588003933136677,0.28,0,0,0
"4010","340230077031",0.869343891402715,0.595241619033524,0.246702870442203,0.178733031674208,0.48,0,0,0
"4011","340230077032",0.992173389524383,0.498406006375974,0.411954765751212,0.393738711619506,0.64,0,0,0
"4012","340230077041",0.967741935483871,0.555713777144891,0.266745005875441,0.167931688804554,0.64,0,0,0
"4013","340230077042",0.96137598068799,0.330566677733289,0.208888888888889,0.245624622812311,0.48,0,0,0
"4014","340230078011",0.909677419354839,0.247307010771957,0.241779497098646,0.362096774193548,0.52,0,0,0
"4015","340230078012",1,0.436954252182991,0.361736334405145,0.405627198124267,0.6,0,0,0
"4016","340230078013",0.92156862745098,0.365714537141851,0.292957746478873,0.561002178649238,0.56,0,0,0
"4017","340230078041",0.984189723320158,0.320906716373135,0.296641791044776,0.422924901185771,0.6,0,0,0
"4018","340230078042",0.962096774193548,0.481590073639705,0.505160239000543,0.257575757575758,0.36,0,0,0
"4019","340230078043",0.960129809921187,0.443910224359103,0.348520710059172,0.229968311453146,0.48,0,0,0
"4020","340230078051",0.958855098389982,0.444442222231111,0.358189081225033,0.256708407871199,0.4,0,0,0
"4021","340230078052",0.910604192355117,0.545497818008728,0.493930197268589,0.269442743417024,0.48,0,0,0
"4022","340230078053",0.997713414634146,0.349310602757589,0.276363636363636,0.634146341463415,0.48,0,0,0
"4023","340230078061",0.969476744186046,0.53437386250455,0.45979381443299,0.161337209302326,0.48,0,0,0
"4024","340230078062",0.953718480689435,0.301998792004832,0.293529721199369,0.453333333333333,0.48,0,0,0
"4025","340230079051",0.972448340638698,0.536817852728589,0.345077720207254,0.575453976205385,0.6,0,0,0
"4026","340230079052",0.96093023255814,0.431934272262911,0.38659793814433,0.465116279069767,0.64,0,0,0
"4027","340230079061",0.887888707037643,0.31937472250111,0.28735632183908,0.497545008183306,0.6,0,0,0
"4028","340230079071",0.96972049689441,0.488498046007816,0.458207452165156,0.253105590062112,0.44,0,0,0
"4029","340230079072",0.941014332965821,0.355830576677693,0.256339958875942,0.483461962513782,0.52,0,0,0
"4030","340230079081",0.909294512877939,0.197667209331163,0.2882096069869,0.670026129152669,0.64,0,0,0
"4031","340230079082",0.938612422811478,0.275534897860409,0.293935643564356,0.930257900472212,0.68,0,0,0
"4032","340230079091",0.992407809110629,0.482998068007728,0.501445086705202,0.343817787418655,0.28,0,0,0
"4033","340230079092",1,0.585997656009376,0.549867608120035,0.248945147679325,0.36,0,0,0
"4034","340230079101",0.985029940119761,0.448898204407182,0.399159663865546,0.415297982167996,0.56,0,0,0
"4035","340230079102",0.96969696969697,0.176347294610822,0.320574162679426,0.260606060606061,0.48,0,0,0
"4036","340230079111",0.969330104923325,0.54812180751277,0.56917885264342,0.362389023405973,0.2,0,0,0
"4037","340230079112",0.859060402684564,0.902996388014448,0.605693199789141,0.45249028611798,0.16,0,0,0
"4038","340230079131",0.992966751918159,0.226091095635617,0.326265389876881,0.372122762148338,0.36,0,0,0
"4039","340230079132",0.992406542056075,0.725089099643601,0.684931506849315,0.51285046728972,0.32,0,0,0
"4040","340230079133",0.93172119487909,NA,0.46908315565032,0.557610241820768,0.44,0,0,0
"4041","340230079141",0.964533538936006,0.328554685781257,0.322937625754527,0.188126445643793,0.24,0,0,0
"4042","340230079142",1,0.808328766684933,0.648442906574395,0.400703871292107,0.2,0,0,0
"4043","340230080011",1,0.432250270998916,0.293959731543624,0.367768595041322,0.56,0,0,0
"4044","340230080012",0.951965065502183,0.318458726165095,0.269875608436993,0.451091703056769,0.68,0,0,0
"4045","340230080013",1,0.267406930372279,0.291428571428571,0.0401891252955083,0.68,0,0,0
"4046","340230080014",0.99621391386654,0.463818144727421,0.476377952755905,0.553241836251775,0.64,0,0,0
"4047","340230080015",0.974358974358974,0.354542581829673,0.216,0.440705128205128,0.56,0,0,0
"4048","340230081011",0.922818791946309,0.32249871000516,0.295988934993084,0.268456375838926,0.6,0,0,0
"4049","340230081012",0.944527736131934,0.283258866964532,0.243614931237721,0.545727136431784,0.68,0,0,0
"4050","340230081013",0.975714285714286,0.225371098515606,0.122625215889465,0.210714285714286,0.4,0,0,0
"4051","340230081014",0.959874114870181,0.514553941784233,0.352879581151832,0.254130605822187,0.52,0,0,0
"4052","340230081021",0.953672316384181,0.550293798824805,0.307210031347962,0.350282485875706,0.56,0,0,0
"4053","340230081022",0.885061278569063,0.429962280150879,0.439297903461726,0.167936402782378,0.56,0,0,0
"4054","340230081031",0.927403531720079,0.457378170487318,0.414874551971326,0.302812295618051,0.4,0,0,0
"4055","340230081032",0.919793014230272,0.391954432182271,0.363793103448276,0.240620957309185,0.36,0,0,0
"4056","340230082041",1,0.17999928000288,0.155853840417599,0.202087994034303,0.4,0,0,0
"4057","340230082042",1,0.634413462346151,0.661585365853659,0.381863560732113,0.44,0,0,0
"4058","340230082043",0.878859857482185,0.124999500002,0.258907363420428,0.0855106888361045,0.44,0,0,0
"4059","340230082044",1,0.276354894580422,0.459546925566343,0.0792880258899676,0.44,0,0,0
"4060","340230082051",1,0.206535173859305,0.22264631043257,0.0979643765903308,0.28,0,0,0
"4061","340230082052",0.972445464982778,0.244211023155907,0.431687715269805,0.206659012629162,0.2,0,0,0
"4062","340230082053",1,0.184499262002952,0.440645773979107,0.151946818613485,0.2,0,0,0
"4063","340230082054",1,0.275842896628413,0.291166848418757,0.0185387131952017,0.2,0,0,0
"4064","340230082061",1,0.244703021187915,0.42827657378741,0.184726522187822,0.72,0,0,0
"4065","340230082062",1,0.146443414226343,0.283987915407855,0.107754279959718,0.44,0,0,0
"4066","340230082063",1,0.155455378178487,0.356989247311828,0.0529411764705882,0.28,0,0,0
"4067","340230082064",0.985185185185185,0.209811160755357,0.307407407407407,0.091358024691358,0.56,0,0,0
"4068","340230082065",1,NA,0.121848739495798,0,0.4,0,0,0
"4069","340230082066",NA,NA,NA,NA,0.48,0,0,0
"4070","340230082071",0.939947780678851,0.295478818084728,0.592188919164396,0.170583115752829,0.2,0,0,0
"4071","340230082072",0.993746446844798,0.286826852692589,0.34688995215311,0.165434906196703,0.24,0,0,0
"4072","340230082091",1,0.62312150751397,0.477071600965406,0.149438865918488,0.28,0,0,0
"4073","340230082092",0.944615384615385,0.442690229239083,0.378461538461538,0.196153846153846,0.2,0,0,0
"4074","340230082093",1,0.573233707065172,0.318275154004107,0.151197604790419,0.24,0,0,0
"4075","340230082101",0.966129032258065,0.820676717293131,0.632530120481928,0.364516129032258,0.36,0,0,0
"4076","340230082102",0.984216916228248,0.918040327838689,0.726070528967254,0.831242411978956,0.44,0,0,0
"4077","340230082103",NA,NA,NA,NA,0.48,0,0,0
"4078","340230082111",0.992279979413278,0.859428562285751,0.543313069908815,0.347915594441585,0.36,0,0,0
"4079","340230082112",0.938612099644128,0.841068635725457,0.637349397590361,0.250889679715303,0.24,0,0,0
"4080","340230082113",0.986909090909091,0.741741033035868,0.529308323563892,0.253090909090909,0.28,0,0,0
"4081","340230082121",0.986809563066777,0.753664985340059,0.527743526510481,0.398598516075845,0.28,0,0,0
"4082","340230082122",0.9951171875,1,0.733274647887324,0.502668607472101,0.28,0,0,0
"4083","340230082131",0.99337382661513,1,0.756927949326999,0.280508006626173,0.28,0,0,0
"4084","340230082132",1,0.734409062363751,0.442408376963351,0.15923009623797,0.28,0,0,0
"4085","340230082133",1,0.413074347702609,0.57631466438649,0.128259940145361,0.4,0,0,0
"4086","340230082141",0.990887290167866,0.726997092011632,0.865040650406504,0.940047961630695,0.28,0,0,0
"4087","340230082142",1,0.457678169287323,0.65356394129979,0.0534591194968553,0.08,0,0,0
"4088","340230082143",1,0.677169291322835,0.679369250985545,0.721350451735616,0.36,0,0,0
"4089","340230082144",0.996101871101871,0.637377450490198,0.636690647482014,0.634355509355509,0.32,0,0,0
"4090","340230083001",1,0.28189487242051,0.336933045356371,0.208718626155878,0.52,0,0,0
"4091","340230083002",0.949814890991362,0.450878196487214,0.228183581124758,0.493624023035788,0.52,0,0,0
"4092","340230083003",0.952215799614644,0.488790044839821,0.357370095440085,0.447398843930636,0.64,0,0,0
"4093","340230084031",0.960881542699724,0.501093995624017,0.803104575163399,0.801101928374656,0.48,0,0,0
"4094","340230084032",1,0.755724977100092,0.968950749464668,0.860449735449735,0.44,0,0,0
"4095","340230084033",0.902863559797866,0.463958144167423,0.652110625909753,0.68107804604155,0.36,0,0,0
"4096","340230084034",0.992698064987222,0.802552789788841,0.685911016949153,0.492150419861263,0.48,0,0,0
"4097","340230084041",0.89171974522293,0.354734581061676,0.486897717666948,0.538570417551309,0.52,0,0,0
"4098","340230084042",0.990954773869347,0.63499746001016,0.388888888888889,0.547738693467337,0.36,0,0,0
"4099","340230084043",0.954991344489325,0.286290854836581,0.321397379912664,0.388343912290825,0.44,0,0,0
"4100","340230084051",0.938775510204082,0.868996524013904,0.679783571077226,0.5,0.36,0,0,0
"4101","340230084052",0.995951417004049,0.919072323710705,0.804828973843058,0.744039586144849,0.52,0,0,0
"4102","340230084061",0.957328385899815,0.52937388250447,0.533512064343164,0.515769944341373,0.6,0,0,0
"4103","340230084062",0.981600735970561,0.823404706381174,0.705394190871369,0.523459061637535,0.52,0,0,0
"4104","340230085011",0.921455938697318,0.258790964836141,0.493827160493827,0.648786717752235,0.68,0,0,0
"4105","340230085012",0.993259803921569,0.379530481878072,0.775696665143901,0.748468137254902,0.6,0,0,0
"4106","340230085021",1,0.947328210687157,0.774111675126904,0.898305084745763,0.6,0,0,0
"4107","340230085022",0.984990619136961,0.906188375246499,0.663992869875223,0.650406504065041,0.68,0,0,0
"4108","340230085023",0.989954337899543,0.713997144011424,0.765037593984962,0.771232876712329,0.56,0,0,0
"4109","340230085024",0.994959042218021,0.932724269102924,0.632075471698113,0.477000630119723,0.48,0,0,0
"4110","340230085025",1,0.678329286682853,0.46875,0.41304347826087,0.72,0,0,0
"4111","340230085026",NA,NA,NA,NA,0.44,0,0,0
"4112","340230085041",0.964011799410029,0.297038811844753,0.759259259259259,0.293113261240751,0.56,0,0,0
"4113","340230085042",0.992756903576279,0.726049095803617,0.794261294261294,0.796740606609325,0.6,0,0,0
"4114","340230085043",1,0.415326338694645,0.609110947832476,0.71362852213916,0.52,0,0,0
"4115","340230085044",1,0.786216855132579,0.759302325581395,0.525751072961373,0.48,0,0,0
"4116","340230085051",0.854525862068966,0.525941896232415,0.795670995670996,0.69073275862069,0.52,0,0,0
"4117","340230085052",0.991489361702128,0.723297106811573,0.790899241603467,0.696170212765957,0.56,0,0,0
"4118","340230085053",0.983552631578947,0.544241823032708,0.631126397248495,0.670504385964912,0.64,0,0,0
"4119","340230085061",0.918284789644013,0.594329622681509,0.751919669226226,0.807038834951456,0.68,0,0,0
"4120","340230085062",0.99364743250397,0.517737929048284,0.60377358490566,0.812069878242456,0.6,0,0,0
"4121","340230086011",0.992226148409894,0.25187499250003,0.792153589315526,0.439575971731449,0.52,0,0,0
"4122","340230086012",0.95812133072407,0.894164423342307,0.824692677712453,0.79249617151608,0.6,0,0,0
"4123","340230086013",0.898785425101215,0.517249931000276,0.680823680823681,0.329545454545455,0.44,0,0,0
"4124","340230086021",0.977777777777778,0.394454422182311,0.726247987117552,0.72020202020202,0.36,0,0,0
"4125","340230086022",0.951313260730301,0.438886244455022,0.650291423813489,0.620755925688661,0.44,0,0,0
"4126","340230086023",0.994232987312572,1,0.880152996175096,0.76643598615917,0.44,0,0,0
"4127","340230086041",0.976811594202899,0.504601981592074,0.703592814371258,0.772946859903382,0.44,0,0,0
"4128","340230086042",0.985369422092173,0.65937336250655,0.79337899543379,0.826627651792246,0.32,0,0,0
"4129","340230086043",1,0.65437338250647,0.86562150055991,0.652320675105485,0.44,0,0,0
"4130","340230086044",1,0.44684621261515,0.856056173200702,0.574685900418799,0.32,0,0,0
"4131","340230086051",0.965449804432855,0.832724669101324,0.790258449304175,0.83116036505867,0.32,0,0,0
"4132","340230086052",0.94954128440367,0.425330298678805,0.712195121951219,0.857798165137615,0.32,0,0,0
"4133","340230086061",1,0.573569705721177,0.704188481675393,0.88125,0.36,0,0,0
"4134","340230086062",0.983027834351663,0.335150659397362,0.693910256410256,0.470468431771894,0.32,0,0,0
"4135","340230086063",0.990241832838354,0.3874984500062,0.773324118866621,0.834535426389478,0.36,0,0,0
"4136","340230087001",0.993559467582653,0.83064867740529,0.681281618887015,0.258528565556926,0.64,0,0,0
"4137","340230087002",0.989348370927318,0.71999712001152,0.824215246636771,0.31516290726817,0.52,0,0,0
"4138","340230087003",1,NA,0.684210526315789,0,0.56,0,0,0
"4139","340230088011",0.991208791208791,0.471942112231551,0.673652694610778,0.755458515283843,0.6,0,0,0
"4140","340230088012",0.987942434850253,NA,0.846153846153846,0.243096071567483,0.52,0,0,0
"4141","340230088013",0.964975845410628,0.560997756008976,0.653793103448276,0.574916759156493,0.6,0,0,1
"4142","340230090001",1,NA,0.0490740740740741,0.581924198250729,0.88,1,0,5
"4143","340230090002",0.919914953933381,0.28249887000452,0.254674977738201,0.616583982990787,0.84,0,0,0
"4144","340230090003",0.983416252072968,0.41999832000672,0.709606986899563,0.876727473742399,0.8,0,0,0
"4145","340230090004",NA,NA,NA,NA,0.84,0,0,0
"4146","340230091011",0.965954606141522,0.55499778000888,0.506103286384976,0.687292082501663,0.84,0,0,0
"4147","340230091012",0.968999114260407,0.576737693049228,0.24901185770751,0.733392382639504,0.76,0,0,1
"4148","340230091013",NA,NA,NA,NA,0.68,0,0,1
"4149","340230092001",0.942092154420922,0.3624985500058,0.391735537190083,0.519925280199253,0.76,0,0,0
"4150","340230092002",0.973803071364047,0.438666245335019,0.271940667490729,0.326106594399277,0.68,0,0,0
"4151","340230092003",0.929432013769363,0.454714181143275,0.293413173652695,0.694205393000574,0.92,0,0,1
"4152","340230093001",0.937888198757764,NA,0.353135313531353,0.963746223564955,0.64,1,0,1
"4153","340230093002",1,0.900392398430406,1,0.658469945355191,0.64,2,2,5
"4154","340230093003",1,NA,0.12375,0.656222802436902,0.68,1,1,2
"4155","340230093004",0.879139072847682,0.07625169499322,0.19504132231405,0.827250608272506,0.72,1,1,3
"4156","340230093005",0.876888640179071,0.402274390902436,0.808114961961116,0.618914381645215,0.8,2,1,2
"4157","340230094001",1,0.589701641193435,0.500299940011998,0.493875765529309,0.72,0,0,0
"4158","340230094002",0.880093131548312,NA,0.556149732620321,0.548311990686845,0.64,0,0,0
"4159","340230094003",1,NA,0.153846153846154,0.265793528505393,0.8,0,0,0
"4160","340230094004",0.918170103092783,0.240587037651849,0.538847117794486,0.568298969072165,0.68,0,0,0
"4161","340239800001",NA,NA,NA,NA,0.8,6,5,8
"4162","340239801001",0.72972972972973,NA,0.476190476190476,0.567567567567568,0.88,0,0,0
"4163","340239802001",0.982976800241037,NA,0.882170542635659,0.453727313634318,0.64,0,0,0
"4164","340258001011",1,0.31937472250111,0.502148997134671,0.154652686762779,0.56,0,0,0
"4165","340258001012",0.899592252803262,0.449434202263191,0.443526170798898,0.191641182466871,0.48,0,0,0
"4166","340258001021",0.963833634719711,0.343630625477498,0.562264150943396,0.112262521588946,0.28,0,0,0
"4167","340258002001",0.975661375661376,0.474282102871589,0.45360824742268,0.138185654008439,0.64,0,0,0
"4168","340258002002",1,0.303874784500862,0.474358974358974,0.143174250832408,0.6,0,0,0
"4169","340258002003",0.964362081254455,0.744653021387914,0.429778247096093,0.0798289379900214,0.56,0,0,0
"4170","340258002004",0.960242005185825,0.626997492010032,0.734273318872017,0.00864304235090752,0.36,0,0,0
"4171","340258004001",0.960456942003515,0.350998596005616,0.460881934566145,0.130931458699473,0.52,0,0,0
"4172","340258004002",0.991554054054054,0.502997988008048,0.388704318936877,0.0667779632721202,0.56,0,0,0
"4173","340258004003",0.98220640569395,0.684441262234951,0.569877883310719,0.27135231316726,0.52,0,0,0
"4174","340258005001",0.982594936708861,0.64499742001032,0.479028697571744,0.205696202531646,0.48,0,0,0
"4175","340258005002",1,0.480750076999692,0.343076923076923,0.318483412322275,0.68,0,0,0
"4176","340258005003",0.979343220338983,0.44934620261519,0.336120401337793,0.164194915254237,0.52,0,0,0
"4177","340258005004",0.968882602545969,0.44499822000712,0.144308943089431,0.226308345120226,0.72,0,0,0
"4178","340258006011",0.96401028277635,NA,0.264285714285714,0.189374464438732,0.4,0,0,0
"4179","340258006012",0.774509803921569,NA,0.304195804195804,0.0294117647058824,0.52,0,0,0
"4180","340258006013",0.902412280701754,0.644409422362311,0.535472972972973,0.286184210526316,0.64,0,0,0
"4181","340258006014",0.951124144672532,0.482390070439718,0.181560283687943,0.36950146627566,0.6,0,0,0
"4182","340258006015",0.894521668029436,0.369626521493914,0.198709677419355,0.272281275551921,0.76,0,0,0
"4183","340258006021",0.973791973791974,0.5187499250003,0.287262872628726,0.0982800982800983,0.64,0,0,0
"4184","340258006022",1,0.441302234791061,0.489642184557439,0.232189973614776,0.64,0,0,0
"4185","340258006023",0.976618705035971,0.530225879096484,0.451433121019108,0.0353717026378897,0.72,0,0,0
"4186","340258007011",0.970482648583965,0.497082011671953,0.558604917095483,0.196649381731153,0.64,0,0,0
"4187","340258007012",0.990350877192982,0.438634245463018,0.389214536928488,0.153508771929825,0.52,0,0,0
"4188","340258007013",0.958262350936968,0.562853748585006,0.436964504283966,0.259795570698467,0.48,0,0,0
"4189","340258007021",0.999097472924188,0.935904256382974,0.524848484848485,0.128158844765343,0.68,0,0,0
"4190","340258007022",0.959546313799622,0.37749849000604,0.440387906446092,0.0669187145557656,0.6,0,0,0
"4191","340258008001",1,0.863160547357811,0.585651537335286,0.0665024630541872,0.44,0,0,0
"4192","340258008002",0.974329054842474,0.732317070731717,0.430232558139535,0.0431738623103851,0.52,0,0,0
"4193","340258008003",0.982048574445618,0.49499802000792,0.31038961038961,0.0454065469904963,0.64,0,0,0
"4194","340258008004",1,0.629665481338075,0.598726114649682,0.0953654188948307,0.48,0,0,0
"4195","340258008005",0.912115505335844,0.408294366822533,0.364599092284418,0.416823603264281,0.44,0,0,0
"4196","340258009001",0.99718045112782,1,0.890066225165563,0.106203007518797,0.4,0,0,0
"4197","340258009002",0.986793449550977,0.861576553693785,0.532374100719424,0.210776545166403,0.48,0,0,0
"4198","340258009003",0.900624349635796,0.28685085259659,0.228337236533958,0.184027777777778,0.44,0,0,0
"4199","340258009004",1,0.7312490750037,0.632275132275132,0.126144455747711,0.4,0,0,0
"4200","340258010001",1,0.606953572185711,0.831381733021077,0.188235294117647,0.52,0,0,0
"4201","340258010002",0.945060018467221,0.44559821760713,0.53283683141503,0.14819944598338,0.6,0,0,0
"4202","340258010003",0.97987012987013,0.436110255558978,0.432882414151925,0.0987012987012987,0.56,0,0,0
"4203","340258011001",1,0.738073047707809,0.760517799352751,0.206709956709957,0.52,0,0,0
"4204","340258011002",1,1,0.832775919732441,0.00813008130081301,0.28,0,0,0
"4205","340258011003",0.996311907270811,0.683829264682941,0.651702786377709,0.127502634351949,0.32,0,0,0
"4206","340258011004",1,0.4124983500066,0.427038626609442,0.184801381692573,0.52,0,0,0
"4207","340258012001",1,0.893704425182299,0.664446294754371,0.170454545454545,0.24,0,0,0
"4208","340258012002",0.980978260869565,0.668713325146699,0.555098684210526,0.13804347826087,0.2,0,0,0
"4209","340258013001",1,0.529597881608474,0.415270018621974,0.0432900432900433,0.2,0,0,0
"4210","340258013002",0.992010652463382,0.258366966532134,0.467862481315396,0.0885486018641811,0.32,0,0,0
"4211","340258013003",0.974729241877256,0.847892608429566,0.597260273972603,0.0108303249097473,0.44,0,0,0
"4212","340258013004",1,0.40125039499842,0.51,0.0493009565857248,0.16,0,0,0
"4213","340258013005",1,0.55749777000892,0.78134110787172,0.120454545454545,0.56,0,0,0
"4214","340258014001",0.985874532613211,0.901360394558422,0.657205240174673,0.110926464478604,0.52,0,0,0
"4215","340258014002",0.986587183308495,0.676477294090824,0.543700340522134,0.0171385991058122,0.44,0,0,0
"4216","340258014003",1,0.461922152311391,0.478672985781991,0,0.6,0,0,0
"4217","340258015001",1,0.755828976684093,0.721137757947574,0.268952380952381,0.4,0,0,0
"4218","340258015002",1,1,0.656590084643289,0.0904214559386973,0.28,0,0,0
"4219","340258015003",0.954545454545455,0.672725309098764,0.587168758716876,0.235795454545455,0.32,0,0,0
"4220","340258015004",1,0.656665373338507,0.617328519855596,0,0.32,0,0,0
"4221","340258015005",1,0.753676985292059,0.507722007722008,0.189189189189189,0.36,0,0,0
"4222","340258016001",0.952453987730061,0.37749849000604,0.30938123752495,0.240768094534712,0.48,0,0,0
"4223","340258016002",1,0.532129871480514,0.041994750656168,0.0435606060606061,0.56,0,0,0
"4224","340258016003",0.940813810110974,0.51062195751217,0.109259259259259,0.262638717632552,0.64,0,0,0
"4225","340258016004",0.969183359013868,0.33375066499734,0.264033264033264,0.0200308166409861,0.6,0,0,0
"4226","340258016005",0.880764904386952,0.355454578181687,0.252890173410405,0.169853768278965,0.72,0,0,0
"4227","340258016006",0.907505285412262,0.371174515301939,0.244059087989724,0.310782241014799,0.64,0,0,0
"4228","340258017001",0.941023417172593,NA,0.171779141104294,0.338248048568951,0.6,0,0,0
"4229","340258017002",0.89196675900277,0.115971536113856,0.238095238095238,0.274238227146814,0.6,0,0,0
"4230","340258017003",0.961240310077519,0.19937520249919,0.119246861924686,0.41749723145072,0.68,0,0,0
"4231","340258017004",0.861736334405145,NA,0.114068441064639,0.459807073954984,0.6,0,0,0
"4232","340258017005",0.939750183688464,NA,0.0908183632734531,0.463165075034106,0.56,0,0,0
"4233","340258018001",0.989337395277989,0.843696625213499,0.617229129662522,0.0411271896420411,0.64,0,0,0
"4234","340258018002",1,0.431578273686905,0.5,0.168932038834951,0.52,0,0,0
"4235","340258018003",0.980569948186529,0.567041731833073,0.0904436860068259,0.0647668393782383,0.56,0,0,0
"4236","340258018004",0.94187898089172,0.634209463162147,0.341463414634146,0.357484076433121,0.68,0,0,0
"4237","340258018005",0.888382687927107,0.513973944104224,0.070957095709571,0.394077448747153,0.72,0,0,0
"4238","340258018006",0.92133726647001,0.30376678493286,0.349182763744428,0.0117994100294985,0.56,0,0,0
"4239","340258019001",0.995965030262273,0.338886644453422,0.434944237918216,0.324815063887021,0.76,0,0,0
"4240","340258019002",0.890829694323144,0.33937464250143,0.446341463414634,0.433770014556041,0.72,0,0,0
"4241","340258019003",1,0.24249903000388,0.261506276150628,0.404478656403079,0.72,0,0,0
"4242","340258020001",0.974025974025974,0.240415038339847,0.475077881619938,0.290909090909091,0.76,0,0,0
"4243","340258020002",0.92096048024012,0.278178887284451,0.185280826339574,0.212606303151576,0.72,0,0,0
"4244","340258020003",0.980392156862745,0.314062743749025,0.457044673539519,0.209558823529412,0.68,0,0,0
"4245","340258021001",1,0.241843032627869,0.371451743714517,0.251355013550136,0.6,0,0,0
"4246","340258021002",1,0.6749973000108,0.351288056206089,0.154499151103565,0.68,0,0,0
"4247","340258021003",0.953730480046269,0.67372930508278,0.173449612403101,0.286292654713707,0.56,0,0,0
"4248","340258021004",0.972222222222222,0.43249827000692,0.317660550458716,0.243518518518519,0.64,0,0,0
"4249","340258021005",0.983269961977186,0.492446030215879,0.192622950819672,0.2106463878327,0.64,0,0,0
"4250","340258022001",0.960207612456747,0.279814880740477,0.221374045801527,0.0380622837370242,0.72,0,0,0
"4251","340258022002",0.993120700437774,0.712905148379406,0.312865497076023,0.228267667292058,0.6,0,0,0
"4252","340258022003",0.934563758389262,0.223331106675573,0.211031175059952,0.103960396039604,0.68,0,0,0
"4253","340258022004",0.982631930527722,0.47062211751153,0.176938369781312,0.529058116232465,0.72,0,0,0
"4254","340258023001",0.983809118023008,0.399282402870389,0.332932692307692,0.0997017469109501,0.72,0,0,0
"4255","340258023002",0.986784140969163,0.209251162995348,0.298837209302326,0.208606173994387,0.64,0,0,0
"4256","340258023003",0.953846153846154,0.469282122871509,0.18546365914787,0.0980769230769231,0.6,0,0,0
"4257","340258024001",0.945163747143945,0.539149843400626,0.450925925925926,0.23000761614623,0.76,0,0,0
"4258","340258024002",0.976764199655766,0.516965932136271,0.239772727272727,0.185886402753873,0.64,0,0,0
"4259","340258024003",0.967715231788079,0.3874984500062,0.385746606334842,0.246688741721854,0.64,0,0,0
"4260","340258024004",0.992687385740402,0.663033347866609,0.567619047619048,0.150517976843388,0.56,0,0,0
"4261","340258025001",0.767895878524946,0.49499802000792,0.155120481927711,0.422993492407809,0.52,0,0,0
"4262","340258025002",0.975669099756691,0.416922332310671,0.198198198198198,0.372262773722628,0.6,0,0,0
"4263","340258025003",0.964460784313726,0.64063743745025,0.205426356589147,0.650735294117647,0.64,0,0,0
"4264","340258025004",1,0.312774748901004,0.197183098591549,0.377232142857143,0.68,0,0,0
"4265","340258026001",0.924831081081081,0.467750128999484,0.508716323296355,0.655827702702703,0.84,0,0,0
"4266","340258026002",0.969337289812067,0.4124983500066,0.313364055299539,0.387734915924827,0.68,0,0,0
"4267","340258026003",0.966268811624286,0.34499862000552,0.422814207650273,0.387649195640893,0.6,0,0,0
"4268","340258027001",0.988610478359909,0.606409574361703,0.488320355951057,0.100227790432802,0.56,0,0,0
"4269","340258027002",0.912590216519647,0.710453158187367,0.696407879490151,0.251804330392943,0.56,0,0,0
"4270","340258027003",0.973890339425587,0.453986184055264,0.465891472868217,0.399477806788512,0.72,0,0,0
"4271","340258028001",0.993389423076923,0.488242047031812,0.730427046263345,0.276442307692308,0.56,0,0,0
"4272","340258028002",0.9710407239819,0.73374906500374,0.695749440715884,0.0895927601809955,0.52,0,0,0
"4273","340258028003",1,0.441026235895056,0.452333990795529,0.176599234554401,0.44,0,0,0
"4274","340258029001",0.981581311769991,0.613329546681813,0.577319587628866,0.230458221024259,0.44,0,0,0
"4275","340258030001",1,0.624941500233999,0.428005284015852,0.250795334040297,0.56,0,0,0
"4276","340258030002",0.957006369426752,0.635061459754161,0.579418344519016,0.0493630573248408,0.6,0,0,0
"4277","340258030003",0.948093220338983,0.491610033559866,0.504037685060565,0.297669491525424,0.56,0,0,0
"4278","340258030004",1,0.468846124615502,0.305225653206651,0.339869281045752,0.6,0,0,0
"4279","340258031001",0.970937912813738,0.462678149287403,0.329324699352451,0.394980184940555,0.48,0,0,0
"4280","340258031002",0.946737683089214,0.456426174295303,0.411728772144166,0.444296493564137,0.64,0,0,0
"4281","340258032011",0.969151670951157,0.392570429718281,0.398903358464702,0.28578313253012,0.68,0,0,0
"4282","340258032012",0.949327817993795,0.335766656933372,0.465437788018433,0.253360910031024,0.72,0,0,0
"4283","340258032021",0.973084886128364,0.88874844500622,0.709677419354839,0.388543823326432,0.4,0,0,0
"4284","340258032022",0.965315666406859,0.415566337734649,0.56442731277533,0.117297698589458,0.4,0,0,0
"4285","340258032023",0.991782229070365,0.87377650489398,0.731389102072141,0.343091936312275,0.28,0,0,0
"4286","340258033001",1,1,0.74910394265233,0.280263157894737,0.32,0,0,0
"4287","340258033002",0.903698979591837,0.831120675517298,0.679124886052871,0.496173469387755,0.36,0,0,0
"4288","340258033003",0.999147485080989,1,0.895348837209302,0.201193520886616,0.28,0,0,0
"4289","340258033004",1,0.877644489422042,0.881673881673882,0.180121703853955,0.24,0,0,0
"4290","340258033005",1,0.867184531261875,0.749417249417249,0.201687116564417,0.2,0,0,0
"4291","340258034001",0.747323340471092,0.498498006007976,0.507950530035336,0.593147751605996,0.72,0,0,0
"4292","340258034002",0.90046511627907,0.162619349522602,0.0871934604904632,0.738604651162791,0.68,0,0,0
"4293","340258034003",0.886671987230646,0.32623469506122,0.409598214285714,0.572568940493469,0.76,0,0,0
"4294","340258034004",0.829931972789116,NA,0.308921438082557,0.780801209372638,0.6,0,0,0
"4295","340258035001",0.929449838187702,0.315906736373054,0.604366812227074,0.20453074433657,0.52,0,0,0
"4296","340258035002",1,0.332666669333323,0.630722278738555,0.188244638602065,0.6,0,0,0
"4297","340258036011",1,0.318058727765089,0.657821229050279,0.0677966101694915,0.68,0,0,0
"4298","340258036012",1,NA,0.5,0.309656823623304,0.72,0,0,0
"4299","340258036021",1,0.660205359178563,0.639252336448598,0.102453102453102,0.48,0,0,0
"4300","340258036022",0.964200477326969,0.391610433558266,0.562390158172232,0.173428798727128,0.56,0,0,0
"4301","340258036023",0.909090909090909,NA,0.677650429799427,0.182983682983683,0.6,0,0,0
"4302","340258037001",0.954821894005213,NA,0.771723122238586,0.120764552562989,0.44,0,0,0
"4303","340258037002",1,0.704089183643265,0.744621141253508,0.0206391478029294,0.52,0,0,0
"4304","340258037003",1,1,0.888086642599278,0.0770547945205479,0.44,0,0,0
"4305","340258037004",0.996386630532972,0.61499754000984,0.700934579439252,0.213188798554652,0.32,0,0,0
"4306","340258037005",1,1,0.82004555808656,0.0197461212976023,0.52,0,0,0
"4307","340258038001",1,1,0.843137254901961,0.0596273291925466,0.24,0,0,0
"4308","340258038002",0.985641025641026,1,0.812362030905077,0.10974358974359,0.2,0,0,0
"4309","340258038003",0.997389033942559,1,0.650793650793651,0.0339425587467363,0.4,0,0,0
"4310","340258038004",1,0.635585457658169,0.818851251840943,0.0491967871485944,0.24,0,0,0
"4311","340258039001",0.963825873697118,1,0.771964461994077,0.0882893930104231,0.44,0,0,0
"4312","340258039002",0.976991150442478,0.737997048011808,0.808333333333333,0.0911504424778761,0.2,0,0,0
"4313","340258039003",0.985743380855397,0.697705209179163,0.705414012738854,0.00814663951120163,0.36,0,0,0
"4314","340258041001",0.968648648648649,0.69124923500306,0.785882352941176,0.231351351351351,0.36,0,0,0
"4315","340258041002",0.985130111524164,NA,0.727087576374745,0.0111524163568773,0.48,0,0,0
"4316","340258041003",1,0.540997836008656,0.597014925373134,0.172235023041475,0.4,0,0,0
"4317","340258042001",0.985807441503644,1,0.738082485270487,0.0111238971998466,0.36,0,0,0
"4318","340258042002",1,NA,0.781407035175879,0,0.28,0,0,0
"4319","340258042003",0.987745098039216,0.95249619001524,0.876887340301974,0.0147058823529412,0.36,0,0,0
"4320","340258042004",1,0.669497322010712,0.762110726643599,0.0206367924528302,0.48,0,0,0
"4321","340258046001",0.967496190959878,0.628093487626049,0.510652463382157,0.176231589639411,0.64,0,0,0
"4322","340258046002",1,0.798496806012776,0.58710407239819,0.0946704067321178,0.4,0,0,0
"4323","340258048011",0.975646123260437,0.315886736453054,0.746088193456614,0.292448292448292,0.44,0,0,0
"4324","340258048012",0.964003944773176,0.630977476090096,0.617489986648865,0.11439842209073,0.56,0,0,0
"4325","340258048013",0.965007776049767,0.268350926596294,0.476164383561644,0.384790011350738,0.64,0,0,0
"4326","340258048021",1,NA,0,0,0.56,0,0,0
"4327","340258048022",1,NA,0.535714285714286,0.180778032036613,0.52,0,0,0
"4328","340258048023",NA,NA,NA,NA,0.56,0,0,0
"4329","340258048024",1,0.253650985396058,0.56093666844066,0.0761043108036189,0.56,0,0,0
"4330","340258050011",0.886021505376344,0.28315486738053,0.381622516556291,0.538132573057733,0.76,0,0,0
"4331","340258050012",0.90118187787262,0.384682461270155,0.421312284163789,0.519331585845347,0.76,0,0,0
"4332","340258050013",0.83690587138863,0.24121903512386,0.406143344709898,0.364135407136322,0.56,0,0,0
"4333","340258051001",0.971748087110065,0.396922412310351,0.363431151241535,0.130765056972328,0.6,0,0,0
"4334","340258051002",0.965334617236399,0.398450406198375,0.510741510741511,0.299951853635051,0.68,0,0,0
"4335","340258051003",1,0.55312178751285,0.525054466230937,0.166953528399312,0.48,0,0,0
"4336","340258053001",1,0.781044875820497,0.530042918454936,0.182539682539683,0.52,0,0,0
"4337","340258053002",0.973464746019712,0.554721781112876,0.367114788004136,0.0128885519332828,0.56,0,0,0
"4338","340258053003",1,0.63499746001016,0.433497536945813,0.0755711775043937,0.32,0,0,0
"4339","340258053004",1,0.322774708901164,0.447939262472885,0.0185348631950574,0.56,0,0,0
"4340","340258053005",0.929466051417271,0.779280882876468,0.63323201621074,0.294660514172709,0.32,0,0,0
"4341","340258054001",0.828022492970947,0.421162315350739,0.344969199178645,0.492502343017807,0.56,0,0,0
"4342","340258054002",0.805327868852459,0.194055223779105,0.359712230215827,0.510245901639344,0.48,0,0,0
"4343","340258054003",0.882483370288248,0.36375054499782,0.509002770083102,0.443458980044346,0.56,0,0,0
"4344","340258055001",0.884287454323995,0.17627129491482,0.193236714975845,0.761266747868453,0.72,0,0,0
"4345","340258055002",0.83067940552017,0.24065103739585,0.317092034029389,0.509023354564756,0.56,0,0,0
"4346","340258055003",0.703103913630229,0.198971204115184,0.155963302752294,0.226720647773279,0.64,0,0,0
"4347","340258055004",0.667651403249631,0.454090183639265,0.536672629695885,0.505169867060561,0.48,0,0,0
"4348","340258056001",0.906396255850234,0.26625093499626,0.152993348115299,0.921996879875195,0.56,0,0,0
"4349","340258056002",0.805770221535291,0.28314286742853,0.187319884726225,0.856774858320453,0.64,0,0,0
"4350","340258057001",0.990012484394507,0.293998824004704,0.248025276461295,0.506866416978777,0.64,0,0,0
"4351","340258057002",0.72015503875969,0.328570685717257,0.148989898989899,0.796124031007752,0.6,0,0,0
"4352","340258057003",0.658015267175573,0.235999056003776,0.237068965517241,0.538931297709924,0.64,0,0,0
"4353","340258058001",0.706723891273248,0.273582905668377,0.652259332023576,0.523605150214592,0.48,0,0,0
"4354","340258058002",0.804123711340206,0.165455338178647,0.0122324159021407,0.731958762886598,0.56,0,0,0
"4355","340258058003",0.847689075630252,0.208087167651329,0.29264475743349,0.273012552301255,0.52,0,0,0
"4356","340258058004",0.863365155131265,0.133307466770133,0.415124698310539,0.289379474940334,0.48,0,0,0
"4357","340258059001",0.905183312262958,0.45875016499934,0.25974025974026,0.331226295828066,0.52,0,0,0
"4358","340258059002",0.931428571428571,0.320482718069128,0.533562822719449,0.589714285714286,0.44,0,0,0
"4359","340258059003",0.959821428571429,0.401462394150423,0.168539325842697,0.612723214285714,0.52,0,0,0
"4360","340258059004",0.734331669439823,0.382826468694125,0.0926553672316384,0.537992235163616,0.56,0,0,0
"4361","340258059005",0.44578313253012,0.199327202691189,0.237851662404092,0.306600425833925,0.52,0,0,0
"4362","340258060001",0.831559173450219,0.472986108055568,0.34992784992785,0.201001878522229,0.44,0,0,0
"4363","340258060002",0.882857142857143,0.297854808580766,0.542857142857143,0.330714285714286,0.6,0,0,0
"4364","340258060003",0.963971176941553,0.0943476226095096,0.399755501222494,0.205764611689351,0.6,0,0,0
"4365","340258061001",0.952447552447552,0.451942192231231,0.559233449477352,0.191608391608392,0.48,0,0,0
"4366","340258061002",0.975698663426488,NA,0.534766118836915,0.00364520048602673,0.52,0,0,0
"4367","340258061003",0.96412213740458,0.605369578521686,0.483213429256595,0.0137404580152672,0.52,0,0,0
"4368","340258062011",1,0.459758160967356,0.40709219858156,0.00649350649350649,0.48,0,0,0
"4369","340258062012",0.974498327759197,0.611517553929784,0.442408376963351,0.184364548494983,0.56,0,0,0
"4370","340258062021",0.891530460624071,0.342378630485478,0.359267734553776,0.160475482912333,0.68,0,0,0
"4371","340258062022",0.968058968058968,0.363074547701809,0.414823008849558,0.141687141687142,0.56,0,0,0
"4372","340258062023",0.93141592920354,0.62499750001,0.552775605942142,0.264933628318584,0.52,0,0,0
"4373","340258063001",0.904090267983075,0.54499782000872,0.382626680455016,0.0705218617771509,0.56,0,0,0
"4374","340258063002",0.94300518134715,0.471666113335547,0.557333333333333,0.216580310880829,0.56,0,0,0
"4375","340258064001",0.959718969555035,0.5249979000084,0.456439393939394,0.436065573770492,0.44,0,0,0
"4376","340258064002",0.96072319201995,0.639281442874229,0.351935193519352,0.0879052369077307,0.44,0,0,0
"4377","340258064003",0.881073241479333,0.490262038951844,0.506257110352674,0.158810732414793,0.36,0,0,0
"4378","340258065011",0.78604118993135,0.215867136531454,0.107676969092722,0.933066361556064,0.68,0,0,0
"4379","340258065012",0.91869918699187,0.277222891108436,0.455403492213308,0.383527748320961,0.56,0,0,0
"4380","340258065021",0.949236298292902,0.35127459490162,0.542344363432417,0.390386343216532,0.52,0,0,0
"4381","340258065022",0.90695067264574,0.234819060723757,0.332899869960988,0.276905829596413,0.64,0,0,0
"4382","340258065031",1,0.962140151439394,0.725470763131814,0.127490039840637,0.48,0,0,0
"4383","340258065032",0.983102253032929,0.595225619097524,0.596537250786988,0.0723570190641248,0.56,0,0,0
"4384","340258065041",0.889118457300275,0.430226279094884,0.300098716683119,0.792011019283747,0.68,0,0,0
"4385","340258065042",0.777139574956921,0.387438450246199,0.474897119341564,0.468121769098219,0.64,0,0,0
"4386","340258066001",0.985148514851485,0.639613441546234,0.556858147713951,0.0882838283828383,0.52,0,0,0
"4387","340258066002",0.992270531400966,0.65499738001048,0.601369863013699,0.151690821256039,0.44,0,0,0
"4388","340258066003",1,1,0.792349726775956,0.15565509518477,0.32,0,0,0
"4389","340258066004",0.979166666666667,0.425086299654801,0.460636515912898,0.0361111111111111,0.44,0,0,0
"4390","340258066005",0.847904191616766,0.658533365866537,0.743937924345296,0.0413173652694611,0.44,0,0,0
"4391","340258070041",0.912208504801097,0.202307190771237,0.550432276657061,0.215363511659808,0.56,0,0,0
"4392","340258070042",0.957920792079208,0.386162455350179,0.665079365079365,0.284653465346535,0.52,0,0,0
"4393","340258070043",0.981651376146789,NA,0.645614035087719,0.0963302752293578,0.64,0,0,0
"4394","340258070044",0.912568306010929,0.397810408758365,0.667300380228137,0.200364298724954,0.56,0,0,0
"4395","340258070051",0.90719696969697,NA,0.528023598820059,0.549242424242424,0.68,0,0,0
"4396","340258070052",0.843770599868161,0.493214027143891,0.724860335195531,0.277521423862887,0.72,0,0,0
"4397","340258070061",0.67590027700831,NA,0.309248554913295,0.559556786703601,0.56,0,0,0
"4398","340258070062",0.848552338530067,0.380330478678085,0.478723404255319,0.202672605790646,0.52,0,0,0
"4399","340258070063",0.809024134312697,0.109223563105748,0.51518691588785,0.465897166841553,0.6,0,0,0
"4400","340258071001",0.89957264957265,0.438330246679013,0.50507614213198,0.551282051282051,0.6,0,0,0
"4401","340258071002",1,0.107167571329715,0.373358348968105,0.742105263157895,0.68,0,0,0
"4402","340258071003",0.943566591422122,0.462186151255395,0.229357798165138,0.781038374717833,0.56,0,0,0
"4403","340258071004",1,0.630945476218095,0.421333333333333,0.687950566426365,0.6,0,0,0
"4404","340258072001",0.842727631060307,0.125071499714001,0.152413793103448,0.955459203783997,0.76,0,0,0
"4405","340258073001",0.737523105360444,0.273330906676373,0.105960264900662,0.959334565619224,0.48,0,0,0
"4406","340258073002",0.820388349514563,0.203367186531254,0.123792800702371,0.903451995685005,0.52,0,0,0
"4407","340258073003",0.765296803652968,0.153235387058452,0.124293785310734,0.96986301369863,0.56,0,0,0
"4408","340258074011",0.912751677852349,0.312398750404998,0.771827706635623,0.0760626398210291,0.52,0,0,0
"4409","340258074012",0.889245585874799,0.248887004451982,0.672552166934189,0.221508828250401,0.52,0,0,0
"4410","340258074021",0.970212765957447,0.314870740517038,0.70137299771167,0.0574468085106383,0.68,0,0,0
"4411","340258074022",0.92921686746988,0.282894868420526,0.571428571428571,0.0476190476190476,0.68,0,0,0
"4412","340258075001",0.93058568329718,NA,0.110726643598616,0.908893709327549,0.76,0,0,0
"4413","340258075002",0.922013820335637,0.365138539445842,0.203480589022758,0.520236920039487,0.72,0,0,0
"4414","340258075003",0.913746630727763,NA,0.248263888888889,0.628706199460916,0.68,0,0,0
"4415","340258076001",0.96700143472023,0.157867368530526,0.113475177304965,0.918220946915351,0.8,0,0,0
"4416","340258076002",0.75048606610499,0.208383166467334,0.124013528748591,0.981853532080363,0.6,0,0,0
"4417","340258076003",0.742444152431012,NA,0.125858123569794,0.859395532194481,0.68,0,0,0
"4418","340258077001",0.861068702290076,NA,0.150819672131148,0.603195739014647,0.6,0,0,0
"4419","340258077002",0.931791221826809,0.55187379250483,0.200888888888889,0.867613636363636,0.64,0,0,0
"4420","340258077003",0.974806201550388,0.30499878000488,0.562182741116751,0.545542635658915,0.56,0,0,0
"4421","340258077004",0.822109275730623,0.182999268002928,0.0775623268698061,0.888182973316391,0.64,0,0,0
"4422","340258078001",0.928619079386258,0.476478094087624,0.440870387890255,0.661107404936624,0.48,0,0,0
"4423","340258078002",0.941453566621803,0.391450434198263,0.413549039433771,0.465679676985195,0.56,0,0,0
"4424","340258078003",0.883310719131615,0.54499782000872,0.237010027347311,0.812075983717775,0.48,0,0,0
"4425","340258079001",0.939617723718506,0.382538469846121,0.283813747228381,0.574397339983375,0.52,0,0,0
"4426","340258079002",0.944651410324641,0.420498318006728,0.438367346938775,0.516232038318254,0.56,0,0,0
"4427","340258080011",1,0.481666073335707,0.443324937027708,0.0144927536231884,0.36,0,0,0
"4428","340258080012",0.982993197278912,0.485274058903764,0.600798403193613,0.0680272108843537,0.4,0,0,0
"4429","340258080013",0.946736292428198,0.546997812008752,0.519792342634653,0.0856396866840731,0.6,0,0,0
"4430","340258080014",0.989751098096633,0.40062239751041,0.396190476190476,0.127379209370425,0.48,0,0,0
"4431","340258080021",0.986869384934347,0.349130603477586,0.406315789473684,0.407806191117093,0.48,0,0,0
"4432","340258080022",0.893483709273183,0.333886664453342,0.354838709677419,0.260651629072682,0.44,0,0,0
"4433","340258081001",0.956521739130435,0.395850416598334,0.387687188019967,0.0258152173913043,0.68,0,0,0
"4434","340258081002",1,NA,0.192842942345924,0.768836869056328,0.68,0,0,0
"4435","340258081003",0.856287425149701,NA,0.552475247524753,0.187125748502994,0.6,0,0,0
"4436","340258081004",0.986968838526912,0.432438270246919,0.297427652733119,0.243506493506494,0.68,0,0,0
"4437","340258082011",0.79291553133515,0.40249839000644,0.583333333333333,0.42200328407225,0.68,0,0,0
"4438","340258082012",0.785046728971963,0.181387274450902,0.414634146341463,0.574766355140187,0.6,0,0,0
"4439","340258082013",0.981481481481482,0.429166283334867,0.708703374777975,0.287878787878788,0.56,0,0,0
"4440","340258082021",0.863408521303258,0.239091043635825,0.479228486646884,0.18922305764411,0.48,0,0,0
"4441","340258082022",0.894685039370079,0.481314074743701,0.694951664876477,0.094488188976378,0.56,0,0,0
"4442","340258083001",0.989623865110246,0.48499806000776,0.743630573248408,0.0337224383916991,0.4,0,0,0
"4443","340258083002",0.982370225269344,0.386362454550182,0.686323713927227,0.15181194906954,0.76,0,0,0
"4444","340258084011",1,0.416750332998668,0.584795321637427,0.0670391061452514,0.56,0,0,0
"4445","340258084012",1,NA,0.356282271944923,0.0396694214876033,0.6,0,0,0
"4446","340258084013",1,0.731469074123704,0.669082125603865,0.0301507537688442,0.6,0,0,0
"4447","340258084021",0.800195886385896,0.236019055923776,0.519494204425711,0.252693437806072,0.76,0,0,0
"4448","340258084022",0.940336134453782,0.388926444294223,0.379814077025232,0.230252100840336,0.8,0,0,0
"4449","340258084023",0.910569105691057,0.356494574021704,0.502808988764045,0.418247515808491,0.8,0,0,0
"4450","340258084024",0.979268292682927,0.422026311894752,0.556300268096515,0.14390243902439,0.44,0,0,0
"4451","340258085011",1,0.626449494202023,0.626893939393939,0.0524193548387097,0.52,0,0,0
"4452","340258085012",0.994015957446808,0.638329446682213,0.688931297709924,0.127659574468085,0.52,0,0,0
"4453","340258085013",0.929945054945055,0.26375094499622,0.282051282051282,0.369505494505495,0.52,0,0,0
"4454","340258085021",0.920475319926874,0.258074967700129,0.474885844748858,0.0539305301645338,0.64,0,0,0
"4455","340258085022",1,0.593433626265495,0.744525547445255,0.0127931769722814,0.6,0,0,0
"4456","340258085023",1,0.408246367014532,0.307958477508651,0.0314748201438849,0.6,0,0,0
"4457","340258086001",0.984802431610942,0.51684593261627,0.452852153667055,0.185722928009679,0.56,0,0,0
"4458","340258086002",0.953792502179599,0.46060615757537,0.238895558223289,0.0146341463414634,0.56,0,0,0
"4459","340258086003",0.851728446480633,0.648481406074376,0.663319946452477,0.0528946272386506,0.44,0,0,0
"4460","340258086004",0.952054794520548,0.466386134455462,0.549738219895288,0.118691588785047,0.44,0,0,0
"4461","340258087011",0.964805825242718,0.665769336922652,0.737931034482759,0.0752427184466019,0.32,0,0,0
"4462","340258087012",0.928987811340752,0.680777276890892,0.537024683122081,0.125064069707842,0.44,0,0,0
"4463","340258087013",0.99581589958159,0.426190295238819,0.621172353455818,0.0835561497326203,0.44,0,0,0
"4464","340258087021",1,0.730497078011688,0.551059730250482,0.113161131611316,0.32,0,0,0
"4465","340258087022",0.990125082290981,0.636149455402178,0.617810760667904,0.0691244239631336,0.28,0,0,0
"4466","340258087023",1,0.661313354746581,0.616404308202154,0.0703947368421053,0.32,0,0,0
"4467","340258088001",0.958720330237358,0.4249983000068,0.466992665036675,0.102167182662539,0.56,0,0,0
"4468","340258088002",1,0.387222451110196,0.580195258019526,0.159609120521173,0.36,0,0,0
"4469","340258088003",1,0.6687213251147,0.69,0.076271186440678,0.56,0,0,0
"4470","340258088004",0.978508217446271,0.666665333338667,0.636363636363636,0.0366624525916561,0.56,0,0,0
"4471","340258089011",1,0.341942632229471,0.671130952380952,0.0600728155339806,0.6,0,0,0
"4472","340258089012",0.912917271407837,0.461998152007392,0.434615384615385,0.114658925979681,0.6,0,0,0
"4473","340258089021",1,0.307810768756925,0.58296943231441,0.109298531810767,0.52,0,0,0
"4474","340258089022",0.941699604743083,0.282222871108516,0.478260869565217,0.00494071146245059,0.6,0,0,0
"4475","340258089023",0.913525498891353,0.663613345546618,0.625912408759124,0.177383592017738,0.68,0,0,0
"4476","340258090001",0.861538461538462,0.302618789524842,0.643835616438356,0.260576923076923,0.6,0,0,0
"4477","340258090002",0.956716417910448,0.447810208759165,0.363799283154122,0.16865671641791,0.6,0,0,0
"4478","340258091001",0.975757575757576,1,0.819672131147541,0,0.6,0,0,0
"4479","340258091002",1,NA,0.833333333333333,0.0751533742331288,0.36,0,0,0
"4480","340258091003",0.998979591836735,0.55749777000892,0.858682634730539,0.166326530612245,0.44,0,0,0
"4481","340258091004",1,0.663885344458622,0.853801169590643,0.0181543116490166,0.52,0,0,0
"4482","340258092001",0.89811320754717,1,0.833049403747871,0.0213836477987421,0.32,0,0,0
"4483","340258092002",1,0.79499682001272,0.767151767151767,0.0169902912621359,0.56,0,0,0
"4484","340258093011",0.964854111405836,0.50064999740001,0.568109820485744,0.0881962864721485,0.64,0,0,0
"4485","340258093012",0.963133640552995,0.737997048011808,0.663461538461538,0.0345622119815668,0.52,0,0,0
"4486","340258093013",0.928039702233251,0.476142095431618,0.78252427184466,0.107940446650124,0.6,0,0,0
"4487","340258093021",1,0.400578397686409,0.518446601941748,0.039451114922813,0.36,0,0,0
"4488","340258093022",1,NA,0.846067415730337,0.0802583025830258,0.56,0,0,0
"4489","340258093023",1,0.728997084011664,0.762942779291553,0.14365671641791,0.52,0,0,0
"4490","340258094001",0.987129987129987,0.639665441338235,0.688804554079696,0.113256113256113,0.48,0,0,0
"4491","340258094002",1,0.644589421642313,0.635907723169508,0.0885017421602787,0.64,0,0,0
"4492","340258094003",0.976635514018692,0.541749833000668,0.588992974238876,0.0149532710280374,0.44,0,0,0
"4493","340258094004",1,0.763496946012216,0.733542319749216,0.0650746268656716,0.4,0,0,0
"4494","340258095031",0.964718090626081,0.583793664825341,0.664133016627078,0.457556935817805,0.44,0,0,0
"4495","340258095032",1,0.976496094015624,0.808510638297872,0.394383394383394,0.28,0,0,0
"4496","340258095033",1,0.526373894504422,0.466984343090538,0.607668301382078,0.24,0,0,0
"4497","340258095041",0.97608024691358,0.7999968000128,0.754728877679697,0.43016975308642,0.36,0,0,0
"4498","340258095051",1,0.716729133083468,0.904661016949153,0.0164348925410872,0.28,0,0,0
"4499","340258095052",1,0.980764076943692,0.78019801980198,0.39119170984456,0.16,0,0,0
"4500","340258095053",1,0.709521161915352,0.545676998368679,0.367892976588629,0.36,0,0,0
"4501","340258095061",0.990820734341253,0.500713997144011,0.537749287749288,0.323974082073434,0.4,0,0,0
"4502","340258095062",1,0.457686169255323,0.564327485380117,0.475900558092339,0.48,0,0,0
"4503","340258096001",1,0.790688837244651,0.567279767666989,0.146986469864699,0.36,0,0,0
"4504","340258096002",0.989554317548747,0.919748321006716,0.821771611526147,0.286908077994429,0.36,0,0,0
"4505","340258096003",0.960809928151535,0.605413578345687,0.52405949256343,0.278902677988243,0.6,0,0,0
"4506","340258096004",0.971030436376971,0.525669897320411,0.470588235294118,0.0975430876420975,0.52,0,0,0
"4507","340258097011",0.991748166259169,0.86564853740585,0.717290918419702,0.318154034229829,0.24,0,0,0
"4508","340258097012",0.96125116713352,0.651181395274419,0.616181229773463,0.19327731092437,0.36,0,0,0
"4509","340258097031",0.942433643571182,0.901292394830421,0.677956989247312,0.35298173043778,0.36,0,0,0
"4510","340258097032",0.972667295004712,0.60249759000964,0.662442396313364,0.145146088595664,0.24,0,0,0
"4511","340258097033",0.986769570011025,0.257562969748121,0.325423728813559,0.061742006615215,0.32,0,0,0
"4512","340258097041",0.98539176626826,0.83499666001336,0.816986855409505,0.249003984063745,0.16,0,0,0
"4513","340258097042",0.982020547945205,0.660413358346567,0.701790633608815,0.416095890410959,0.2,0,0,0
"4514","340258097043",1,1,0.758964143426295,0.340606060606061,0.28,0,0,0
"4515","340258097044",0.980428134556575,0.701665193339227,0.741903827281649,0.244036697247706,0.16,0,0,0
"4516","340258099011",0.994226804123711,0.860552557789769,0.807574832009774,0.154639175257732,0.24,0,0,0
"4517","340258099012",1,0.892140431438274,0.683556405353729,0.215753424657534,0.24,0,0,0
"4518","340258099013",0.961811722912966,0.86499654001384,0.438118811881188,0.181172291296625,0.16,0,0,0
"4519","340258099021",1,0.670945316218735,0.646534653465347,0.0443599493029151,0.2,0,0,0
"4520","340258099022",0.976020408163265,0.578885684457262,0.594242631939685,0.122448979591837,0.48,0,0,0
"4521","340258099023",1,0.799432802268791,0.659517426273458,0.0767218831734961,0.28,0,0,0
"4522","340258099031",0.979166666666667,NA,0.863636363636364,0.512820512820513,0.4,0,0,0
"4523","340258100011",0.971217105263158,0.673017307930768,0.636995827538248,0.395121951219512,0.32,0,0,0
"4524","340258100012",0.925215723873442,0.627237491050036,0.571329639889197,0.49712368168744,0.48,0,0,0
"4525","340258100013",0.959578207381371,0.625381498474006,0.731121281464531,0.161687170474517,0.32,0,0,0
"4526","340258100014",0.994448299791811,0.981664073343707,0.50775594622544,0.129077029840389,0.36,0,0,0
"4527","340258100021",1,0.2875268498926,0.379180151024811,0.0634997576345128,0.44,0,0,0
"4528","340258100022",0.97816265060241,0.153167387330451,0.18984375,0.098644578313253,0.52,0,0,0
"4529","340258100031",0.990610328638498,0.671953312186751,0.453629032258065,0.241678726483357,0.44,0,0,0
"4530","340258100032",0.954771097628241,0.547737809048764,0.63768115942029,0.138444567015996,0.4,0,0,0
"4531","340258100033",0.98124428179323,0.517929928280287,0.489650249821556,0.191216834400732,0.36,0,0,0
"4532","340258100041",0.986577181208054,0.817268730925076,0.473568281938326,0.130499627143922,0.48,0,0,0
"4533","340258100042",1,0.675737297050812,0.574136763710223,0.128932210899424,0.44,0,0,0
"4534","340258100043",0.983245149911817,0.577997688009248,0.447574334898279,0.185185185185185,0.32,0,0,0
"4535","340258101011",0.978260869565217,0.818924724301103,0.792667509481669,0.293075684380032,0.44,0,0,0
"4536","340258101012",0.982376350198977,1,0.791396103896104,0.0289937464468448,0.12,0,0,0
"4537","340258101013",0.987702265372168,0.675905296378814,0.592142188961646,0.16957928802589,0.52,0,0,0
"4538","340258101021",0.955961331901181,0.672341310634757,0.575355915562101,0.153956319369853,0.28,0,0,0
"4539","340258101022",0.989612188365651,0.683425266298935,0.571008814887365,0.183518005540166,0.44,0,0,0
"4540","340258102011",1,NA,0.737720111214087,0.335761991499696,0.36,0,0,0
"4541","340258102012",1,0.659425362298551,0.435637285986049,0.319832402234637,0.28,0,0,0
"4542","340258102013",0.936353211009174,0.857824568701725,0.603198781416603,0.401949541284404,0.2,0,0,0
"4543","340258102021",1,0.510793956824173,0.612859097127223,0.335125448028674,0.24,0,0,0
"4544","340258102022",1,0.621477514089944,0.500884955752212,0.157522123893805,0.24,0,0,0
"4545","340258102023",0.95374449339207,0.612937548249807,0.76971790443293,0.341850220264317,0.2,0,0,0
"4546","340258102024",0.993933265925177,0.760764956940172,0.642105263157895,0.143242332322211,0.28,0,0,0
"4547","340258103001",0.964285714285714,0.406998372006512,0.33545197740113,0.311413809300141,0.6,0,0,0
"4548","340258104011",0.968950749464668,0.69624921500314,0.498338870431894,0.41541755888651,0.16,0,0,0
"4549","340258104012",1,0.529329882680469,0.458635703918723,0.148504273504274,0.24,0,0,0
"4550","340258104013",0.915201654601861,0.695453218187127,0.422085201793722,0.224378881987578,0.48,0,0,0
"4551","340258104021",0.99416778824585,0.91499634001464,0.732223903177005,0.226558995065052,0.32,0,0,0
"4552","340258104022",1,0.87124851500594,0.647104851330203,0.195353748680042,0.28,0,0,0
"4553","340258104023",0.983281493001555,0.597669609321563,0.55726872246696,0.25,0.32,0,0,0
"4554","340258104024",1,0.811468754124984,0.774086378737541,0.475728155339806,0.16,0,0,0
"4555","340258105011",0.949931725079654,0.325414698341207,0.492202121023082,0.421029082774049,0.56,0,0,0
"4556","340258105012",0.983772819472617,0.693329226683093,0.472527472527473,0.175567423230975,0.56,0,0,0
"4557","340258105031",0.982374768089054,0.353234587061652,0.534526854219949,0.0433179723502304,0.2,0,0,0
"4558","340258105032",0.890713834491472,0.298418806324775,0.422238918106687,0.093094944512947,0.44,0,0,0
"4559","340258105033",0.991008349389852,0.19937520249919,0.501410437235543,0.152905198776758,0.28,0,0,0
"4560","340258105041",0.893301918545944,NA,0.524834437086093,0.539212386401885,0.48,0,0,0
"4561","340258105042",0.976017847183491,0.685805256778973,0.536020583190394,0.124930284439487,0.48,0,0,0
"4562","340258105051",0.921854304635762,0.388634445462218,0.353398058252427,0.335099337748344,0.36,0,0,0
"4563","340258105052",0.985051385861102,0.905112379550482,0.703280318091451,0.173777639364684,0.2,0,0,0
"4564","340258106001",0.946564885496183,0.423950304198783,0.325881341358555,0.0877862595419847,0.28,0,0,0
"4565","340258106002",1,0.418470326118696,0.28021978021978,0.0282527881040892,0.32,0,0,0
"4566","340258106003",0.97711908476339,0.721189115243539,0.468685478320716,0.427977119084763,0.2,0,0,0
"4567","340258106004",1,0.386590453638185,0.359139784946237,0.0843373493975904,0.24,0,0,0
"4568","340258106005",1,0.219863120547518,0.377593360995851,0.316823228010248,0.4,0,0,0
"4569","340258107001",0.960662525879917,0.44749821000716,0.550065019505852,0.339068825910931,0.64,0,0,0
"4570","340258107002",0.969174977334542,0.31937472250111,0.470433639947438,0.349954669084315,0.68,0,0,0
"4571","340258108001",1,NA,0.341463414634146,0.841409691629956,0.72,0,0,0
"4572","340258108002",0.817972350230415,0.155475378098488,0.212778782399036,0.771121351766513,0.84,0,0,0
"4573","340258109001",0.754410726887791,0.37437450250199,0.433249370277078,0.537755822159492,0.72,0,0,0
"4574","340258109002",0.70096790626592,0.451926192295231,0.181573638197714,0.680590932246561,0.84,0,0,0
"4575","340258110001",0.467353951890034,0.124019503921984,0.175746924428823,0.600687285223368,0.76,0,0,0
"4576","340258110002",0.713373253493014,0.3312506749973,0.277555682467162,0.603420843277645,0.8,0,0,0
"4577","340258111011",0.975150300601202,0.360210559157763,0.398319327731092,0.13186372745491,0.56,0,0,0
"4578","340258111012",0.999102333931777,0.477058091767633,0.503692762186115,0.40394973070018,0.28,0,0,0
"4579","340258111013",0.782534246575342,NA,0.303398058252427,0.481164383561644,0.56,0,0,0
"4580","340258111014",0.972527472527473,0.195863216547134,0.273415977961433,0.239010989010989,0.32,0,0,0
"4581","340258111021",0.982377049180328,0.784128863484546,0.583901773533424,0.340163934426229,0.4,0,0,0
"4582","340258111022",0.994282744282744,0.621561513753945,0.711827956989247,0.194386694386694,0.36,0,0,0
"4583","340258111023",1,0.547629809480762,0.544147843942505,0.0863874345549738,0.52,0,0,0
"4584","340258111024",1,0.418434326262695,0.446374622356495,0.113798008534851,0.44,0,0,0
"4585","340258112001",0.985795454545455,0.640673437306251,0.470474346563408,0.205255681818182,0.44,0,0,0
"4586","340258112002",0.971428571428571,0.61559753760985,0.345021037868163,0.156190476190476,0.24,0,0,0
"4587","340258112003",0.910920770877944,0.500997996008016,0.382241813602015,0.37644539614561,0.24,0,0,0
"4588","340258112004",0.807069219440353,0.46499814000744,0.332251082251082,0.316642120765832,0.4,0,0,0
"4589","340258113011",1,0.619221523113908,0.555375909458367,0.264659270998415,0.2,0,0,0
"4590","340258113012",0.933973128598848,NA,0.202193609918932,0.218426103646833,0.32,0,0,0
"4591","340258113013",1,0.284282862868549,0.421448730009407,0.471518987341772,0.4,0,0,0
"4592","340258113031",1,0.59499762000952,0.417759838546922,0.143333333333333,0.24,0,0,0
"4593","340258113032",0.989861751152074,0.472290110839557,0.339360222531293,0.275576036866359,0.32,0,0,0
"4594","340258113033",0.976550286607608,0.60999756000976,0.440184049079755,0.409588327253778,0.32,0,0,0
"4595","340258113041",0.948200175592625,0.567809728761085,0.544747081712062,0.0930640913081651,0.44,0,0,0
"4596","340258113042",0.947387387387387,0.527585889656441,0.290076335877863,0.156756756756757,0.44,0,0,0
"4597","340258114011",0.97167868177137,0.653517385930456,0.653245686113394,0.397013388259526,0.24,0,0,0
"4598","340258114012",0.9179548156956,0.650309398762405,0.38160469667319,0.104637336504162,0.12,0,0,0
"4599","340258114013",0.972246313963573,0.680829276682893,0.438572409059712,0.153512575888985,0.16,0,0,0
"4600","340258114021",0.930789133247089,0.56314574741701,0.578577699736611,0.228331177231565,0.44,0,0,0
"4601","340258114022",0.947410358565737,0.630665477338091,0.44375,0.286852589641434,0.16,0,0,0
"4602","340258114023",0.959114139693356,0.378998484006064,0.305813953488372,0.233390119250426,0.32,0,0,0
"4603","340258115011",0.96875,0.430498278006888,0.327510917030568,0.163915094339623,0.28,0,0,0
"4604","340258115012",1,0.657373370506518,0.41644204851752,0.356679035250464,0.24,0,0,0
"4605","340258115013",0.967960288808664,0.481666073335707,0.448545067423705,0.143953068592058,0.24,0,0,0
"4606","340258115014",1,0.771496914012344,0.421245421245421,0.360341151385927,0.16,0,0,0
"4607","340258115021",0.992430278884462,0.592081631673473,0.463112213267204,0.0813169377231257,0.4,0,0,0
"4608","340258115022",0.738275340393343,0.484722061111756,0.55030303030303,0.266263237518911,0.6,0,0,0
"4609","340258116001",0.93968253968254,0.341998632005472,0.420081967213115,0.114285714285714,0.52,0,0,0
"4610","340258116002",0.96551724137931,0.378634485462058,0.275534441805226,0.112068965517241,0.6,0,0,0
"4611","340258119001",0.981102362204724,0.680129279482882,0.634966777408638,0.156535433070866,0.36,0,0,0
"4612","340258119002",0.939481268011527,0.42187431250275,0.785891089108911,0.394812680115274,0.28,0,0,0
"4613","340258119003",0.979485266691533,0.756424974300103,0.529974489795918,0.130175307721,0.4,0,0,0
"4614","340258120001",0.984039625756742,0.45375018499926,0.541463414634146,0.145844799119428,0.48,0,0,0
"4615","340258121001",0.928115015974441,0.532705869176523,0.695736434108527,0.0617088607594937,0.32,0,0,0
"4616","340258121002",0.98703888334995,0.418094327622689,0.645432692307692,0.0388833499501496,0.44,0,0,0
"4617","340258122001",0.933601609657948,0.382590469638121,0.35801393728223,0.339369550637156,0.52,0,0,0
"4618","340258122002",0.958452722063037,0.141499434002264,0.336607142857143,0.290482954545455,0.52,0,0,0
"4619","340258122003",1,0.415950336198655,0.317741935483871,0.247074122236671,0.52,0,0,0
"4620","340258123001",1,0.641665433338267,0.739495798319328,0.0805369127516778,0.52,0,0,0
"4621","340258123002",1,0.907996368014528,0.757575757575758,0.0303272146847566,0.32,0,0,0
"4622","340258123003",0.963739779594739,0.34625061499754,0.367549668874172,0.347671525062211,0.6,0,0,0
"4623","340258124001",0.998687664041995,0.62499750001,0.701444622792937,0.0341207349081365,0.48,0,0,0
"4624","340258124002",0.968354430379747,0.404498382006472,0.665952890792291,0.17246835443038,0.6,0,0,0
"4625","340258124003",0.933333333333333,0.293518825924696,0.29023746701847,0.289922480620155,0.52,0,0,0
"4626","340258125011",0.966859983429992,0.585673657305371,0.468780971258672,0.172328086164043,0.16,0,0,0
"4627","340258125012",0.967355096602265,1,0.563157894736842,0.453031312458361,0.2,0,0,0
"4628","340258125013",0.978482446206115,0.716361134555462,0.428915662650602,0.357870894677237,0.2,0,0,0
"4629","340258125014",0.973406694176983,0.802288790844837,0.686755430974071,0.289316827143512,0.32,0,0,0
"4630","340258125021",0.94817485353763,0.887676449294203,0.624833997343958,0.272645335736818,0.36,0,0,0
"4631","340258125022",0.981582537517053,1,0.566860465116279,0.128256513026052,0.28,0,0,0
"4632","340258125023",0.978784956605593,0.405354378582486,0.475435816164818,0.320154291224687,0.24,0,0,0
"4633","340258126001",1,0.457378170487318,0.588334742180896,0.162992651970608,0.6,0,0,0
"4634","340258126002",1,0.847900608397566,0.543859649122807,0.161727349703641,0.44,0,0,0
"4635","340258126003",1,0.308590765636937,0.324707846410684,0.522466039707419,0.68,0,0,0
"4636","340258126004",0.995938261575955,0.594825620697517,0.606160616061606,0.322554567502021,0.72,0,0,0
"4637","340270401011",0.986310746064339,0.581997672009312,0.444332998996991,0.290212183436003,0.52,0,0,0
"4638","340270401012",0.914562063406771,0.452666189335243,0.604778156996587,0.284255776464267,0.44,0,0,0
"4639","340270401013",0.984651711924439,0.375390498438006,0.246800731261426,0.089728453364817,0.6,0,0,0
"4640","340270401021",0.947941888619855,NA,0.500900900900901,0.144067796610169,0.76,0,0,0
"4641","340270401022",0.864273696017947,0.463926144295423,0.397669337217771,0.416152551878856,0.72,0,0,0
"4642","340270401023",0.917783735478105,0.487202051191795,0.479956068094454,0.155049151027703,0.64,0,0,0
"4643","340270401024",0.967874794069193,0.449722201111196,0.452572845629262,0.235546038543897,0.44,0,0,0
"4644","340270402001",0.925561797752809,NA,0.317689530685921,0.172752808988764,0.6,0,0,0
"4645","340270402002",0.973097112860892,0.483330066679733,0.335232668566002,0.2250656167979,0.72,0,0,0
"4646","340270402003",0.941838649155722,NA,0.497641509433962,0.202626641651032,0.56,0,0,0
"4647","340270402004",0.989490703314471,0.750880996476014,0.645707376058041,0.22554567502021,0.64,0,0,0
"4648","340270402005",0.923828125,0.35437458250167,0.422374429223744,0.138671875,0.68,0,0,0
"4649","340270402006",0.971197119711971,0.474674101303595,0.347994825355757,0.137713771377138,0.68,0,0,0
"4650","340270402007",0.869158878504673,0.591781632873469,0.633781763826607,0.0407816482582838,0.56,0,0,0
"4651","340270403011",0.983791748526523,0.513329946680213,0.658244680851064,0.161100196463654,0.56,0,0,0
"4652","340270403012",0.991902834008097,0.351634593461626,0.574065309985802,0.102224325603407,0.44,0,0,0
"4653","340270403021",0.972375690607735,NA,0.441373534338358,0.0251688152240638,0.52,0,0,0
"4654","340270403022",0.97480685253611,0.679829280682877,0.413152610441767,0.154517971111858,0.52,0,0,0
"4655","340270404001",0.970443349753695,0.531665873336507,0.449955713020372,0.306650246305419,0.72,0,0,0
"4656","340270404002",0.937402190923318,0.386818452726189,0.578151260504202,0.179968701095462,0.48,0,0,0
"4657","340270404003",0.988448844884488,0.393174427302291,0.37295690936107,0.20957095709571,0.64,0,0,0
"4658","340270405001",0.902274641954507,0.314230743077028,0.271287128712871,0.352148272957035,0.6,0,0,0
"4659","340270405002",0.941176470588235,0.412666349334603,0.33155792276964,0.277168494516451,0.52,0,0,0
"4660","340270405003",0.99261447562777,0.458898164407342,0.48377581120944,0.335302806499261,0.48,0,0,0
"4661","340270406001",0.973856209150327,0.575697697209211,0.529497805948318,0.295655517108804,0.6,0,0,0
"4662","340270406002",0.971264367816092,0.4749981000076,0.550377833753149,0.247947454844007,0.56,0,0,0
"4663","340270406003",1,0.290714837140651,0.367647058823529,0.149560117302053,0.4,0,0,0
"4664","340270407011",0.984446477584629,0.555381778472886,0.555555555555556,0.0585544373284538,0.24,0,0,0
"4665","340270407012",0.954406130268199,0.52687389250443,0.63820704375667,0.103831417624521,0.24,0,0,0
"4666","340270407013",1,0.836292654829381,0.537585421412301,0.190406976744186,0.24,0,0,0
"4667","340270407021",1,0.482118071527714,0.686465433300876,0.293103448275862,0.24,0,0,0
"4668","340270407022",0.963565617262115,0.988328046687813,0.816374269005848,0.0940926777502653,0.2,0,0,0
"4669","340270408011",0.972878998609179,0.697773208907164,0.661733615221987,0.150208623087622,0.36,0,0,0
"4670","340270408012",0.974219810040706,0.574685701257195,0.753680078508342,0.251696065128901,0.48,0,0,0
"4671","340270408013",0.984802431610942,0.893868424526302,0.709203402938902,0.229989868287741,0.44,0,0,0
"4672","340270408031",0.893078970718722,0.424102303590786,0.566798941798942,0.600266193433895,0.88,0,0,0
"4673","340270408032",0.961883408071749,0.984232063071748,0.562637362637363,0.221973094170404,0.64,0,0,0
"4674","340270408033",1,0.76375294498822,0.67866323907455,0.245212323064113,0.48,0,0,0
"4675","340270408034",1,0.719789120843517,0.640249332146037,0.398627573300062,0.64,0,0,0
"4676","340270408041",0.973524150268336,0.656497374010504,0.708854667949952,0.448695030389703,0.72,0,0,0
"4677","340270408042",0.991803278688525,0.424690301238795,0.532581453634085,0.353483606557377,0.48,0,0,0
"4678","340270408051",0.963636363636364,0.611549553801785,0.680628272251309,0.371900826446281,0.44,0,0,0
"4679","340270408052",0.932090545938748,NA,0.718710493046776,0.205059920106525,0.48,0,0,0
"4680","340270408053",0.969337979094077,1,0.669245647969052,0.188850174216028,0.36,0,0,0
"4681","340270409001",0.941558441558442,0.619649521401914,0.57559880239521,0.168837433671008,0.32,0,0,0
"4682","340270409002",0.999119330691325,0.78999684001264,0.727825030376671,0.0642361111111111,0.4,0,0,0
"4683","340270410001",0.976545842217484,0.507113971544114,0.785185185185185,0.35501066098081,0.6,0,0,0
"4684","340270410002",0.927051671732523,0.243199027203891,0.398818316100443,0.585612968591692,0.84,0,0,0
"4685","340270410003",1,0.47562209751161,0.624434389140271,0.10312764158918,0.76,0,0,0
"4686","340270410004",0.969725638599811,NA,0.583835946924005,0.345195729537367,0.6,0,0,0
"4687","340270410005",0.966057441253264,0.332794668821325,0.214067278287462,0.257180156657963,0.72,0,0,0
"4688","340270411001",0.896707553260168,0.358570565717737,0.381760339342524,0.408005164622337,0.6,0,0,0
"4689","340270411002",0.920621931260229,0.425786296854813,0.322843822843823,0.433360588716271,0.6,0,0,0
"4690","340270411003",0.933734939759036,0.57749769000924,0.492537313432836,0.24431256181998,0.72,0,0,0
"4691","340270412001",0.980851063829787,1,0.827455919395466,0.233333333333333,0.6,0,0,0
"4692","340270412002",1,0.921108315566738,0.747679324894515,0.234813680449209,0.6,0,0,0
"4693","340270412003",0.961946902654867,1,0.875175315568022,0.158407079646018,0.52,0,0,0
"4694","340270413001",0.981361426256078,0.637305450778197,0.366197183098592,0.253646677471637,0.28,0,0,0
"4695","340270413002",1,0.423946304214783,0.617672790901137,0.0559139784946237,0.32,0,0,0
"4696","340270413003",0.961189099917424,0.78499686001256,0.57361268403171,0.190751445086705,0.52,0,0,0
"4697","340270414001",0.952002887044388,0.564733741065036,0.550178298522669,0.0591844099603031,0.56,0,0,0
"4698","340270414002",0.988652482269504,0.61313354746581,0.669396110542477,0.132022471910112,0.8,0,0,0
"4699","340270414003",0.964061096136568,0.363434546261815,0.516005121638924,0.0997304582210243,0.72,0,0,0
"4700","340270414004",0.979224376731302,0.318418726325095,0.710059171597633,0.170360110803324,0.68,0,0,0
"4701","340270415001",0.94424882629108,0.725353098587606,0.571984435797665,0.311619718309859,0.72,0,0,0
"4702","340270415002",1,0.780792876828493,0.707204230006609,0.332674246169056,0.68,0,0,0
"4703","340270415003",0.88884007029877,0.785292858828565,0.703778677462888,0.284710017574692,0.32,0,0,0
"4704","340270416021",0.978096040438079,0.411666353334587,0.601674641148325,0.335299073294019,0.6,0,0,0
"4705","340270416022",1,0.419542321830713,0.521030042918455,0.33026920551543,0.56,0,0,0
"4706","340270416031",0.981686746987952,0.371842512629949,0.590998043052838,0.505542168674699,0.76,0,0,0
"4707","340270416032",0.885936487362281,0.270454918180327,0.465026902382782,0.617627997407647,0.72,0,0,0
"4708","340270416041",1,0.561933752264991,0.660629170638704,0.517976843388178,0.56,0,0,0
"4709","340270416042",1,0.578053687785249,0.64051094890511,0.415855354659249,0.64,0,0,0
"4710","340270416043",0.992964209238299,0.827724689101244,0.731646825396825,0.477516059957173,0.52,0,0,0
"4711","340270416051",0.94910941475827,0.764460942156231,0.658042744656918,0.373197625106022,0.44,0,0,0
"4712","340270416052",0.972483707458364,0.5249979000084,0.476617552850737,0.47293746715712,0.36,0,0,0
"4713","340270416053",1,0.701549193803225,0.723320158102767,0.542798913043478,0.4,0,0,0
"4714","340270416061",0.989193682460515,0.336762652949388,0.556701030927835,0.382377389858687,0.52,0,0,0
"4715","340270416062",0.975280898876404,0.591565633737465,0.889944972486243,0.61310861423221,0.4,0,0,0
"4716","340270417011",1,0.637341450634197,0.66068515497553,0.372143634385201,0.44,0,0,0
"4717","340270417012",0.991573033707865,0.436354254582982,0.593813046402152,0.307303370786517,0.64,0,0,0
"4718","340270417013",0.855146124523507,0.474722101111596,0.617357001972387,0.378017789072427,0.56,0,0,0
"4719","340270417014",0.991404011461318,0.310406758372966,0.400297619047619,0.567335243553009,0.44,0,0,0
"4720","340270417015",0.925154755205402,0.341334634661461,0.677333333333333,0.925717501406865,0.56,0,0,0
"4721","340270417021",0.800277392510402,0.452854188583246,0.301184433164129,0.536754507628294,0.56,0,0,0
"4722","340270417022",0.991391678622669,0.25315098739605,0.377431906614786,0.347202295552367,0.64,0,0,0
"4723","340270417023",0.925170068027211,0.662081351674593,0.339015151515151,0.597278911564626,0.68,0,0,0
"4724","340270417024",0.97025171624714,0.344282622869509,0.328682170542636,0.414187643020595,0.56,0,0,0
"4725","340270417041",1,0.819228723085108,0.658423493044822,0.347619047619048,0.6,0,0,0
"4726","340270417042",0.933924611973392,0.333390666437334,0.633939393939394,0.310421286031042,0.8,0,0,0
"4727","340270417043",0.968869731800766,0.630713477146091,0.633663366336634,0.714080459770115,0.76,0,0,0
"4728","340270417051",0.976863753213368,NA,0.542993630573248,0.476221079691517,0.64,0,0,0
"4729","340270417061",1,0.669249323002708,0.688495575221239,0.384381338742393,0.4,0,0,0
"4730","340270417062",0.988329238329238,0.342290630837477,0.556868537666174,0.541769041769042,0.64,0,0,0
"4731","340270417063",1,0.425326298694805,0.842259006815969,0.795779019242706,0.52,0,0,0
"4732","340270417064",0.907350216182829,0.393698425206299,0.6578125,0.503397158739963,0.64,0,0,0
"4733","340270418011",1,0.524441902232391,0.647807637906648,0.483835005574136,0.6,0,0,0
"4734","340270418012",0.902047592695075,0.403286386854453,0.691588785046729,0.791920309905921,0.6,0,0,0
"4735","340270418021",0.981481481481482,0.508329966680133,0.545132743362832,0.528395061728395,0.48,0,0,0
"4736","340270418022",0.958878504672897,0.345714617141531,0.467723669309173,0.451401869158878,0.4,0,0,0
"4737","340270418023",0.96099024756189,0.667773328906684,0.515822784810127,0.663165791447862,0.64,0,0,0
"4738","340270418024",0.963895486935867,0.419166323334707,0.524714828897338,0.666508313539192,0.64,0,0,0
"4739","340270418031",1,0.529421882312471,0.479120879120879,0.364176570458404,0.64,0,0,0
"4740","340270418032",0.985904463586531,0.681549273802905,0.608856088560886,0.153484729835552,0.6,0,0,0
"4741","340270418033",0.994855559952513,0.857808568765725,0.732104121475054,0.78298800436205,0.68,0,0,0
"4742","340270419011",0.976794778825236,0.557557769768921,0.512981199641898,0.263234227701233,0.72,0,0,0
"4743","340270419012",0.983965014577259,0.530293878824485,0.406162464985994,0.24198250728863,0.68,0,0,0
"4744","340270419013",0.982425307557118,0.532773868904524,0.494132180358246,0.376537785588752,0.84,0,0,0
"4745","340270419021",0.978893058161351,0.805552777788889,0.584457289659602,0.268761726078799,0.84,0,0,0
"4746","340270419022",0.993859379797359,0.487358050567798,0.642796248934356,0.168560024562481,0.8,0,0,0
"4747","340270420001",1,0.66312134751461,0.584480600750939,0.346189164370983,0.88,0,0,0
"4748","340270420002",0.995655322230268,0.743569025723897,0.643226473629783,0.250543084721217,0.76,0,0,0
"4749","340270420003",0.983629560336763,0.550717797128812,0.501168224299065,0.228250701590271,0.76,0,0,0
"4750","340270421001",0.985369711348359,0.57062171751313,0.542345276872964,0.269275474622239,0.8,0,0,0
"4751","340270421002",1,0.637665449338203,0.624237140366173,0.198291641244661,0.8,0,0,0
"4752","340270422001",0.989660265878877,0.55499778000888,0.62843137254902,0.320531757754801,0.64,0,0,0
"4753","340270422002",0.804174340085942,0.409062363750545,0.464254952627046,0.302025782688766,0.72,0,0,0
"4754","340270422003",1,1,0.754213483146067,0.469772051536174,0.52,0,0,0
"4755","340270422004",0.969135802469136,0.680153279386882,0.635233918128655,0.224466891133558,0.84,0,0,0
"4756","340270423011",0.944041450777202,0.55374978500086,0.604863221884498,0.214507772020725,0.76,0,0,0
"4757","340270423012",1,0.650713397146411,0.609950248756219,0.251798561151079,0.6,0,0,0
"4758","340270423021",0.970126960418223,0.712081151675393,0.810920121334681,0.168035847647498,0.44,0,0,0
"4759","340270423022",0.952282157676348,0.57247771008916,0.655401945724526,0.222821576763485,0.88,0,0,0
"4760","340270425001",0.9375,0.67999728001088,0.607796340493238,0.180803571428571,0.72,0,0,0
"4761","340270425002",1,0.816996732013072,0.684046692607004,0.172189027702336,0.48,0,0,0
"4762","340270426011",0.991060025542784,0.693193227227091,0.646153846153846,0.496807151979566,0.68,0,0,0
"4763","340270426012",0.992060627932154,0.529409882360471,0.726980728051392,0.349736379613357,0.76,0,0,0
"4764","340270426021",1,0.508197967208131,0.727143869596031,0.343949044585987,0.68,0,0,0
"4765","340270426022",0.992506244796003,0.553213787144851,0.760051052967454,0.155703580349709,0.64,0,0,0
"4766","340270426023",1,0.360498558005768,0.574527641707488,0.544637122671805,0.56,0,0,0
"4767","340270427001",0.992080633549316,1,0.827932960893855,0.238300935925126,0.84,0,0,0
"4768","340270427002",0.995417048579285,0.762996948012208,0.76840490797546,0.120071684587814,0.84,0,0,0
"4769","340270427003",0.990120746432492,0.888536445854217,0.860524091293322,0.337541163556531,0.64,0,0,0
"4770","340270428001",0.975452196382429,1,0.773564463705309,0.107881136950904,0.88,0,0,0
"4771","340270428002",0.956,0.868176527293891,0.843881856540084,0.245333333333333,0.8,0,0,0
"4772","340270428003",1,1,0.917627677100494,0.171088746569076,0.64,0,0,0
"4773","340270428004",1,0.921748313006748,0.881226053639847,0.154613466334165,0.72,0,0,0
"4774","340270428005",1,0.601997592009632,0.695121951219512,0.206185567010309,0.72,0,0,0
"4775","340270429001",0.988620199146515,0.541921832312671,0.641434262948207,0.133001422475107,0.68,0,0,0
"4776","340270429002",0.953696181965881,0.395170419318323,0.542336548767417,0.298943948009748,0.68,0,0,0
"4777","340270429003",0.981333333333333,0.848328606685573,0.712351945854484,0.292444444444444,0.64,0,0,0
"4778","340270430001",1,0.703821184715261,0.89612676056338,0.0987925356750823,0.56,0,0,0
"4779","340270430002",0.9002201027146,0.724441102235591,0.62,0.413793103448276,0.56,0,0,0
"4780","340270430003",0.860957642725598,0.492378030487878,0.585480093676815,0.41804788213628,0.72,0,0,0
"4781","340270430004",0.938757655293088,0.65187339250643,0.639325842696629,0.165354330708661,0.72,0,0,0
"4782","340270431001",0.952883834281072,0.805880776476894,0.825,0.25264012997563,0.64,0,0,0
"4783","340270431002",0.983451536643026,0.983328066687733,0.85,0.250591016548463,0.6,0,0,0
"4784","340270431003",1,0.8999964000144,0.907843137254902,0.136783733826248,0.56,0,0,0
"4785","340270432001",1,0.652409390362439,0.810924369747899,0.064143007360673,0.56,0,0,0
"4786","340270432002",0.977531973729692,0.717549129803481,0.718213058419244,0.278319327731092,0.68,0,0,0
"4787","340270432003",0.977777777777778,NA,0.554414784394251,0.234920634920635,0.52,0,0,0
"4788","340270433011",0.975679542203147,0.836996652013392,0.77492596248766,0.247496423462089,0.64,0,0,0
"4789","340270433012",0.909828674481515,0.45999816000736,0.323108384458078,0.642800318217979,0.8,0,0,0
"4790","340270433021",0.94969512195122,0.848944604221583,0.807329842931937,0.19969512195122,0.8,0,0,0
"4791","340270433022",0.944026733500418,0.641133435466258,0.822210065645514,0.107769423558897,0.6,0,0,0
"4792","340270433031",0.973027989821883,0.943496226015096,0.869500372856078,0.159796437659033,0.4,0,0,0
"4793","340270433032",0.993586317477285,0.8999964000144,0.777349768875193,0.278995189738108,0.44,0,0,0
"4794","340270434011",0.919062832800852,0.674281302874788,0.474878444084279,0.0351437699680511,0.6,0,0,0
"4795","340270434012",0.980456026058632,0.850844596621613,0.767651888341544,0.194255256144507,0.24,0,0,0
"4796","340270434013",0.964996022275259,0.927080291678833,0.535962877030162,0.338572364112639,0.16,0,0,0
"4797","340270434014",0.799613402061856,0.332570669717321,0.555325749741468,0.553422904670505,0.52,0,0,0
"4798","340270434021",0.986301369863014,0.818052727789089,0.82264586943963,0.140418267178831,0.16,0,0,0
"4799","340270434022",1,0.65874936500254,0.788235294117647,0.164156626506024,0.36,0,0,0
"4800","340270434023",0.990625,0.94499622001512,0.83046357615894,0.190625,0.32,0,0,0
"4801","340270434024",0.990787269681742,1,0.852534562211982,0.203488372093023,0.2,0,0,0
"4802","340270435001",0.837730870712401,0.335354658581366,0.308771929824561,0.980870712401055,0.84,0,0,0
"4803","340270435002",0.767857142857143,0.13684745261019,0.265648854961832,0.958646616541353,0.84,0,0,0
"4804","340270435003",0.704186046511628,0.306998772004912,0.186344238975818,0.453953488372093,0.84,0,0,0
"4805","340270436011",1,0.354618581525674,0.723316912972085,0.0504619758351102,0.72,0,0,0
"4806","340270436012",0.983402489626556,0.688033247867008,0.668742216687422,0.303941908713693,0.8,0,0,0
"4807","340270436013",0.958257713248639,0.510129959480162,0.717333333333333,0.348690153568202,0.76,0,0,0
"4808","340270436021",0.752533783783784,0.70499718001128,0.607277289836888,0.478885135135135,0.72,0,0,0
"4809","340270436022",0.834659090909091,0.412242351030596,0.412152269399707,0.658522727272727,0.6,0,0,0
"4810","340270437001",0.96229379418696,0.65499738001048,0.727901614142967,0.257343550446999,0.64,0,0,0
"4811","340270437002",1,0.460906156375375,0.750528541226216,0.159259259259259,0.64,0,0,0
"4812","340270437003",0.988965517241379,0.693481226075096,0.729800173761946,0.124137931034483,0.64,0,0,0
"4813","340270438011",0.958904109589041,0.757080971676113,0.824096385542169,0.513295729250604,0.56,0,0,0
"4814","340270438012",0.938972809667674,0.42627829488682,0.725552050473186,0.167971101745936,0.64,0,0,0
"4815","340270438021",0.947565543071161,0.631397474410102,0.540089086859688,0.434456928838951,0.64,0,0,0
"4816","340270438022",1,0.538909844360623,0.847784200385356,0.224020442930153,0.6,0,0,0
"4817","340270438023",1,NA,0.29,0.65398773006135,0.6,0,0,0
"4818","340270439001",0.985954093867763,1,0.817961165048544,0.15861596437136,0.52,0,0,0
"4819","340270439002",0.981559094719195,0.357142571429714,0.745329400196657,0.28918692372171,0.68,0,0,0
"4820","340270439003",0.935810810810811,1,0.912175648702595,0.306306306306306,0.52,0,0,0
"4821","340270440001",1,1,1,0.130805687203791,0.28,0,0,0
"4822","340270440002",0.98469387755102,1,0.801680672268908,0.479591836734694,0.28,0,0,0
"4823","340270440003",1,0.882824468702125,0.821256038647343,0.274038461538462,0.4,0,0,0
"4824","340270440004",0.982158028887001,0.655949376202495,0.729375,0.184911849118491,0.36,0,0,0
"4825","340270441011",1,1,0.699742268041237,0.0816532258064516,0.28,0,0,0
"4826","340270441012",0.975510204081633,0.556537773848905,0.533389687235841,0.283381924198251,0.36,0,0,0
"4827","340270441021",0.980228136882129,0.593829624681501,0.870406189555126,0.187072243346008,0.36,0,0,0
"4828","340270441022",1,0.554793780824877,0.607394366197183,0.174186179326099,0.56,0,0,0
"4829","340270441023",0.927896394819741,0.626701493194027,0.567137005006828,0.299264963248162,0.44,0,0,0
"4830","340270442001",0.93050430504305,0.581361674553302,0.704810495626822,0.125461254612546,0.36,0,0,0
"4831","340270442002",0.968331846565566,0.616665533337867,0.746277915632754,0.0905441570026762,0.36,0,0,0
"4832","340270443001",1,0.321802712789149,0.581683168316832,0.407355021216407,0.68,0,0,0
"4833","340270443002",0.941137998691956,0.397706409174363,0.387202625102543,0.255068672334859,0.76,0,0,0
"4834","340270443003",0.891225525743292,0.227715089139643,0.359840954274354,0.275562001450326,0.64,0,0,0
"4835","340270443004",0.935440484196368,NA,0.451870324189526,0.339946200403497,0.72,0,0,0
"4836","340270444011",0.977839335180055,0.551313794744821,0.544935805991441,0.160664819944598,0.12,0,0,0
"4837","340270444012",0.948616600790514,0.672237311050756,0.568693693693694,0.0869565217391304,0.28,0,0,0
"4838","340270444013",0.973326359832636,0.600873596505614,0.528675016479895,0.204487506374299,0.36,0,0,0
"4839","340270444031",0.970273881095524,0.621781512873948,0.641489912053802,0.1750167000668,0.4,0,0,0
"4840","340270444032",0.98990342405619,0.680785276858893,0.564070351758794,0.166812993854258,0.28,0,0,0
"4841","340270444041",0.970709570957096,0.456778172887308,0.706591070163005,0.113036303630363,0.36,0,0,0
"4842","340270444042",0.987569060773481,0.56124975500098,0.509358288770054,0.356353591160221,0.48,0,0,0
"4843","340270445021",0.905776780706674,0.64499742001032,0.344773790951638,0.461538461538462,0.68,0,0,0
"4844","340270445022",0.963265306122449,0.558505765976936,0.530005941770648,0.315102040816327,0.48,0,0,0
"4845","340270445031",0.948186528497409,0.47749809000764,0.615325077399381,0.0971502590673575,0.36,0,0,0
"4846","340270445032",1,0.262418950324199,0.385044642857143,0.0155038759689922,0.24,0,0,0
"4847","340270445041",0.932044198895028,0.521789912840349,0.629406706792777,0.253038674033149,0.44,0,0,0
"4848","340270445042",0.926171320397539,0.49062203751185,0.439403356121815,0.613819214387127,0.44,0,0,0
"4849","340270446011",1,0.574133703465186,0.369528140989198,0.193534482758621,0.2,0,0,0
"4850","340270446012",0.975126475548061,0.423806304774781,0.326492537313433,0.200674536256324,0.28,0,0,0
"4851","340270446021",0.987335606429615,0.609497562009752,0.452247191011236,0.141256697515831,0.24,0,0,0
"4852","340270446022",0.894358974358974,0.410270358918564,0.521957340025094,0.168717948717949,0.28,0,0,0
"4853","340270446023",0.982608695652174,0.637725449098204,0.518518518518518,0.0557971014492754,0.2,0,0,0
"4854","340270447011",0.987222595830531,NA,0.27154046997389,0.134498991257566,0.4,0,0,0
"4855","340270447012",0.947858472998138,0.36937452250191,0.242685025817556,0.230291744258225,0.4,0,0,0
"4856","340270447013",0.96264367816092,0.605133579465682,0.358007117437722,0.0547008547008547,0.16,0,0,0
"4857","340270447021",0.919336384439359,0.60124959500162,0.507936507936508,0.268306636155606,0.36,0,0,0
"4858","340270447022",0.988936988936989,0.479318082727669,0.604036186499652,0.496392496392496,0.36,0,0,0
"4859","340270447023",0.993888888888889,0.430830276678893,0.41025641025641,0.163888888888889,0.24,0,0,0
"4860","340270448001",0.699231613611416,0.24249903000388,0.0884758364312268,0.888035126234907,0.64,0,0,0
"4861","340270448002",0.834037648866692,0.316362734549062,0.149243918474688,0.891663465232424,0.56,0,0,0
"4862","340270448003",0.554845222072678,0.231823072707709,0.154098360655738,0.927658142664872,0.68,0,0,0
"4863","340270449001",0.922003804692454,0.253526985892056,0.172694394213382,0.917713567839196,0.48,0,0,0
"4864","340270449002",0.877363311190598,0.3249987000052,0.137150466045273,0.828248031496063,0.4,0,0,0
"4865","340270449003",0.880952380952381,0.438666245335019,0.217785843920145,0.790178571428571,0.44,0,0,0
"4866","340270449004",0.766014834794336,NA,0.191705069124424,0.82230869001297,0.48,0,0,0
"4867","340270450001",0.504222972972973,0.342258630965476,0.170949720670391,0.853885135135135,0.68,0,0,0
"4868","340270450002",0.629582806573957,0.2749989000044,0.168421052631579,0.796144859813084,0.68,0,0,0
"4869","340270450003",0.882011605415861,0.25126299494802,0.217339667458432,0.667311411992263,0.64,0,0,0
"4870","340270450004",0.67248215701824,0.326550693797225,0.451851851851852,0.823949246629659,0.56,0,0,0
"4871","340270451001",0.934601664684899,0.289786840852637,0.355945730247406,0.483947681331748,0.48,0,0,0
"4872","340270451002",0.892380204241948,NA,0.250807319698601,0.739984289080911,0.4,0,0,0
"4873","340270451003",0.925178919973975,0.450274198903204,0.282191780821918,0.648015614834092,0.48,0,0,0
"4874","340270451004",0.945386064030132,NA,0.427107061503417,0.677966101694915,0.52,0,0,0
"4875","340270451005",0.94434628975265,0.243539025843897,0.0453074433656958,0.43904593639576,0.64,0,0,0
"4876","340270452001",0.892258064516129,0.420134319462722,0.428312159709619,0.470322580645161,0.4,0,0,0
"4877","340270452002",0.938524590163934,0.467126131495474,0.368515205724508,0.377049180327869,0.36,0,0,0
"4878","340270453001",0.970808383233533,0.393330426678293,0.360526315789474,0.246021220159151,0.56,0,0,0
"4879","340270453002",0.971107544141252,0.420398318406726,0.452261306532663,0.268057784911718,0.52,0,0,0
"4880","340270453003",0.89703808180536,0.314938740245039,0.207678883071553,0.324400564174894,0.6,0,0,0
"4881","340270454021",0.967164179104478,0.397834408662365,0.319112627986348,0.421890547263682,0.24,0,0,0
"4882","340270454022",0.94861215303826,0.563957744169023,0.558127301420305,0.222805701425356,0.28,0,0,0
"4883","340270454023",0.924764890282132,0.251574993700025,0.167904903417533,0.402298850574713,0.56,0,0,0
"4884","340270454024",0.977566867989646,0.18871924512302,0.0834813499111901,0.561691113028473,0.52,0,0,0
"4885","340270454031",0.980769230769231,0.472914108343567,0.551834130781499,0.21606334841629,0.28,0,0,0
"4886","340270454032",0.886024969794603,0.331350674597302,0.345576823590274,0.276681433749497,0.36,0,0,0
"4887","340270454041",0.989456609894566,0.41125035499858,0.508438818565401,0.211678832116788,0.12,0,0,0
"4888","340270454042",0.991290577988915,NA,0.317197452229299,0.205859065716548,0.2,0,0,0
"4889","340270455011",0.989371534195933,0.73499706001176,0.532552083333333,0.19731977818854,0.12,0,0,0
"4890","340270455012",0.964052287581699,0.62499750001,0.561969439728353,0.159041394335512,0.48,0,0,0
"4891","340270455013",0.976032636409995,0.563885744457022,0.350331125827815,0.164711881693014,0.2,0,0,0
"4892","340270455031",0.978753541076487,0.724641101435594,0.597701149425287,0.140698772426818,0.2,0,0,0
"4893","340270455032",0.990082644628099,0.61562153751385,0.511837655016911,0.331404958677686,0.44,0,0,0
"4894","340270455041",1,0.714849140603438,0.674418604651163,0.21811100292113,0.32,0,0,0
"4895","340270455042",0.944927536231884,0.293234827060692,0.513425549227014,0.15304347826087,0.48,0,0,0
"4896","340270455043",1,0.782068871724513,0.785597381342062,0.401684001981179,0.44,0,0,0
"4897","340270456031",0.869990680335508,0.616997532009872,0.474617244157937,0.464585274930103,0.44,0,0,0
"4898","340270456032",0.922531046717918,0.326750692997228,0.589247311827957,0.500295683027794,0.4,0,0,0
"4899","340270456033",0.946341463414634,0.371498514005944,0.460595446584939,0.439024390243902,0.44,0,0,0
"4900","340270456034",0.974402730375427,0.351942592229631,0.754347826086956,0.65358361774744,0.2,0,0,0
"4901","340270457011",0.983392645314354,0.966816132735469,0.75207468879668,0.0569395017793594,0.16,0,0,0
"4902","340270457012",1,0.91564033743865,0.671166827386692,0.185159972770592,0.12,0,0,0
"4903","340270457013",0.990677966101695,0.762996948012208,0.751824817518248,0.444915254237288,0.24,0,0,0
"4904","340270457014",0.969387755102041,0.732081071675713,0.649293286219081,0.322929171668667,0.2,0,0,0
"4905","340270457031",0.899521531100478,0.916664333342667,0.705406771096513,0.486124401913876,0.2,0,0,0
"4906","340270457032",1,0.886108455566178,0.766016713091922,0.256026600166251,0.04,0,0,0
"4907","340270457041",0.96079258010118,0.680765276938892,0.666259168704156,0.31070826306914,0.12,0,0,0
"4908","340270457042",1,0.935976256094976,0.845572354211663,0.170592433975732,0.08,0,0,0
"4909","340270457043",1,0.950996196015216,0.823251417769376,0.155094094743673,0.12,0,0,0
"4910","340270458041",0.987465181058496,0.971164115343539,0.691176470588235,0.0785945446139621,0.12,0,0,0
"4911","340270458042",1,0.903328386686453,0.80253164556962,0.192348008385744,0.28,0,0,0
"4912","340270458043",1,0.92999628001488,0.843491346877351,0.244570837642192,0.12,0,0,0
"4913","340270459011",0.948648648648649,0.571425714297143,0.597785977859779,0.156081081081081,0.36,0,0,0
"4914","340270459031",0.980746791131855,0.649733401066396,0.804043545878694,0.120898100172712,0.24,0,0,0
"4915","340270459032",1,0.950092199631202,0.764578833693304,0.0878634639696587,0.2,0,0,0
"4916","340270459041",0.981740718198418,1,0.718670076726343,0.0888618381010347,0.2,0,0,0
"4917","340270459042",0.978533094812165,0.80315278738885,0.621649484536082,0.105357142857143,0.16,0,0,0
"4918","340270460001",0.982394366197183,0.568369726521094,0.493827160493827,0.291549295774648,0.52,0,0,0
"4919","340270460002",0.921027131782946,0.248599005603978,0.294117647058824,0.326550387596899,0.68,0,0,0
"4920","340270461031",1,0.540997836008656,0.549586776859504,0.201888162672476,0.36,0,0,0
"4921","340270461032",0.949009900990099,0.567197731209075,0.394011032308905,0.386633663366337,0.24,0,0,0
"4922","340270461033",0.862251655629139,0.359282562869749,0.307692307692308,0.36158940397351,0.32,0,0,0
"4923","340270461041",0.989521640091116,0.713657145371419,0.387017758726271,0.297038724373576,0.28,0,0,0
"4924","340270461042",1,0.77687289250843,0.532401524777637,0.220602526724976,0.2,0,0,0
"4925","340270461043",0.964935064935065,0.296602813588746,0.265811965811966,0.535714285714286,0.24,0,0,0
"4926","340270461044",0.923076923076923,0.55184179263283,0.407876230661041,0.152662721893491,0.16,0,0,0
"4927","340270461071",0.965561224489796,0.520453918184327,0.344739093242087,0.383290816326531,0.36,0,0,0
"4928","340270461072",0.916340508806262,0.281974872100512,0.281831187410587,0.634050880626223,0.36,0,0,0
"4929","340270461081",0.973067915690866,0.44499822000712,0.615107913669065,0.446135831381733,0.44,0,0,0
"4930","340270461082",0.934861907243356,0.281474874100504,0.308510638297872,0.157373632100052,0.4,0,0,0
"4931","340270461083",0.89797507788162,0.354798580805677,0.330817610062893,0.22196261682243,0.32,0,0,0
"4932","340270461091",1,0.637913448346207,0.530927835051546,0.560570071258907,0.28,0,0,0
"4933","340270461092",1,0.734685061259755,0.733333333333333,0.0951437066402379,0.52,0,0,0
"4934","340270461101",0.974015748031496,0.66372534509862,0.712616822429907,0.236220472440945,0.12,0,0,0
"4935","340270461102",0.969111969111969,0.589441642233431,0.606643356643357,0.710034338038916,0.32,0,0,0
"4936","340270461103",0.993070593330446,0.761780952876189,0.6635397123202,0.093980077955825,0.36,0,0,0
"4937","340270462011",0.967777777777778,0.80314478742085,0.623130608175474,0.222962962962963,0.36,0,0,0
"4938","340270462012",1,0.783496866012536,0.677083333333333,0.159120310478655,0.08,0,0,0
"4939","340270462013",0.997084548104956,0.477378090487638,0.599074074074074,0.276967930029155,0.2,0,0,0
"4940","340270462014",0.972222222222222,0.434610261558954,0.684916201117318,0.0652173913043478,0.12,0,0,0
"4941","340270462021",0.996149614961496,0.687349250602998,0.603603603603604,0.191419141914191,0.16,0,0,0
"4942","340270462022",0.981037924151697,0.84249663001348,0.763198757763975,0.24001996007984,0.12,0,0,0
"4943","340270462971",1,0.874468502125991,0.789793438639125,0.155172413793103,0.28,0,0,0
"4944","340270462972",0.974767596281541,0.737809048763805,0.476851851851852,0.0816733067729084,0.28,0,0,0
"4945","340270462981",0.960535117056856,0.48499806000776,0.546287809349221,0.20133779264214,0.28,0,0,0
"4946","340270462982",0.992130410342889,0.791068835724657,0.651986183074266,0.149522203485104,0.32,0,0,0
"4947","340270462983",0.975022706630336,0.815828736685053,0.757706093189964,0.0808356039963669,0.12,0,0,0
"4948","340270464001",1,0.784700861196555,0.705576208178439,0.155486219448778,0.12,0,0,0
"4949","340270464002",0.993279569892473,1,0.827490774907749,0.239247311827957,0.16,0,0,0
"4950","340270464003",0.960594315245478,0.748497006011976,0.763500931098696,0.077713551701991,0.12,0,0,0
"4951","340270465001",0.969059896866323,0.791996832012672,0.644110275689223,0.257834192780643,0.4,0,0,0
"4952","340270465002",0.966367713004484,0.631361474554102,0.590536851683348,0.330288123682361,0.4,0,0,0
"4953","340270465003",0.693923906871096,0.21999912000352,0.116240725474031,0.885860306643952,0.56,0,0,0
"4954","340270465004",0.927995034140286,0.679421282314871,0.734210526315789,0.335816263190565,0.52,0,0,0
"4955","340297101011",0.988461538461539,1,0.818181818181818,0.0788485607008761,0.64,0,0,0
"4956","340297101012",0.807763401109057,0.552405790376838,0.513333333333333,0.173752310536044,0.56,0,0,0
"4957","340297101013",0.876375404530744,0.368990524037904,0.492424242424242,0.275080906148867,0.76,0,0,0
"4958","340297101021",0.970512820512821,0.47062211751153,0.666666666666667,0.201282051282051,0.64,0,0,0
"4959","340297101022",1,0.396798412806349,0.646788990825688,0.0298273155416013,0.48,0,0,0
"4960","340297101023",0.985537190082645,0.580997676009296,0.450602409638554,0.0413223140495868,0.56,0,0,0
"4961","340297111001",0.991285403050109,0.404258382966468,0.480463096960926,0.215686274509804,0.64,0,0,0
"4962","340297111002",0.917776491024899,0.435414258342967,0.501054111033029,0.0750407830342577,0.64,0,0,0
"4963","340297111003",0.773574561403509,0.397690409238363,0.302710843373494,0.265350877192982,0.64,0,0,0
"4964","340297112001",1,0.445382218471126,0.44954128440367,0.053025152957172,0.56,0,0,0
"4965","340297112002",0.982601491300746,0.301398794404822,0.565989847715736,0.231151615575808,0.64,0,0,0
"4966","340297112003",0.934426229508197,0.365866536533854,0.380497131931166,0.0569867291178767,0.64,0,0,0
"4967","340297113001",1,0.476498094007624,0.441055234954658,0.0840681951793063,0.68,0,0,0
"4968","340297113002",0.941738299904489,0.497270010919956,0.529032258064516,0.181470869149952,0.56,0,0,0
"4969","340297113003",0.961218836565097,0.41749833000668,0.50334288443171,0.0152354570637119,0.56,0,0,0
"4970","340297114001",0.991022099447514,0.413998344006624,0.39005439005439,0.0870165745856354,0.6,0,0,0
"4971","340297114002",0.953351206434316,0.54499782000872,0.511299435028249,0.0922252010723861,0.52,0,0,0
"4972","340297114003",0.941916747337851,0.5249979000084,0.507032348804501,0.121490803484995,0.56,0,0,0
"4973","340297114004",1,0.458442166231335,0.567988668555241,0.242059145673604,0.6,0,0,0
"4974","340297130001",0.956307692307692,0.258398966404134,0.37345971563981,0.326769230769231,0.68,0,0,0
"4975","340297130002",1,0.332998668005328,0.296296296296296,0,0.48,0,0,0
"4976","340297130003",0.914299706170421,0.3624985500058,0.380403458213256,0.161606268364349,0.72,0,0,0
"4977","340297131001",0.994420087684336,0.486562053751785,0.411543287327478,0.11319250697489,0.64,0,0,0
"4978","340297131002",1,0.407618369526522,0.467005076142132,0.125330979699912,0.64,0,0,0
"4979","340297131003",0.973740241305891,0.30312278750885,0.32808657156911,0.143665958952583,0.6,0,0,0
"4980","340297132011",0.996290801186944,0.54499782000872,0.535211267605634,0.120178041543027,0.36,0,0,0
"4981","340297132012",0.978050921861282,0.28875084499662,0.36372745490982,0.0877963125548727,0.48,0,0,0
"4982","340297132021",0.965344277245782,0.3374986500054,0.346642468239564,0.205198358413133,0.64,0,0,0
"4983","340297132022",0.984138972809668,0.43499826000696,0.439838220424671,0.106875934230194,0.6,0,0,0
"4984","340297132031",0.980549199084668,0.231127075491698,0.308059701492537,0.005720823798627,0.52,0,0,0
"4985","340297132032",0.910160734787601,0.299594801620793,0.248045178105995,0.449770378874856,0.52,0,0,0
"4986","340297133001",0.902930402930403,0.166727333090668,0.217948717948718,0.108974358974359,0.68,0,0,0
"4987","340297133002",0.951398135818908,0.2875228499086,0.287096774193548,0.0632490013315579,0.6,0,0,0
"4988","340297133003",0.983410138248848,0.243519025923896,0.230696798493409,0.0753311258278146,0.56,0,0,0
"4989","340297134011",0.921065145030908,0.370998516005936,0.2462482946794,0.250594388968141,0.52,0,0,0
"4990","340297134012",0.953771289537713,0.315830736677053,0.294736842105263,0.362530413625304,0.48,0,0,0
"4991","340297134013",0.921302578018996,0.321498714005144,0.274509803921569,0.222222222222222,0.64,0,0,0
"4992","340297134014",0.992343032159265,0.651997392010432,0.546378653113088,0.520673813169985,0.68,0,0,0
"4993","340297134021",0.898186889818689,0.148603405586378,0.218181818181818,0.218270571827057,0.68,0,0,0
"4994","340297134022",0.90426120641948,0.350498598005608,0.211257817929117,0.19147758716104,0.72,0,0,0
"4995","340297135001",1,0.583497666009336,0.502732240437158,0.0396039603960396,0.64,0,0,0
"4996","340297135002",0.93975255513717,0.328526685893256,0.447533009034051,0.169983862291555,0.68,0,0,0
"4997","340297136001",0.964199029126214,0.514581941672233,0.404365904365904,0.307038834951456,0.6,0,0,0
"4998","340297136002",0.974124809741248,0.479470082119672,0.402447314751869,0.149162861491629,0.72,0,0,0
"4999","340297137001",0.931404958677686,0.419250322998708,0.589341692789969,0.040495867768595,0.6,0,0,0
"5000","340297137002",1,0.622689509241963,0.342129208371247,0.135416666666667,0.6,0,0,0
"5001","340297138001",0.911558669001751,0.424562301750793,0.449002849002849,0.117775831873905,0.48,0,0,0
"5002","340297138002",0.914414414414414,0.268418926324295,0.248351648351648,0.147747747747748,0.72,0,0,0
"5003","340297139001",0.994818652849741,0.307626769492922,0.312791783380019,0.27979274611399,0.76,0,0,0
"5004","340297139002",0.802290536467752,0.478442086231655,0.215532286212914,0.392405063291139,0.76,0,0,0
"5005","340297139003",0.967661691542289,0.503249987000052,0.44578313253012,0.0609452736318408,0.76,0,0,0
"5006","340297139004",0.738601823708207,0.328962684149263,0.308589607635207,0.443768996960486,0.72,0,0,0
"5007","340297139005",0.95,0.463830144679421,0.0481927710843374,0.44047619047619,0.8,0,0,0
"5008","340297140001",0.988853503184713,0.438042247831009,0.272727272727273,0.238853503184713,0.6,0,0,0
"5009","340297140002",0.87778958554729,0.431826272694909,0.692934782608696,0.159404888416578,0.6,0,0,0
"5010","340297140003",1,0.29935880256479,0.250632911392405,0.202302631578947,0.68,0,0,0
"5011","340297140004",0.951070336391437,0.478214087143651,0.237875288683603,0.270642201834862,0.52,0,0,0
"5012","340297140005",0.983830217281455,0.376550493798025,0.160024154589372,0.190500252652855,0.64,0,0,0
"5013","340297140006",0.936969696969697,0.690673237307051,0.24860853432282,0,0.68,0,0,0
"5014","340297141001",0.981612446958982,0.256942972228111,0.289664252797893,0.0314304041051956,0.72,0,0,0
"5015","340297141002",0.989594742606791,0.260122959508162,0.259158751696065,0.0794085432639649,0.68,0,0,0
"5016","340297142001",1,NA,0.330769230769231,0.149501661129568,0.52,0,0,0
"5017","340297142002",0.977891156462585,0.690969236123055,0.151226158038147,0.0901360544217687,0.44,0,0,0
"5018","340297142003",0.931458699472759,0.359266562933748,0.338656021290752,0.223198594024605,0.6,0,0,0
"5019","340297142004",0.945911139729556,0.438634245463018,0.399065420560748,0.313586606567933,0.68,0,0,0
"5020","340297142005",0.94040194040194,0.462398150407398,0.349142280524723,0.205821205821206,0.48,0,0,0
"5021","340297143001",0.988711194731891,0.449482202071192,0.168937329700272,0.216368767638758,0.28,0,0,0
"5022","340297143002",0.986539296569692,0.429262282950868,0.325799338478501,0.12829373650108,0.44,0,0,0
"5023","340297150011",0.894505805720759,0.21499914000344,0.359174133229451,0.435850900460701,0.56,0,0,0
"5024","340297150012",0.899286733238231,0.305526777892888,0.240628166160081,0.389728958630528,0.76,0,0,0
"5025","340297150021",0.921124560718469,0.332030671877312,0.419981498612396,0.265130808278016,0.56,0,0,0
"5026","340297150022",0.932484781405645,0.301626793492826,0.247386759581882,0.331488655229662,0.52,0,0,0
"5027","340297152011",0.976708860759494,NA,0.405487804878049,0,0.64,0,0,0
"5028","340297152012",0.991836734693878,NA,0.359464627151052,0.00892857142857143,0.56,0,0,0
"5029","340297152013",0.977704376548307,0.274290902836389,0.159116022099448,0.147398843930636,0.72,0,0,0
"5030","340297152014",0.96328538985617,NA,0.222991689750693,0.0749432248296745,0.68,0,0,0
"5031","340297152021",0.913671599718111,0.20684317262731,0.280197206244864,0.369978858350951,0.68,0,0,0
"5032","340297152022",0.977927422371867,0.330238679045284,0.200404858299595,0.484474373363262,0.68,0,0,0
"5033","340297153011",0.889874200866158,0.176635293458826,0.231220657276995,0.193441946793153,0.72,0,0,0
"5034","340297153012",1,0.590761636953452,0.221957040572792,0.00318302387267905,0.56,0,0,0
"5035","340297153013",0.976452119309262,NA,0.250841750841751,0.0282574568288854,0.56,0,0,0
"5036","340297153014",0.601214574898785,0.182955268178927,0.318681318681319,0.672064777327935,0.64,0,0,0
"5037","340297153031",0.99337528983107,0.232343070627718,0.325376884422111,0.00298111957601855,0.64,0,0,0
"5038","340297153032",1,0.151539393842425,0.339130434782609,0.055185537583254,0.64,0,0,0
"5039","340297153041",0.918962722852512,0.141727433090268,0.273142857142857,0.119529983792545,0.64,0,0,0
"5040","340297153042",1,0.225443098227607,0.292307692307692,0,0.72,0,0,0
"5041","340297153043",0.85247311827957,0.156667373330507,0.183520599250936,0.105084745762712,0.64,0,0,0
"5042","340297154011",1,0.310830756676973,0.605882352941176,0.00766438079870916,0.4,0,0,0
"5043","340297154012",1,0.472142111431554,0.542857142857143,0,0.36,0,0,0
"5044","340297154013",0.969813744380218,0.504165983336067,0.428380187416332,0.0931278098908157,0.48,0,0,0
"5045","340297154031",0.940338983050848,0.161755352978588,0.269345238095238,0.0616949152542373,0.56,0,0,0
"5046","340297154032",0.983801295896328,0.119615521537914,0.23448275862069,0.0673491379310345,0.64,0,0,0
"5047","340297154041",1,0.178555285778857,0.518169582772544,0.0741536808167652,0.56,0,0,0
"5048","340297154042",0.993939393939394,NA,0.171681415929204,0.0373831775700935,0.6,0,0,0
"5049","340297155011",1,0.480370078519686,0.367979882648785,0.00103057368601855,0.4,0,0,0
"5050","340297155012",0.95962441314554,0.326398694405222,0.212335692618807,0.205164319248826,0.72,0,0,0
"5051","340297155021",1,0.212307150771397,0.420289855072464,0.0154195011337868,0.36,0,0,0
"5052","340297155022",1,0.414454342182631,0.478761699064075,0.0182548986769385,0.52,0,0,0
"5053","340297155031",0.987623762376238,0.380970476118096,0.302631578947368,0.0117574257425743,0.48,0,0,0
"5054","340297155032",0.977970627503338,0.46749813000748,0.56438127090301,0.11214953271028,0.64,0,0,0
"5055","340297156001",1,0.27999888000448,0.291793313069909,0.0128365685660614,0.68,0,0,0
"5056","340297156002",0.950297619047619,0.292730829076684,0.486507936507937,0.189588879029873,0.76,0,0,0
"5057","340297156003",0.906182795698925,0.31499874000504,0.38265306122449,0.109861365419827,0.68,0,0,0
"5058","340297157011",1,0.234335062659749,0.315543071161049,0.0118577075098814,0.56,0,0,0
"5059","340297157012",0.963304115287476,0.227031091875633,0.348167539267016,0.0759173971178131,0.56,0,0,0
"5060","340297157013",1,NA,0.470954356846473,0.0570021111893033,0.56,0,0,0
"5061","340297157021",0.983266733266733,0.288666845332619,0.3633069828722,0.0759240759240759,0.56,0,0,0
"5062","340297158001",0.921944539541253,0.332106671573314,0.32168458781362,0.188944035598152,0.8,0,0,0
"5063","340297158002",0.971984543196246,0.399642401430394,0.39343459088682,0.151393872481369,0.72,0,0,0
"5064","340297159011",0.98337182448037,0.19499922000312,0.427264409881061,0.11632183908046,0.56,0,0,0
"5065","340297159012",0.965903036760788,0.3249987000052,0.380171740827479,0.313061872025383,0.6,0,0,0
"5066","340297159021",0.904781036560868,0.139723441106236,0.0937188434695912,0.650060265166734,0.48,0,0,0
"5067","340297159022",0.963011031797534,0.195539217843129,0.317057704502219,0.192771084337349,0.68,0,0,0
"5068","340297159023",1,0.166743333026668,0.265426052889324,0.0291005291005291,0.68,0,0,0
"5069","340297159024",1,0.128543485826057,0.22972972972973,0.0630630630630631,0.56,0,0,0
"5070","340297160001",0.895447723861931,0.151551393794425,0.161580790395198,0.0570285142571286,0.56,0,0,0
"5071","340297160002",0.992840994724943,0.235703057187771,0.284099472494348,0.0535041446872645,0.56,0,0,0
"5072","340297170011",0.954072790294627,0.33499866000536,0.311724137931034,0.194974003466204,0.4,0,0,0
"5073","340297170012",0.987672768023907,0.418402326390694,0.336498516320475,0.227306547619048,0.36,0,0,0
"5074","340297170021",0.973658051689861,0.320586717653129,0.340764331210191,0.126739562624254,0.52,0,0,0
"5075","340297170022",0.913486005089059,0.266842932628269,0.442523768366465,0.241730279898219,0.48,0,0,0
"5076","340297170023",0.987927565392354,0.261086955652177,0.324324324324324,0.477230193387399,0.52,0,0,0
"5077","340297171011",0.949464012251149,0.497254010983956,0.35905304690925,0.376306620209059,0.44,0,0,0
"5078","340297171012",0.96144578313253,0.509053963784145,0.242211838006231,0.162650602409639,0.4,0,0,0
"5079","340297171013",0.986938775510204,0.607629569481722,0.547124214596423,0.242506076154469,0.52,0,0,0
"5080","340297171021",0.97224709042077,0.377998488006048,0.370721432332807,0.132497761862131,0.36,0,0,0
"5081","340297171022",0.979487179487179,0.33875064499742,0.30491599253267,0.367258382642998,0.52,0,0,0
"5082","340297172001",0.95527950310559,0.576425694297223,0.383031815346226,0.227743271221532,0.36,0,0,0
"5083","340297172002",0.973271107339839,0.385394458422166,0.492880613362541,0.280865507000424,0.32,0,0,0
"5084","340297172003",0.965149359886202,0.701209195163219,0.374866879659212,0.303698435277383,0.32,0,0,0
"5085","340297172004",1,0.504261982952068,0.593975903614458,0.0484409799554566,0.32,0,0,0
"5086","340297172005",0.806262230919765,0.318634725461098,0.238035264483627,0.218199608610568,0.4,0,0,0
"5087","340297173001",0.976994434137291,0.69499722001112,0.474481211441391,0.240816326530612,0.32,0,0,0
"5088","340297173002",0.984274481772695,0.533329866680533,0.348406988694759,0.162258756254467,0.2,0,0,0
"5089","340297173003",0.95824295010846,0.75999696001216,0.418289585097375,0.28602383531961,0.24,0,0,0
"5090","340297174001",1,0.306362774548902,0.434567901234568,0.027027027027027,0.36,0,0,0
"5091","340297174002",1,0.762248951004196,0.549676025917927,0.283110966482265,0.32,0,0,0
"5092","340297174003",0.957641196013289,0.298370806516774,0.226130653266332,0.309000414765657,0.24,0,0,0
"5093","340297175011",0.893886156008433,0.280086879652481,0.456674473067916,0.326774420238932,0.52,0,0,0
"5094","340297175012",0.992545871559633,0.375130499478002,0.413403614457831,0.0728211009174312,0.36,0,0,0
"5095","340297175013",1,0.293818824724701,0.36308926780341,0.4038950042337,0.4,0,0,0
"5096","340297175014",0.87906976744186,0.259262962948148,0.323165704863974,0.251679586563307,0.36,0,0,0
"5097","340297175015",0.886965376782077,0.225459098163607,0.220136518771331,0.457230142566191,0.4,0,0,0
"5098","340297175021",0.852494577006508,0.319910720357119,0.230295566502463,0.223427331887202,0.44,0,0,0
"5099","340297175022",0.974378881987578,0.589165643337427,0.64424514200299,0.0830745341614907,0.4,0,0,0
"5100","340297175023",0.995252373813094,0.408074367702529,0.322167858487015,0.15192403798101,0.36,0,0,0
"5101","340297175024",0.966984126984127,0.21125115499538,0.3198606271777,0.0990476190476191,0.4,0,0,0
"5102","340297180001",0.969298245614035,0.283598865604538,0.414598540145985,0,0.52,0,0,0
"5103","340297180002",1,0.246363014547942,0.231067961165049,0,0.52,0,0,0
"5104","340297180003",0.874200426439232,0.430734277062892,0.391466666666667,0.128287135749822,0.48,0,0,0
"5105","340297180004",0.956806282722513,0.426770292918828,0.235230934479055,0.0607549120992761,0.4,0,0,0
"5106","340297200011",1,0.560413758344967,0.431500465983225,0.0803765387400434,0.28,0,0,0
"5107","340297200012",0.986887508626639,0.16125135499458,0.142194744976816,0.184955141476881,0.32,0,0,0
"5108","340297200013",0.9921875,0.0820516717933128,0.18828125,0.0692464358452139,0.2,0,0,0
"5109","340297201021",1,0.108487566049736,0,0.0833333333333333,0.2,0,0,0
"5110","340297201022",0.989349112426036,0.285458858164567,0.316946959896507,0.0519911504424779,0.16,0,0,0
"5111","340297201023",1,0.16684333262667,0.16582406471183,0.108986615678776,0.16,0,0,0
"5112","340297201024",0.986504723346829,0.132331470674117,0.188911704312115,0.058029689608637,0.24,0,0,0
"5113","340297201041",0.963364993215739,0.145419418322327,0.147896879240163,0,0.44,0,0,0
"5114","340297201042",0.965183752417795,0.163075347698609,0.227272727272727,0.115087040618956,0.4,0,0,0
"5115","340297201043",0.944649446494465,0.12749949000204,0.279520295202952,0.03690036900369,0.24,0,0,0
"5116","340297201051",1,0.28687485250059,0.331944444444444,0.283847980997625,0.44,0,0,0
"5117","340297201052",0.930066360387953,0.257102971588114,0.360442420299284,0.312914752424707,0.4,0,0,0
"5118","340297201061",0.965006729475101,0.178571285714857,0.109690444145357,0.0686406460296097,0.16,0,0,0
"5119","340297201062",1,0.23935104259583,0.085016835016835,0.0328282828282828,0.16,0,0,0
"5120","340297201071",0.987814166031988,0.174219303122788,0.15993907083016,0.0967250571210967,0.28,0,0,0
"5121","340297201072",1,0.150499398002408,0.187402799377916,0.0940902021772939,0.24,0,0,0
"5122","340297202021",0.990861618798956,0.146631413474346,0.279370952821462,0.212140992167102,0.4,0,0,0
"5123","340297202022",0.954146341463415,0.144339422642309,0.189672293942403,0.0965853658536585,0.4,0,0,0
"5124","340297202023",0.859349593495935,0.212999148003408,0.124897959183673,0.0959349593495935,0.36,0,0,0
"5125","340297202031",0.976298997265269,0.273222907108372,0.291775798847564,0.217411121239745,0.44,0,0,0
"5126","340297202032",0.976889214966985,0.324222703109188,0.220392989909719,0.394717534849596,0.44,0,0,0
"5127","340297202041",0.847977684797768,0.225127099491602,0.175266175266175,0.256274768824306,0.56,0,0,0
"5128","340297202042",0.944766146993319,0.40499838000648,0.216232586311326,0.259717314487633,0.48,0,0,0
"5129","340297202043",0.985908404630096,0.413446346214615,0.292490118577075,0.333333333333333,0.44,0,0,0
"5130","340297202051",0.993670886075949,0.516997932008272,0.456078083407276,0.106803797468354,0.48,0,0,0
"5131","340297202052",0.911371237458194,0.299722801108796,0.258384146341463,0.160512434061794,0.56,0,0,0
"5132","340297202053",0.990733590733591,0.157295370818517,0.179150579150579,0.145945945945946,0.44,0,0,0
"5133","340297202061",0.984422110552764,0.201459194163223,0.170261066969353,0.109045226130653,0.36,0,0,0
"5134","340297202062",1,0.280534877860489,0.379724055188962,0.0878684807256236,0.36,0,0,0
"5135","340297202063",1,0.338234647061412,0.310674157303371,0.0695852534562212,0.4,0,0,0
"5136","340297210001",0.911312849162011,0.314258742965028,0.192197906755471,0.379189944134078,0.56,0,0,0
"5137","340297210002",0.981776765375854,0.257666969332123,0.189285714285714,0.282511210762332,0.32,0,0,0
"5138","340297210003",0.931612903225806,0.328998684005264,0.194158075601375,0.229677419354839,0.48,0,0,0
"5139","340297220011",0.889383815887157,0.369486522053912,0.221854304635762,0.173719376391982,0.36,0,0,0
"5140","340297220012",0.944297082228117,0.329702681189275,0.383399209486166,0.120424403183024,0.32,0,0,0
"5141","340297220013",0.988578680203046,0.209311162755349,0.278189910979228,0.213197969543147,0.48,0,0,0
"5142","340297220031",0.906286379511059,0.193331226675093,0.0600790513833992,0.366705471478463,0.6,0,0,0
"5143","340297220032",0.96842744383728,0.242259030963876,0.225974025974026,0.334915455354494,0.6,0,0,0
"5144","340297220033",0.991596638655462,0.46499814000744,0.417893544733862,0.0903761602344895,0.64,0,0,0
"5145","340297220041",0.988753056234719,0.24562301750793,0.307441253263708,0.21763085399449,0.48,0,0,0
"5146","340297220042",0.986772486772487,0.222999108003568,0.203084832904884,0.180555555555556,0.52,0,0,0
"5147","340297221001",0.982626824183461,0.241471034115864,0.27449617790132,0.0125086865879083,0.52,0,0,0
"5148","340297221002",0.964360587002096,0.536953852184591,0.437206178643385,0.158882235528942,0.6,0,0,0
"5149","340297221003",0.927835051546392,0.54688981244075,0.16697247706422,0.234123947972456,0.6,0,0,0
"5150","340297221004",1,0.439470242119032,0.566493955094991,0.108349267049076,0.56,0,0,0
"5151","340297222001",1,0.259642961428154,0.245315161839864,0.10016155088853,0.72,0,0,0
"5152","340297222002",0.942070275403609,0.1187515249939,0.103103103103103,0.0911680911680912,0.64,0,0,0
"5153","340297222003",0.973936899862826,NA,0.177159590043924,0.112482853223594,0.68,0,0,0
"5154","340297223001",1,0.70499718001128,0.386868686868687,0.0821052631578947,0.6,0,0,0
"5155","340297223002",0.984087102177554,0.562965748137008,0.433950986252241,0.125209380234506,0.56,0,0,0
"5156","340297224010",NA,NA,NA,NA,NA,0,0,0
"5157","340297224011",0.968403074295474,0.229819080723677,0.333722287047841,0.146883005977797,0.6,0,0,0
"5158","340297224012",0.991881918819188,0.502869988520046,0.183279742765273,0.298154981549816,0.56,0,0,0
"5159","340297224013",0.953556731334509,0.463234147063412,0.361560418648906,0.130688448074679,0.6,0,0,0
"5160","340297224014",1,0.3999984000064,0.458990536277603,0.17379679144385,0.4,0,0,0
"5161","340297224021",0.985407066052227,0.480554077783689,0.33184855233853,0.222734254992319,0.32,0,0,0
"5162","340297224022",0.927620632279534,0.355554577781689,0.475717439293598,0.210740439381611,0.4,0,0,0
"5163","340297224023",1,0.478250086999652,0.536842105263158,0.0750656167979003,0.56,0,0,0
"5164","340297225000",NA,NA,NA,NA,NA,0,0,0
"5165","340297225001",1,NA,0.493203883495146,0.158516020236088,0.32,0,0,0
"5166","340297225002",0.955082742316785,NA,0.501228501228501,0.033096926713948,0.48,0,0,0
"5167","340297225003",1,0.136931452274191,0.287974683544304,0.269117647058824,0.48,0,0,0
"5168","340297226001",0.944684528954192,0.496818012727949,0.427380952380952,0.184961106309421,0.4,0,0,0
"5169","340297226002",0.866666666666667,0.410282358870565,0.38034188034188,0.119791666666667,0.52,0,0,0
"5170","340297226003",0.970909090909091,0.258702965188139,0.232608695652174,0.0109090909090909,0.36,0,0,0
"5171","340297227011",0.92578125,0.555473778104888,0.487819732034105,0.0486111111111111,0.4,0,0,0
"5172","340297227012",0.985480943738657,0.365830536677853,0.449246231155779,0.138838475499093,0.56,0,0,0
"5173","340297227013",0.989862418537292,0.43375026499894,0.375275938189845,0.166545981173063,0.44,0,0,0
"5174","340297227021",1,0.385966456134175,0.255813953488372,0.18046511627907,0.64,0,0,0
"5175","340297227022",0.906116642958748,0.436818252726989,0.164878048780488,0.0576102418207681,0.52,0,0,0
"5176","340297227023",0.90382626680455,0.629725481098076,0.328677074774035,0.0604963805584281,0.6,0,0,0
"5177","340297228001",0.924307452204448,0.437666249335003,0.458998348926802,0.281310963714397,0.64,0,0,0
"5178","340297228002",0.942771084337349,0.242867028531886,0.34331797235023,0.725475841874085,0.6,0,0,0
"5179","340297228003",0.864935064935065,0.212855148579406,0.399193548387097,0.519480519480519,0.64,0,0,0
"5180","340297229001",0.872678250449371,0.38437446250215,0.406209007433319,0.387956860395446,0.68,0,0,0
"5181","340297229002",0.93744787322769,0.343558625765497,0.264931992903607,0.394671107410491,0.64,0,0,0
"5182","340297230001",0.98875,0.37937448250207,0.286689419795222,0.35875,0.6,0,0,0
"5183","340297230002",0.97037037037037,0.626781492874029,0.469895287958115,0.217283950617284,0.6,0,0,0
"5184","340297230003",0.873488372093023,0.424210303158787,0.327485380116959,0.601860465116279,0.64,0,0,0
"5185","340297230004",0.933153880663975,0.345454618181527,0.231032125768968,0.299732381801963,0.68,0,0,0
"5186","340297231001",0.856065002901915,0.481498074007704,0.260897030953885,0.346909439386679,0.76,0,0,0
"5187","340297231002",1,0.210999156003376,0.247135842880524,0.200680272108844,0.8,0,0,0
"5188","340297231003",0.970342910101946,0.616729533081868,0.574572127139364,0.20556552962298,0.64,0,0,0
"5189","340297232001",0.95421686746988,0.301174795300819,0.333757961783439,0.388755020080321,0.64,0,0,0
"5190","340297232002",0.886737937012424,0.621609513561946,0.602293577981651,0.201386882403929,0.72,0,0,0
"5191","340297232003",0.980485483103284,0.569581721673113,0.342049469964664,0.135649690623513,0.56,0,0,0
"5192","340297233001",0.929632867132867,0.314702741189035,0.335078534031414,0.186188811188811,0.68,0,0,0
"5193","340297233002",0.926406926406926,0.325106699573202,0.268505079825835,0.314935064935065,0.64,0,0,0
"5194","340297233003",0.898039215686275,0.443890224439102,0.390447308567096,0.216685330347144,0.56,0,0,0
"5195","340297233004",0.990735694822888,0.513365946536214,0.355365474339036,0.264305177111717,0.56,0,0,0
"5196","340297234001",0.945286195286195,0.354734581061676,0.382617382617383,0.0892255892255892,0.44,0,0,0
"5197","340297234002",0.973413379073756,0.369166523333907,0.300774270399047,0.164665523156089,0.52,0,0,0
"5198","340297235001",0.929749866950506,0.342894628421486,0.286027798098025,0.266098988823842,0.56,0,0,0
"5199","340297235002",0.962040332147094,0.29499882000472,0.395314787701318,0.0806642941874259,0.52,0,0,0
"5200","340297236001",0.971153846153846,0.621069515721937,0.578046324269889,0.0621301775147929,0.68,0,0,0
"5201","340297236002",0.944567627494457,0.247367010531958,0.28780487804878,0.184152604548789,0.72,0,0,0
"5202","340297240001",0.903361344537815,0.326498694005224,0.170700636942675,0.417647058823529,0.56,0,0,0
"5203","340297240002",0.914106939704209,0.386810452758189,0.141074856046065,0.661263275572946,0.6,0,0,0
"5204","340297240003",0.907046476761619,0.443042227831089,0.161971830985915,0.31185944363104,0.68,0,0,0
"5205","340297250011",0.892271662763466,0.476478094087624,0.244324324324324,0.0849420849420849,0.56,0,0,0
"5206","340297250012",0.957746478873239,NA,0.190125276344878,0.0861971830985915,0.64,0,0,0
"5207","340297250021",0.960810810810811,0.497798008807965,0.367912371134021,0.072972972972973,0.6,0,0,0
"5208","340297250022",0.995433789954338,0.319774720901116,0.25609756097561,0.468797564687976,0.52,0,0,0
"5209","340297250023",0.936902485659656,0.373958504165983,0.266371681415929,0.268961121733588,0.56,0,0,0
"5210","340297251001",0.929892891918208,0.315370738517046,0.239612188365651,0.196689386562804,0.8,0,0,0
"5211","340297251002",0.946096654275093,0.552853788584846,0.40080971659919,0.276951672862454,0.8,0,0,0
"5212","340297260001",0.967126890203813,0.420354318582726,0.496683250414594,0.11965811965812,0.56,0,0,0
"5213","340297270010",NA,NA,NA,NA,NA,0,0,0
"5214","340297270011",1,0.473330106679573,0.585969738651995,0.0704365079365079,0.44,0,0,0
"5215","340297270012",0.988620199146515,0.369790520837917,0.477409638554217,0.0469416785206259,0.44,0,0,0
"5216","340297270013",0.956923076923077,0.53249787000852,0.624561403508772,0,0.44,0,0,0
"5217","340297270021",0.990353697749196,0.382998468006128,0.455303933253874,0.0514469453376206,0.44,0,0,0
"5218","340297270022",0.985212569316081,0.471426114295543,0.535238095238095,0.0295748613678373,0.4,0,0,0
"5219","340297280011",1,0.295354818580726,0.467557251908397,0,0.28,0,0,0
"5220","340297280012",0.97459165154265,0.4499982000072,0.573008849557522,0.0308529945553539,0.36,0,0,0
"5221","340297280021",0.93241695303551,0.251998992004032,0.610322580645161,0.0950744558991982,0.32,0,0,0
"5222","340297280022",0.898550724637681,0.267938928244287,0.222222222222222,0.0869565217391304,0.44,0,0,0
"5223","340297280031",0.984447900466563,0.31499874000504,0.592814371257485,0.359253499222395,0.32,0,0,0
"5224","340297280032",0.692307692307692,NA,0.0363636363636364,0.0307692307692308,0.36,0,0,0
"5225","340297280033",0.849938499384994,NA,0.160278745644599,0.188191881918819,0.48,0,0,0
"5226","340297280041",1,NA,0.516666666666667,0.0708333333333333,0.4,0,0,0
"5227","340297280042",0.932330827067669,0.223847104611582,0.289473684210526,0.0789473684210526,0.52,0,0,0
"5228","340297290001",0.953810623556582,0.298526805892776,0.358823529411765,0.0265588914549654,0.44,0,0,0
"5229","340297290002",0.952205882352941,0.257110971556114,0.237093690248566,0.139705882352941,0.4,0,0,0
"5230","340297300001",0.923809523809524,0.531733873064508,0.460636515912898,0.122448979591837,0.64,0,0,0
"5231","340297300002",0.860515021459227,0.386998452006192,0.502423263327948,0.186695278969957,0.84,0,0,0
"5232","340297310011",0.908408408408408,0.437606249575002,0.343324250681199,0.0630630630630631,0.4,0,0,0
"5233","340297310012",0.945497630331754,0.387714449142203,0.285823754789272,0.200236966824645,0.56,0,0,0
"5234","340297310020",NA,NA,NA,NA,NA,0,0,0
"5235","340297310021",0.975806451612903,0.456158175367299,0.202276707530648,0.192920353982301,0.52,0,0,0
"5236","340297310022",0.972027972027972,0.408330366678533,0.346508563899868,0.0571095571095571,0.48,0,0,0
"5237","340297311011",0.906116088819634,0.404130383478466,0.253280091272105,0.324639937718957,0.68,0,0,0
"5238","340297311012",0.992133726647001,0.35686257254971,0.330275229357798,0.0108161258603736,0.6,0,0,0
"5239","340297311021",0.874920229738354,0.392750428998284,0.164451827242525,0.383216336949585,0.68,0,0,0
"5240","340297311022",0.893958076448829,0.316470734117064,0.289689034369885,0.064118372379778,0.48,0,0,0
"5241","340297311023",0.949759720401922,0.547341810632757,0.380461165048544,0.277705345501956,0.64,0,0,0
"5242","340297311031",0.964796479647965,0.483054067783729,0.26333746898263,0.191620586984262,0.52,0,0,0
"5243","340297312011",0.987780040733198,0.194667221331115,0.0674974039460021,0.29938900203666,0.4,0,0,0
"5244","340297312012",1,0.203619185523258,0.19969040247678,0.168730650154799,0.48,0,0,0
"5245","340297312013",0.923536439665472,0.211543153827385,0.220771144278607,0.037037037037037,0.36,0,0,0
"5246","340297312014",0.983104540654699,0.143787424850301,0.24181626187962,0,0.44,0,0,0
"5247","340297312021",0.958947368421053,0.151783392866429,0.118947368421053,0.0536842105263158,0.32,0,0,0
"5248","340297312022",0.985010706638116,0.15999936000256,0.139211136890951,0.15203426124197,0.36,0,0,0
"5249","340297312023",0.940251572327044,0.13559545761817,0.122641509433962,0.140723270440252,0.32,0,0,0
"5250","340297312024",0.946308724832215,0.151363394546422,0.083969465648855,0.0553691275167785,0.2,0,0,0
"5251","340297312031",0.964983164983165,0.186551253794985,0.212347354138399,0.140740740740741,0.32,0,0,0
"5252","340297312032",0.989459815546772,0.23312306750773,0.181818181818182,0.0144927536231884,0.2,0,0,0
"5253","340297312041",0.965067778936392,0.201035195859217,0.151911995809324,0.215328467153285,0.2,0,0,0
"5254","340297312042",0.935555555555556,0.253846984612062,0.0920454545454545,0.0333333333333333,0.32,0,0,0
"5255","340297312043",0.959965187119234,0.226635093459626,0.155202821869489,0.0939947780678851,0.44,0,0,0
"5256","340297312051",0.96551724137931,0.215555137779449,0.172413793103448,0.0478927203065134,0.4,0,0,0
"5257","340297312052",0.959246051961284,0.206459174163303,0.228552278820375,0.405501782985227,0.48,0,0,0
"5258","340297312053",0.977059436913452,0.25249899000404,0.230200633579725,0.174139728884254,0.4,0,0,0
"5259","340297312061",0.977728285077951,0.214499142003432,0.251670378619154,0.128062360801782,0.56,0,0,0
"5260","340297312062",0.935285053929122,0.135119459522162,0.171572146446518,0.054823039555864,0.68,0,0,0
"5261","340297320011",0.997282608695652,0.677853288586846,0.478736330498177,0.0295031055900621,0.4,0,0,0
"5262","340297320012",0.994619523443505,0.526305894776421,0.54042988741044,0.164488854727133,0.52,0,0,0
"5263","340297320013",0.989268947015426,0.388998444006224,0.335564853556485,0.0610328638497653,0.44,0,0,0
"5264","340297320031",0.917073170731707,0.403542385830457,0.201149425287356,0.333333333333333,0.48,0,0,0
"5265","340297320032",1,0.403854384582462,0.219178082191781,0.105401844532279,0.6,0,0,0
"5266","340297320033",0.980311355311355,0.240123039507842,0.520771513353116,0.494047619047619,0.52,0,0,0
"5267","340297320041",0.855819339895773,0.313082747669009,0.265700483091787,0.14128546612623,0.52,0,0,0
"5268","340297320042",0.958730158730159,0.511489954040184,0.175066312997347,0.0336507936507937,0.48,0,0,0
"5269","340297320043",0.970645792563601,0.35315458738165,0.211988304093567,0.216242661448141,0.52,0,0,0
"5270","340297321011",0.945786101527846,0.446050215799137,0.384073291050035,0.150813208477082,0.4,0,0,0
"5271","340297321012",0.974663908996898,0.404170383318467,0.308533916849015,0.167011375387797,0.6,0,0,0
"5272","340297321013",0.884158415841584,0.316538733845065,0.162055335968379,0,0.56,0,0,0
"5273","340297321014",0.918837675350701,0.273054907780369,0.420070011668611,0.0821643286573146,0.52,0,0,0
"5274","340297321031",0.954213669542137,0.332826668693325,0.34994068801898,0.351851851851852,0.32,0,0,0
"5275","340297321032",1,0.367774528901884,0.18956043956044,0.103741496598639,0.4,0,0,0
"5276","340297321040",NA,NA,NA,NA,NA,0,0,0
"5277","340297321041",0.962314939434724,0.380934476262095,0.266371681415929,0.063257065948856,0.36,0,0,0
"5278","340297321042",0.980830670926518,0.311666753332987,0.236749116607774,0.0619808306709265,0.4,0,0,0
"5279","340297321043",0.842622950819672,0.340806636773453,0.243816254416961,0.163934426229508,0.36,0,0,0
"5280","340297330010",NA,NA,NA,NA,NA,0,0,0
"5281","340297330011",0.929393305439331,0.40062239751041,0.297277936962751,0.125,0.28,0,0,0
"5282","340297330012",0.80937167199148,0.296110815556738,0.159851301115242,0.0979765708200213,0.4,0,0,0
"5283","340297330013",0.978250809810273,0.476202095191619,0.240409207161125,0.147616844053679,0.44,0,0,0
"5284","340297330021",0.976999477260847,0.393050427798289,0.438823901359469,0.0496602195504443,0.32,0,0,0
"5285","340297340020",NA,NA,NA,NA,NA,0,0,0
"5286","340297340021",0.928782132321955,0.287962848148607,0.199777406789093,0.0505689001264222,0.28,0,0,0
"5287","340297340022",0.973389895873506,0.48499806000776,0.261538461538462,0.084843810258388,0.32,0,0,0
"5288","340297340023",0.942889777270131,0.404310382758469,0.514418604651163,0.227298686464877,0.32,0,0,0
"5289","340297340031",0.978595890410959,0.38059847760609,0.374220374220374,0.0702054794520548,0.16,0,0,0
"5290","340297340032",0.976505766766339,0.209047163811345,0.176357827476038,0.225143796220214,0.2,0,0,0
"5291","340297340033",0.90990990990991,0.177939288242847,0.221719457013575,0.376258611552729,0.32,0,0,0
"5292","340297340034",0.992474129821261,0.314054743781025,0.19280205655527,0.0992474129821261,0.32,0,0,0
"5293","340297340041",0.890738813735692,0.246507013971944,0.342699724517906,0.0416233090530697,0.32,0,0,0
"5294","340297340042",0.982067806108154,0.363998544005824,0.257375776397516,0.0675259176239843,0.24,0,0,0
"5295","340297340051",0.972602739726027,0.348250606997572,0.440677966101695,0.197345890410959,0.32,0,0,0
"5296","340297340052",1,0.257118971524114,0.255267423014587,0.120745542949757,0.24,0,0,0
"5297","340297340053",1,0.364582541669833,0.483908045977011,0.0399113082039911,0.24,0,0,0
"5298","340297350011",0.975062344139651,0.26812292750829,0.235897435897436,0.0211970074812968,0.16,0,0,0
"5299","340297350012",0.932297447280799,0.397330410678357,0.345231455660904,0.0784313725490196,0.24,0,0,0
"5300","340297350013",0.965847813061714,0.394062423750305,0.27008547008547,0.0455362492510485,0.28,0,0,0
"5301","340297350014",0.932231404958678,0.418178327286691,0.210702341137124,0.0611570247933884,0.28,0,0,0
"5302","340297350031",0.943211488250653,0.437142251430994,0.423312883435583,0.0968921389396709,0.24,0,0,0
"5303","340297350041",0.971906565656566,0.442758228967084,0.238856589147287,0.213699494949495,0.24,0,0,0
"5304","340297350042",0.931616068690586,0.471046115815537,0.438653136531365,0.0582643360932229,0.28,0,0,0
"5305","340297350043",1,0.429062283750865,0.340036563071298,0.0598885793871866,0.28,0,0,0
"5306","340297351011",0.964450296247531,0.165831336674653,0.301666666666667,0.0600522193211488,0.44,0,0,0
"5307","340297351012",0.967177242888403,0.514281942872229,0.451070336391437,0.0733041575492341,0.28,0,0,0
"5308","340297351041",0.960851648351648,0.570829716681133,0.439163498098859,0.180631868131868,0.32,0,0,0
"5309","340297351042",1,0.336386654453382,0.362030905077263,0.0551977920883165,0.32,0,0,0
"5310","340297351043",0.920235096557515,0.301362794548822,0.20042194092827,0.198992443324937,0.44,0,0,0
"5311","340297351051",1,0.44687821248715,0.476506024096386,0.132186996238581,0.28,0,0,0
"5312","340297351052",0.932494279176201,0.474282102871589,0.451315789473684,0.0766590389016018,0.24,0,0,0
"5313","340297351061",1,0.493810024759901,0.466346153846154,0.01,0.2,0,0,0
"5314","340297351062",0.964408725602755,0.351774592901628,0.575870646766169,0.160734787600459,0.24,0,0,0
"5315","340297360010",NA,NA,NA,NA,NA,0,0,0
"5316","340297360011",0.9861714737258,0.415830336678653,0.395925597874225,0.0541288028447254,0.12,0,0,0
"5317","340297360012",0.964716805942433,0.340262638949444,0.193473193473193,0.0937790157845868,0.2,0,0,0
"5318","340297360021",0.925790754257908,0.37375050499798,0.308009909165979,0.0780399274047187,0.24,0,0,0
"5319","340297361011",0.961943594971118,0.224867100531598,0.20611646418098,0.0891803278688525,0.12,0,0,0
"5320","340297361012",1,0.454850180599278,0.35203366058906,0.00565610859728507,0.08,0,0,0
"5321","340297361013",0.898525073746313,0.317066731733073,0.153321976149915,0.195870206489676,0.28,0,0,0
"5322","340297361051",0.982935153583618,0.245679017283931,0.256723716381418,0,0.24,0,0,0
"5323","340297361052",1,0.326150695397218,0.323529411764706,0.110694183864916,0.28,0,0,0
"5324","340297361053",0.944157187176836,0.349106603573586,0.346545866364666,0.211995863495346,0.2,0,0,0
"5325","340297361054",0.984988452655889,0.251998992004032,0.373230373230373,0.0565819861431871,0.24,0,0,0
"5326","340297361061",0.946553059643687,0.451034195863217,0.347923681257015,0.034856700232378,0.24,0,0,0
"5327","340297361062",0.957728706624606,0.378330486678053,0.207641196013289,0.138170347003155,0.2,0,0,0
"5328","340297361071",0.947024952015355,0.222619109523562,0.151600224592925,0.0848368522072937,0.36,0,0,0
"5329","340297361072",0.989448604492852,0.434650261398954,0.214519650655022,0.261061946902655,0.24,0,0,0
"5330","340297370001",0.921662125340599,0.34064263742945,0.480938416422287,0.0388283378746594,0.36,0,0,0
"5331","340297370002",0.963315864697475,0.309126763492946,0.326617826617827,0.158467360454115,0.24,0,0,0
"5332","340297380010",NA,NA,NA,NA,NA,0,0,0
"5333","340297380011",0.957291666666667,0.33813864744541,0.62125,0.153125,0.32,0,0,0
"5334","340297380012",0.947129909365559,0.468570125719497,0.566037735849057,0.0755287009063444,0.32,0,0,0
"5335","340297380013",0.976114649681529,0.417426330294679,0.510597302504817,0.0509554140127389,0.24,0,0,0
"5336","340297380021",0.974747474747475,0.473330106679573,0.618473895582329,0.0774410774410774,0.28,0,0,0
"5337","340297380022",0.908602150537634,0.451998192007232,0.796511627906977,0,0.16,0,0,0
"5338","340297380023",0.977653631284916,0.440274238903044,0.579661016949153,0.293296089385475,0.24,0,0,0
"5339","340297380024",1,NA,0.921348314606742,0,0.16,0,0,0
"5340","340297381001",1,NA,0.748148148148148,0.0337837837837838,0.2,0,0,0
"5341","340297381002",0.96195652173913,0.54249783000868,0.556338028169014,0.0597826086956522,0.28,0,0,0
"5342","340297381003",1,0.406818372726509,0.714285714285714,0.169491525423729,0.2,0,0,0
"5343","340297381004",0.988304093567251,0.606665573337707,0.818991097922849,0.0847953216374269,0.2,0,0,0
"5344","340297381005",1,0.32999868000528,0.724137931034483,0.0537634408602151,0.28,0,0,0
"5345","340297381006",1,0.808328766684933,0.744897959183674,0,0.24,0,0,0
"5346","340297381007",0.989177489177489,0.40875036499854,0.726063829787234,0.167728237791932,0.24,0,0,0
"5347","340297390001",1,0.596665613337547,0.644257703081233,0.0198511166253102,0.36,0,0,0
"5348","340297390002",0.978971962616822,0.273330906676373,0.517333333333333,0.0420560747663551,0.4,0,0,0
"5349","340297390003",0.969314079422383,0.37625049499802,0.652591170825336,0.0126353790613718,0.32,0,0,0
"5350","340297390004",0.983164983164983,0.438862244551022,0.618867924528302,0.00505050505050505,0.28,0,0,0
"5351","340297390005",1,0.447998208007168,0.591836734693878,0,0.24,0,0,0
"5352","340297391001",0.91468253968254,0.141783432866269,0.155753968253968,0.0992063492063492,0.4,0,0,0
"5353","340297391002",1,0.194091223635105,0.301612903225806,0.0259403372243839,0.4,0,0,0
"5354","340297392001",1,0.665225339098644,0.54177897574124,0.17351598173516,0.48,0,0,0
"5355","340297392002",0.974820143884892,0.948328206687173,0.665760869565217,0.140287769784173,0.44,0,0,0
"5356","340297392003",1,0.961664153343387,0.860681114551084,0.0599520383693046,0.48,0,0,0
"5357","340297392004",0.985401459854015,0.50999796000816,0.689851767388826,0.0766423357664234,0.6,0,0,0
"5358","340299800001",NA,NA,NA,NA,0.16,0,0,0
"5359","340299801001",NA,NA,NA,NA,0.2,0,0,0
"5360","340311165001",0.988739946380697,0.505997976008096,0.487201365187713,0.171501272264631,0.2,0,0,0
"5361","340311165002",1,0.324622701509194,0.394285714285714,0.388814913448735,0.56,0,0,0
"5362","340311165003",0.872365339578454,0.480214079143683,0.151960784313725,0.585480093676815,0.52,0,0,0
"5363","340311165004",0.771272974812798,0.501921992312031,0.233552631578947,0.218515997277059,0.36,0,0,0
"5364","340311165005",0.977570093457944,0.633821464714141,0.501460564751704,0.281619937694704,0.24,0,0,0
"5365","340311165006",1,0.505233979064084,0.484247374562427,0.190388170055453,0.2,0,0,0
"5366","340311242011",0.817808219178082,0.379282482870068,0.483394833948339,0.433561643835616,0.76,1,0,2
"5367","340311242012",0.945619335347432,0.452654189383242,0.241130820399113,0.575906344410876,0.88,0,0,1
"5368","340311242021",0.976477337923121,0.604721581113676,0.545918367346939,0.456110154905336,0.8,0,0,0
"5369","340311242022",0.964224872231687,0.463910144359423,0.384105960264901,0.23679727427598,0.76,0,0,0
"5370","340311242023",0.949931412894376,0.609665561337755,0.406451612903226,0.603566529492455,0.68,0,0,1
"5371","340311243111",0.919743178170145,0.628845484618062,0.35956416464891,0.780898876404494,0.8,0,0,0
"5372","340311243112",0.951807228915663,0.617637529449882,0.371937639198218,0.538335158817086,0.8,0,0,0
"5373","340311243113",0.986737400530504,0.566561733753065,0.586084905660377,0.341290893015031,0.72,0,0,0
"5374","340311243114",0.999040307101727,0.364442542229831,0.375804375804376,0.350287907869482,0.88,0,0,0
"5375","340311243121",1,0.567409730361079,0.543873517786561,0.483083749306711,0.68,0,0,0
"5376","340311243122",0.911297852474323,0.433998264006944,0.518232044198895,0.329598506069094,0.68,0,0,0
"5377","340311243123",0.981220657276995,0.781536873852505,0.630602782071097,0.477934272300469,0.64,0,0,0
"5378","340311243124",0.953191489361702,0.703445186219255,0.681238615664845,0.175886524822695,0.68,0,0,0
"5379","340311243211",0.992496873697374,0.45499818000728,0.499567847882455,0.133388912046686,0.84,0,0,0
"5380","340311243212",0.853242320819113,0.622997508009968,0.388421052631579,0.0742320819112628,0.8,0,0,0
"5381","340311243213",0.941847206385405,0.44315422738309,0.375227686703097,0.573546180159635,0.8,0,0,0
"5382","340311243214",0.940594059405941,NA,0.415909090909091,0.489108910891089,0.68,0,0,0
"5383","340311243215",0.960431654676259,0.594641621433514,0.585097375105842,0.313549160671463,0.68,0,0,0
"5384","340311243221",0.995148247978437,0.509665961336155,0.390564578499613,0.560646900269542,0.76,0,0,0
"5385","340311243222",0.945805493689681,0.248167007331971,0.361940298507463,0.356347438752784,0.68,0,0,0
"5386","340311243223",0.938215102974828,0.578569685721257,0.442546583850932,0.361556064073227,0.84,0,0,0
"5387","340311243224",0.918542336548767,0.666497334010664,0.61203007518797,0.371918542336549,0.72,0,0,0
"5388","340311243231",0.934666666666667,0.247611009555962,0.384615384615385,0.402666666666667,0.72,0,0,0
"5389","340311243232",0.9825,0.276630893476426,0.480475382003396,0.76875,0.68,0,0,0
"5390","340311243233",1,0.33499866000536,0.614661654135338,0.473270440251572,0.68,0,0,0
"5391","340311244021",1,0.732997068011728,0.593137254901961,0,0.64,0,0,0
"5392","340311244022",0.985992217898833,0.321518713925144,0.458855098389982,0.653696498054475,0.68,0,0,0
"5393","340311244023",0.911625148279953,0.39940240239039,0.422844175491679,0.536773428232503,0.8,0,0,0
"5394","340311244024",0.970790378006873,0.58499766000936,0.264248704663212,0.486254295532646,0.68,0,0,0
"5395","340311244031",0.9925,0.305526777892888,0.319078947368421,0.53875,0.72,0,0,2
"5396","340311244032",0.982798165137615,0.694785220859117,0.782664941785252,0.0739678899082569,0.52,0,0,2
"5397","340311244033",0.974301675977654,0.52562189751241,0.486301369863014,0.170949720670391,0.8,0,0,0
"5398","340311244041",0.912078152753108,0.25939096243615,0.33245729303548,0.753108348134991,0.68,0,0,2
"5399","340311244042",0.95962441314554,0.421094315622738,0.33854748603352,0.341784037558685,0.64,2,1,3
"5400","340311244043",0.994639666468136,0.626805492778029,0.387033398821218,0.469326980345444,0.6,2,0,3
"5401","340311244044",0.937745740498034,0.232195071219715,0.402871621621622,0.667976424361493,0.68,0,0,3
"5402","340311245001",0.941292550567341,NA,0.367543859649123,0.745436605821411,0.88,0,0,0
"5403","340311245002",0.869090909090909,0.295454818180727,0.103578154425612,0.66,0.76,0,0,2
"5404","340311245003",0.773030707610147,0.245455018179927,0.194,0.762349799732977,0.76,1,0,3
"5405","340311245004",0.801587301587302,0.370894516421934,0.227544910179641,0.401587301587302,0.76,0,0,0
"5406","340311245005",0.947275143996456,0.133331466674133,0.311864406779661,0.607443509082853,0.72,2,1,3
"5407","340311246011",0.964504283965728,0.270498918004328,0.0983606557377049,0.559363525091799,0.92,0,0,4
"5408","340311246012",0.799126637554585,0.436486254054984,0.295230885692657,0.756550218340611,0.8,0,0,2
"5409","340311246013",0.873684210526316,0.443846224615102,0.253501400560224,0.373205741626794,0.8,0,0,0
"5410","340311246014",0.921739130434783,0.06749973000108,0.275914634146341,0.254573170731707,0.92,1,0,3
"5411","340311246021",0.757078142695357,0.281666873332507,0.448215839860748,0.748584371460929,0.8,0,0,0
"5412","340311246022",0.843564356435644,0.354442582229671,0.187554019014693,0.423102310231023,0.8,0,0,0
"5413","340311246023",0.889583333333333,0.481714073143707,0.206842923794712,0.723958333333333,0.88,0,0,0
"5414","340311246024",0.854802680565897,0.370490518037928,0.299595141700405,0.441548771407297,0.88,0,0,0
"5415","340311247001",0.856172839506173,0.360554557781769,0.241320914479255,0.267283950617284,0.76,0,0,2
"5416","340311247002",0.808310991957105,0.474442102231591,0.246256239600666,0.597855227882037,0.84,0,0,0
"5417","340311247003",0.990487514863258,0.418266326934692,0.365625,0.00951248513674197,0.8,0,0,0
"5418","340311247004",0.989247311827957,0.603937584249663,0.216783216783217,0.578494623655914,0.8,0,0,0
"5419","340311247005",0.867060561299852,NA,0.245487364620939,0.88109305760709,0.84,0,0,0
"5420","340311247006",0.953757225433526,NA,0.187908496732026,0.460115606936416,0.8,0,0,2
"5421","340311248001",0.861083743842365,0.357050571797713,0.227336122733612,0.70935960591133,0.76,0,0,0
"5422","340311248002",0.633507853403141,0.333998664005344,0.26027397260274,0.68760907504363,0.84,0,0,0
"5423","340311248003",0.968192397207137,NA,0.0965346534653465,0.901930501930502,0.84,0,0,0
"5424","340311248004",0.704597701149425,NA,0.281505728314239,0.759770114942529,0.8,0,0,0
"5425","340311248005",0.899182561307902,NA,0.273716951788491,0.603542234332425,0.72,0,0,0
"5426","340311249001",0.900713822193381,0.434582261670953,0.294871794871795,0.761194029850746,0.72,0,0,1
"5427","340311249002",0.914473684210526,NA,0.224683544303797,0.677631578947368,0.68,0,0,0
"5428","340311249003",0.826166514181153,0.196395214419142,0.181473044798785,0.820219579139982,0.76,0,0,1
"5429","340311250001",0.976090854751943,0.409750360998556,0.183494293239684,0.632994620442319,0.84,0,0,0
"5430","340311250002",0.914313534566699,0.482258070967716,0.197586726998492,0.547224926971762,0.72,0,0,0
"5431","340311250003",0.818633540372671,0.263642945428218,0.192982456140351,0.684472049689441,0.72,0,0,0
"5432","340311250004",0.841872791519435,0.273618905524378,0.122194513715711,0.78356890459364,0.68,0,0,0
"5433","340311250005",0.714285714285714,0.225699097203611,0,0.956140350877193,0.64,0,0,0
"5434","340311250006",0.862174578866769,0.330286678853285,0.167857142857143,0.82312404287902,0.72,0,0,1
"5435","340311251001",0.961305007587253,0.152351390594438,0.0958205912334353,0.665402124430956,0.76,0,0,0
"5436","340311251002",0.812324929971989,0.206667173331307,0.205128205128205,0.856209150326797,0.84,0,0,0
"5437","340311251003",0.7569558101473,0.163847344610622,0.0407747196738022,0.837152209492635,0.76,0,0,0
"5438","340311337011",0.920343137254902,0.484750060999756,0.253401360544218,0.680147058823529,0.8,0,0,1
"5439","340311337012",0.923766816143498,0.435314258742965,0.144772117962467,0.923766816143498,0.8,1,0,5
"5440","340311337013",0.955375253549696,0.16127535489858,0.0726495726495727,0.64604462474645,0.84,1,0,6
"5441","340311337014",0.911098840419658,0.293570825716697,0.281385281385281,0.876311430149089,0.72,0,0,1
"5442","340311337015",0.833333333333333,0.393570425718297,0.21123595505618,0.830246913580247,0.8,0,0,3
"5443","340311337021",0.83949461862424,0.36999852000592,0.315968289920725,0.639313861845155,0.76,0,0,0
"5444","340311337022",0.922804532577904,0.526209895160419,0.34072759538598,0.796033994334278,0.8,0,0,1
"5445","340311432011",0.974480712166172,0.495686017255931,0.420045906656465,0.336498516320475,0.88,0,0,0
"5446","340311432012",0.933110367892977,0.631797472810109,0.637450199203187,0.117056856187291,0.84,0,0,0
"5447","340311432021",1,0.57814568741725,0.325949367088608,0.122062168309325,0.48,0,0,0
"5448","340311432022",1,0.551989792040832,0.773166023166023,0.000823045267489712,0.56,0,0,0
"5449","340311432023",1,0.198851204595182,0.158590308370044,0.076510067114094,0.76,0,0,0
"5450","340311432024",1,0.528073887704449,0.572569906790945,0.0712962962962963,0.68,0,0,0
"5451","340311432025",1,0.615997536009856,0.439635535307517,0,0.68,0,0,0
"5452","340311433011",1,0.306086775652897,0.448087431693989,0.323981900452489,0.72,0,0,0
"5453","340311433012",1,0.41625033499866,0.386530014641288,0.255839822024472,0.88,0,0,0
"5454","340311433021",0.843694493783304,0.405570377718489,0.360262008733624,0.11190053285968,0.76,0,0,0
"5455","340311433022",1,0.437702249191003,0.742897727272727,0.203985932004689,0.8,0,0,0
"5456","340311433023",0.934791097227645,0.340714637141451,0.390934844192635,0.437548790007806,0.84,0,0,1
"5457","340311434011",0.876655629139073,0.5874976500094,0.443458980044346,0.455298013245033,0.88,4,1,5
"5458","340311434012",0.916999201915403,0.412818348726605,0.289183222958057,0.688747007182761,0.76,0,0,3
"5459","340311434013",1,0.313806744773021,0.45478374836173,0.491919191919192,0.88,6,2,8
"5460","340311434021",0.916264090177134,0.26999892000432,0.478260869565217,0.489533011272142,0.84,5,3,6
"5461","340311434022",0.987962166809974,0.338998644005424,0.53309481216458,0.202874049027895,0.6,0,0,0
"5462","340311434023",0.965364120781528,0.387142451430194,0.356762513312034,0.501776198934281,0.6,0,0,6
"5463","340311540031",0.936462778568042,0.4749981000076,0.415211970074813,0.136557610241821,0.84,0,0,0
"5464","340311540032",1,0.700865196539214,0.54071661237785,0.222496299950666,0.64,0,0,0
"5465","340311540041",0.949680511182109,0.434806260774957,0.725868725868726,0.293130990415335,0.68,0,0,0
"5466","340311540051",0.991929567131328,0.659317362730549,0.491540516473731,0.432134996331621,0.8,0,0,0
"5467","340311540052",0.979131886477462,0.456578173687305,0.236141906873614,0.145242070116861,0.84,0,0,0
"5468","340311540061",1,0.449342202631189,0.33013698630137,0.608823529411765,0.88,0,0,0
"5469","340311540062",1,0.460874156503374,0.42284963887065,0.161682716675114,0.92,0,0,0
"5470","340311540063",0.985257985257985,0.377342490630037,0.530484330484331,0.381818181818182,0.84,0,0,0
"5471","340311635011",0.979820627802691,0.662357350570598,0.412251655629139,0.0269058295964126,0.52,0,0,0
"5472","340311635012",0.950290851401375,0.402938388246447,0.399270072992701,0.439978847170809,0.56,0,0,0
"5473","340311635013",0.840230991337825,0.604837580649677,0.485106382978723,0.154956689124158,0.64,0,0,0
"5474","340311635021",1,0.720849116603534,0.294366197183099,0.60958904109589,0.68,0,0,0
"5475","340311635022",0.964041095890411,NA,0.268445839874411,0.384417808219178,0.56,0,0,0
"5476","340311635023",0.993650793650794,0.493526025895896,0.383977900552486,0.19000757002271,0.48,0,0,0
"5477","340311752001",0.637770897832817,0.207835168659325,0.0189873417721519,0.993808049535604,0.92,1,0,4
"5478","340311752002",0.60989010989011,0.196143215427138,0.106858054226475,0.990842490842491,0.84,2,1,4
"5479","340311752003",0.65554881746513,0.14434742261031,0.0638095238095238,0.998180715585203,0.92,3,1,3
"5480","340311752004",0.573734409391049,0.301590793636825,0.0567260940032415,1,0.88,1,1,4
"5481","340311753011",0.554423933800127,0.166163335346659,0.0412121212121212,1,0.84,2,1,4
"5482","340311753012",0.604395604395604,0.282774868900524,0.0271739130434783,1,0.72,2,0,2
"5483","340311753013",0.651006711409396,0.230831076675693,0.044862518089725,0.966442953020134,0.8,1,1,2
"5484","340311753021",0.529142857142857,0.225751096995612,0.01931330472103,0.947428571428571,0.88,1,1,2
"5485","340311753022",0.493934142114385,NA,0.0952380952380952,1,0.76,2,0,2
"5486","340311753023",0.582400813835198,0.17937528249887,0.0726933830382106,0.989827060020346,0.72,0,0,2
"5487","340311754011",0.737207833228048,0.143455426178295,0.0252873563218391,1,0.72,1,1,2
"5488","340311754012",0.744137931034483,0.188251246995012,0.101522842639594,0.964137931034483,0.68,1,0,2
"5489","340311754013",0.725161290322581,0.186111255554978,0.140127388535032,1,0.68,0,0,1
"5490","340311754014",0.827879581151832,0.262566949732201,0.1198738170347,0.990183246073298,0.64,0,0,2
"5491","340311754021",0.495726495726496,0.227999088003648,0.0923076923076923,0.998307952622673,0.88,2,2,4
"5492","340311754022",0.898203592814371,0.120483518065928,0.0335403726708075,0.993346640053227,0.84,1,0,4
"5493","340311754023",0.741721854304636,0.160831356674573,0.082815734989648,0.888888888888889,0.76,2,1,3
"5494","340311754024",0.707419017763845,0.303634785460858,0.0342960288808664,1,0.64,2,1,2
"5495","340311755011",0.668974197608559,0.251826992692029,0.1648675171737,0.988672120830711,0.68,1,0,4
"5496","340311755012",0.602958349552355,0.13187547249811,0.0278514588859416,0.964352720450281,0.68,1,0,4
"5497","340311755021",0.735327963176064,0.131999472002112,0.0941828254847645,1,0.68,0,0,1
"5498","340311755022",0.665391969407266,0.30249879000484,0.0702290076335878,0.941682600382409,0.6,0,0,4
"5499","340311755023",0.822222222222222,0.257726969092124,0.154347826086957,0.986631016042781,0.6,0,0,2
"5500","340311756011",0.988985051140834,0.978328086687653,0.833333333333333,0.043273013375295,0.64,0,0,3
"5501","340311756012",1,0.483406066375735,0.601709401709402,0.0660211267605634,0.72,0,0,2
"5502","340311756031",0.890959925442684,NA,0.311141304347826,0.972041006523765,0.68,3,3,4
"5503","340311756032",0.747011952191235,0.406666373334507,0.183673469387755,0.948207171314741,0.72,3,1,4
"5504","340311756033",0.841059602649007,0.315206739173043,0.0333778371161549,1,0.6,3,0,4
"5505","340311756041",0.824352331606218,0.362782548869805,0.192922374429224,0.875129533678756,0.72,3,3,3
"5506","340311756042",0.93168370091447,0.299086803652785,0.378398236590742,0.603217158176944,0.76,3,2,3
"5507","340311757011",0.949115044247788,0.190963236147055,0.137862137862138,0.655604719764012,0.84,0,0,1
"5508","340311757012",0.850208044382802,0.546997812008752,0.369885433715221,0.439667128987517,0.64,0,0,0
"5509","340311757013",0.875294117647059,0.239231043075828,0.175062972292191,0.532549019607843,0.8,0,0,0
"5510","340311757014",0.902519893899204,0.510185959256163,0.405753968253968,0.729442970822281,0.8,0,0,0
"5511","340311757031",0.841972642188625,0.231035075859697,0.219193020719738,0.809215262778978,0.72,3,2,4
"5512","340311757032",0.915028901734104,0.303330786676853,0.394366197183099,0.508670520231214,0.68,0,0,3
"5513","340311757041",0.986008230452675,0.503609985560058,0.52191235059761,0.295473251028807,0.8,0,0,2
"5514","340311757042",0.974624060150376,0.200251198995204,0.358090185676393,0.593806921675774,0.72,0,0,3
"5515","340311757043",0.853937728937729,0.36999852000592,0.306276150627615,0.52518315018315,0.76,0,0,1
"5516","340311758011",0.714285714285714,NA,0.24079754601227,0.957983193277311,0.72,0,0,4
"5517","340311758012",0.745205479452055,0.140935436258255,0.168088737201365,0.936986301369863,0.72,1,0,5
"5518","340311758013",0.870570107858243,0.157895368418526,0.177914110429448,0.913713405238829,0.72,0,0,5
"5519","340311758031",0.743295019157088,0.166111335554658,0.183006535947712,1,0.68,1,1,4
"5520","340311758032",0.595106186518929,0.178787284850861,0,1,0.68,1,1,4
"5521","340311758041",0.795155709342561,0.239427042291831,0.0336134453781513,1,0.64,1,0,4
"5522","340311758042",0.618238021638331,0.291518833924664,0.0773263433813893,1,0.64,1,0,5
"5523","340311758043",0.664429530201342,0.195935216259135,0.00706214689265537,0.993898718730933,0.72,1,1,5
"5524","340311759001",0.758702064896755,0.210715157139371,0.0205479452054795,0.99646017699115,0.84,3,2,4
"5525","340311759002",0.780432309442548,0.212563149747401,0.12039312039312,0.940273037542662,0.88,2,2,3
"5526","340311759003",0.638281838733986,0.28499886000456,0.0249017038007864,1,0.88,3,2,4
"5527","340311801011",0.827415359207267,0.283874864500542,0.138290932811481,0.930635838150289,0.68,2,1,4
"5528","340311801012",0.705497382198953,0.478598085607658,0.212173913043478,0.891361256544503,0.68,3,1,6
"5529","340311801013",0.882013201320132,0.546085815656737,0.413075780089153,0.929042904290429,0.88,0,0,3
"5530","340311801021",0.892245720040282,0.18499926000296,0.275423728813559,0.732124874118832,0.76,1,0,2
"5531","340311801022",0.845534995977474,0.42687429250283,0.192700729927007,0.921158487530169,0.72,0,0,2
"5532","340311801023",0.931365820178449,0.3999984000064,0.117757009345794,0.949897048730268,0.68,0,0,2
"5533","340311802011",0.911740890688259,NA,0.202985074626866,0.733603238866397,0.84,2,1,8
"5534","340311802012",0.852806414662085,0.330330678677285,0.159633027522936,0.826460481099656,0.68,1,1,4
"5535","340311802013",0.986506746626687,0.291782832868669,0.113939393939394,0.946026986506747,0.68,1,0,2
"5536","340311802031",0.852839931153184,0.155767376930492,0.037156704361874,0.969879518072289,0.8,4,2,8
"5537","340311802032",0.899357601713062,0.288634845460618,0.151234567901235,0.751070663811563,0.84,6,1,8
"5538","340311802033",0.802784222737819,0.269422922308311,0.152212389380531,1,0.72,2,2,7
"5539","340311802041",0.812979351032448,0.291090835636657,0.217506631299735,0.91963260619977,0.72,4,2,7
"5540","340311802042",0.82031905961377,0.173395306418774,0.172413793103448,0.987405541561713,0.8,5,2,8
"5541","340311803011",0.786703601108033,NA,0.0787716955941255,1,0.8,5,3,8
"5542","340311803012",0.867980295566502,NA,0.0882352941176471,0.998029556650246,0.8,8,2,8
"5543","340311803013",0.767497034400949,0.225171099315603,0.178492239467849,1,0.76,5,1,8
"5544","340311803021",0.861526946107784,NA,0.072289156626506,0.886976047904192,0.76,2,1,8
"5545","340311803022",0.881840796019901,0.162379350482598,0.110667996011964,0.970149253731343,0.88,4,4,8
"5546","340311806001",0.843735335523229,0.183947264210943,0.0410714285714286,0.925856405443454,0.76,4,1,10
"5547","340311806002",0.998468606431853,0.20437518249927,0.0347322720694645,0.993874425727412,0.8,1,1,8
"5548","340311806003",0.914788732394366,0.195311218755125,0.195876288659794,0.888732394366197,0.8,1,1,8
"5549","340311807001",0.914990859232175,0.148443406226375,0.063953488372093,0.96526508226691,1,4,0,10
"5550","340311807002",0.901234567901235,0.17312330750677,0.0679824561403509,1,0.96,3,0,11
"5551","340311807003",0.855058365758755,0.191387234451062,0.131736526946108,1,0.84,3,0,7
"5552","340311808001",0.946597760551249,0.181175275298899,0.0342105263157895,1,0.88,2,1,8
"5553","340311808002",0.870634530250861,0.145787416850333,0.0555555555555556,0.99754058042302,1,7,5,9
"5554","340311809001",0.673040152963671,0.192195231219075,0.218562874251497,0.996175908221797,0.92,7,6,9
"5555","340311809002",0.865777080062794,0.132659469362123,0.107142857142857,0.992935635792779,0.8,3,1,8
"5556","340311809003",0.702956358517128,0.238999044003824,0.199561403508772,0.984983575786016,0.8,3,1,8
"5557","340311810001",0.637777777777778,0.151955392178431,0.0889679715302491,0.957777777777778,1,2,2,4
"5558","340311810002",0.756397637795276,0.259166963332147,0.0845771144278607,0.900590551181102,0.96,4,4,8
"5559","340311810003",0.809084457061746,0.285082859668561,0.326592517694641,0.94180269694819,0.92,1,1,4
"5560","340311810004",0.653696498054475,0.281586873652505,0.078125,0.965953307392996,0.84,2,2,5
"5561","340311811011",0.856996935648621,0.115759536961852,0,1,0.88,0,0,4
"5562","340311811012",0.935960591133005,0.312542749829001,0.116370808678501,0.940886699507389,0.8,0,0,2
"5563","340311811013",0.953592814371258,0.374542501829993,0.161016949152542,0.967065868263473,0.8,1,0,6
"5564","340311811021",0.825185185185185,0.337286650853397,0.190176322418136,1,0.84,1,0,8
"5565","340311811022",0.839235525576166,0.197099211603154,0.0463678516228748,1,0.8,0,0,5
"5566","340311811023",0.930543933054393,0.576997692009232,0.2143906020558,0.996652719665272,0.8,3,0,9
"5567","340311812001",0.853122251539138,0.282922868308527,0.105628373168851,1,0.8,0,0,2
"5568","340311812002",0.859271523178808,0.440574237703049,0.150395778364116,0.992549668874172,0.88,0,0,2
"5569","340311812003",0.879265091863517,0.121391514433942,0.175661375661376,0.995406824146982,0.92,1,1,3
"5570","340311813001",0.828021248339973,0.273162907348371,0.152823920265781,0.9800796812749,0.8,1,0,4
"5571","340311813002",0.760335530257639,0.170863316546734,0.115533980582524,0.99582338902148,0.88,2,1,7
"5572","340311813003",0.817434210526316,0.162167351330595,0.134575569358178,1,0.88,1,1,6
"5573","340311813004",1,NA,0.377682403433476,1,0.84,2,0,5
"5574","340311814001",0.767628205128205,0.205395178419286,0.0758835758835759,0.99198717948718,0.84,3,0,6
"5575","340311814002",0.869041095890411,0.14684341262635,0.148635936030103,0.974246575342466,0.88,2,1,6
"5576","340311815001",0.861213720316623,0.159675361298555,0.0639481000926784,0.996833773087071,0.88,1,1,9
"5577","340311815002",0.765706806282722,0.125371498514006,0.037940379403794,0.978403141361257,0.8,2,2,7
"5578","340311817021",0.81353591160221,0.155915376338495,0.0658049353701528,0.984116022099447,0.88,5,2,8
"5579","340311817022",0.667140825035562,0.141735433058268,0.0667209113100081,1,0.88,3,2,10
"5580","340311818001",0.78434940855323,0.13249947000212,0.239473684210526,0.812556869881711,0.96,5,4,11
"5581","340311818002",0.713749060856499,0.159167363330547,0.0354957160342717,0.966190833959429,0.8,4,1,10
"5582","340311818003",0.914634146341463,0.218823124707501,0.122857142857143,0.816,0.84,3,0,11
"5583","340311819001",0.681670281995662,0.399458402166391,0.0830564784053156,0.840540540540541,0.92,2,1,9
"5584","340311819002",0.786540483701367,0.346818612725549,0.381560283687943,0.511041009463722,0.64,0,0,3
"5585","340311819003",0.77319587628866,0.268610925556298,0.0568592057761733,0.846446011937059,0.8,0,0,3
"5586","340311819004",0.836244541484716,0.32999868000528,0.115241635687732,0.861353711790393,0.76,0,0,2
"5587","340311820001",0.582247051520795,0.181387274450902,0.111940298507463,0.959652389819988,0.88,3,2,8
"5588","340311821001",0.856096284667713,0.22749909000364,0.171062009978617,0.979591836734694,0.84,4,2,7
"5589","340311821002",0.85239852398524,0.207143171427314,0.108581436077058,0.905417814508724,0.88,1,1,7
"5590","340311821003",0.938752783964365,0.284050863796545,0.0885780885780886,0.976614699331849,0.8,4,1,10
"5591","340311822001",0.851660516605166,0.0876996492014032,0.0283950617283951,0.849194729136164,0.84,5,2,8
"5592","340311822002",0.798870056497175,0.113223547105812,0.0176991150442478,0.920338983050847,0.96,4,3,11
"5593","340311823011",0.72271223814774,0.272094911620354,0.0603448275862069,0.970231532524807,0.76,7,2,10
"5594","340311823021",0.647681041497152,NA,0.0170697012802276,0.993490642799024,0.84,2,1,7
"5595","340311823022",0.742756183745583,0.267102931588274,0.081913499344692,0.956826956826957,0.8,3,2,8
"5596","340311823023",0.765392781316348,0.681165275338899,0.174721189591078,1,0.8,3,1,9
"5597","340311823024",0.734342739160358,0.105335578657685,0.043141592920354,0.983617747440273,0.68,5,1,9
"5598","340311824001",0.767088607594937,0.272446910212359,0.239294710327456,0.947341772151899,0.76,2,1,5
"5599","340311824002",0.9032,0.243251026995892,0.0408805031446541,0.9848,0.84,3,1,6
"5600","340311824003",0.764550264550265,0.31375074499702,0.0700389105058366,1,0.84,4,1,6
"5601","340311824004",0.760600706713781,0.162999348002608,0.295904887714663,0.989399293286219,0.88,3,1,4
"5602","340311825011",0.714056224899598,0.305478778084888,0.0227531285551763,1,0.8,0,0,2
"5603","340311825012",1,0.347142611429554,0.272727272727273,0.65034965034965,0.76,0,0,1
"5604","340311825013",0.872476089266737,0.151923392306431,0.344774980930587,0.952709883103082,0.68,1,0,2
"5605","340311825014",0.776361529548088,NA,0.192537313432836,0.985260770975057,0.64,1,0,3
"5606","340311825021",0.900658895083629,0.223795104819581,0.144919168591224,0.819943289224953,0.96,0,0,0
"5607","340311825022",0.605095541401274,0.322998708005168,0.0876494023904383,0.999203821656051,0.76,0,0,2
"5608","340311826001",0.924487594390507,0.355566577733689,0.365684575389948,0.98705501618123,0.88,1,0,2
"5609","340311826002",0.841574167507568,0.355750576997692,0.175949367088608,0.957618567103935,0.64,1,1,3
"5610","340311826003",0.815563725490196,0.225999096003616,0.115596330275229,0.978553921568627,0.96,2,1,3
"5611","340311826004",0.897681854516387,0.470830116679533,0.0817477096546864,0.97841726618705,0.76,2,1,3
"5612","340311827011",0.794013191273465,0.207083171667313,0.156432748538012,0.991374936580416,0.88,3,1,9
"5613","340311827012",0.834302325581395,0.291762832948668,0.11044776119403,0.960271317829457,0.84,2,0,11
"5614","340311827013",0.562064156206416,0.228799084803661,0.0480769230769231,0.99721059972106,0.76,1,1,9
"5615","340311827021",0.72238514173998,0.224647101411594,0.103448275862069,1,0.96,2,1,7
"5616","340311827022",0.76172607879925,0.308626765492938,0.142857142857143,0.976547842401501,0.88,2,0,9
"5617","340311828001",0.92530897367007,0.0540477838088648,0.0813880126182965,0.972595378828587,0.76,5,1,10
"5618","340311828002",0.51984126984127,0.190467238131047,0.0387673956262425,0.955853174603175,0.96,7,5,14
"5619","340311829001",0.842300556586271,0.138271446914212,0.0577249575551783,0.888682745825603,0.96,6,1,9
"5620","340311829002",0.71899392888118,NA,0.0913793103448276,0.991326973113617,0.84,4,3,8
"5621","340311830011",0.736842105263158,0.204679181283275,0.0159509202453988,0.780427631578947,0.88,5,4,7
"5622","340311830012",0.748883928571429,0.240975036099856,0.119485294117647,0.341517857142857,0.88,3,2,5
"5623","340311830013",0.813609467455621,0.555861776552894,0.184412733260154,0.487426035502959,0.84,2,1,4
"5624","340311830021",1,NA,0.248587570621469,0.232604373757455,0.76,1,0,3
"5625","340311830022",0.887912087912088,0.0713797144811421,0.105982905982906,0.405494505494505,0.84,2,0,5
"5626","340311830023",0.543580131208997,0.221667113331547,0.0775602409638554,0.532333645735708,0.84,3,0,5
"5627","340311831011",0.799682034976153,0.282170871316515,0.202334630350195,0.65818759936407,0.84,0,0,3
"5628","340311831012",0.887945670628183,0.350998596005616,0.196369636963696,0.954725523486135,0.76,1,0,5
"5629","340311831013",0.834851936218679,0.302870788516846,0.151142355008787,0.83371298405467,0.88,1,1,6
"5630","340311831021",0.811349693251534,0.411410354358583,0.246260069044879,0.805981595092024,0.84,2,1,5
"5631","340311831022",0.757792539601431,0.301594793620826,0.097953216374269,0.985181400102197,0.84,2,1,11
"5632","340311831023",0.77729044834308,0.362118551525794,0.0659747961452928,0.793859649122807,0.88,4,4,9
"5633","340311832001",0.897411313518696,0.152423390306439,0.0611620795107034,0.980824544582934,1,6,4,14
"5634","340311832002",0.759799453053783,0.0686917252330991,0.160024524831392,0.922060164083865,0.96,7,2,13
"5635","340311964011",0.929458239277652,0.61064555741777,0.441002949852507,0.288374717832957,0.6,0,0,0
"5636","340311964012",0.97845953002611,0.447406210375158,0.275347912524851,0.198433420365535,0.64,0,0,0
"5637","340311964013",0.885773624091381,0.773432906268375,0.227436823104693,0.255451713395639,0.4,0,0,0
"5638","340311964031",0.96,0.294850820596718,0.498550724637681,0.336842105263158,0.48,0,0,0
"5639","340311964032",0.902676399026764,0.404434382262471,0.455266955266955,0.304622871046229,0.72,0,0,0
"5640","340311964041",0.929257641921397,0.597733609065564,0.32037691401649,0.195633187772926,0.48,0,0,0
"5641","340311964042",1,0.626289494842021,0.57633973710819,0.22051965356429,0.52,0,0,0
"5642","340311964043",0.983308042488619,0.26499894000424,0.302411873840445,0.112291350531108,0.4,0,0,0
"5643","340312036001",0.847590953785644,0.219771120915516,0.216609589041096,0.756637168141593,0.72,0,0,4
"5644","340312036002",0.813542688910697,0.256470974116104,0.252696456086287,0.832188420019627,0.8,0,0,4
"5645","340312036003",0.938953488372093,NA,0,0.930232558139535,0.84,3,0,5
"5646","340312036004",0.853535353535353,0.147915408338367,0.242384105960265,0.76969696969697,0.88,4,3,8
"5647","340312036005",0.950892857142857,0.229543081827673,0.318720379146919,0.688775510204082,0.72,3,0,6
"5648","340312167011",1,0.812236751052996,0.551724137931034,0.211714132186996,0.12,0,0,0
"5649","340312167012",0.9953509995351,0.555321778712885,0.482504604051565,0.0626428898033836,0.2,0,0,0
"5650","340312167013",0.926470588235294,0.481406074375702,0.506320691949434,0.166491596638655,0.08,0,0,0
"5651","340312167021",0.989010989010989,0.865248539005844,0.425047438330171,0.124164278892073,0.12,0,0,0
"5652","340312167022",0.896860986547085,0.497690009239963,0.465829145728643,0.333218351155571,0.28,0,0,0
"5653","340312167023",1,0.47749809000764,0.532154340836013,0.188755020080321,0.16,0,0,0
"5654","340312238011",0.951612903225806,0.4749981000076,0.170940170940171,0.201587301587302,0.72,0,0,0
"5655","340312238012",0.88328530259366,0.501133995464018,0.448936170212766,0.486311239193084,0.84,0,0,0
"5656","340312238013",0.909348441926346,0.415438338246647,0.476323119777159,0.339943342776204,0.76,0,0,0
"5657","340312238021",0.954188481675393,0.532057871768513,0.264765784114053,0.383507853403141,0.64,0,0,0
"5658","340312238022",0.989081567116249,0.345562617749529,0.231413612565445,0.536287732819525,0.84,0,0,0
"5659","340312238023",0.935768261964736,0.440414238343047,0.336906584992343,0.0314861460957179,0.76,0,0,0
"5660","340312238024",0.970046082949309,0.40249839000644,0.298789712556732,0.315668202764977,0.72,0,0,0
"5661","340312238025",1,0.452854188583246,0.37752808988764,0.125293657008614,0.68,0,0,0
"5662","340312238026",0.982950819672131,0.843884624461502,0.503081664098613,0.325367647058824,0.52,0,0,1
"5663","340312239001",1,NA,0.0223880597014925,0.0652173913043478,0.6,0,0,0
"5664","340312366011",0.910948905109489,0.65439338242647,0.536507936507936,0.435387673956262,0.48,0,0,0
"5665","340312366012",0.868146214099217,0.360766556933772,0.264248704663212,0.268929503916449,0.48,0,0,0
"5666","340312366013",0.970639032815199,0.401426394294423,0.20972972972973,0.425287356321839,0.56,0,0,0
"5667","340312366014",0.906940063091483,NA,0.256931608133087,0.464566929133858,0.6,0,0,0
"5668","340312366031",0.979259259259259,0.600689597241611,0.341701534170153,0.339753086419753,0.2,0,0,0
"5669","340312366032",1,0.445398218407126,0.58150289017341,0.0184971098265896,0.32,0,0,0
"5670","340312366041",1,0.353166587333651,0.20026525198939,0.197413793103448,0.28,0,0,0
"5671","340312366042",0.939108061749571,0.608545565817737,0.359375,0.145797598627787,0.4,0,0,0
"5672","340312366043",1,0.430234279062884,0.440251572327044,0.0436730123180291,0.36,0,0,0
"5673","340312460011",1,0.292714829140683,0.502941176470588,0.352429296591733,0.52,0,0,0
"5674","340312460012",0.98352295017654,0.56499774000904,0.55673947789025,0.410493827160494,0.36,0,0,0
"5675","340312460013",0.944179714091218,NA,0.283132530120482,0.598089171974522,0.64,0,0,0
"5676","340312460021",1,0.70499718001128,0.606120434353406,0.23489932885906,0.4,0,0,0
"5677","340312460022",0.971370143149284,0.714641141435434,0.453333333333333,0.163716814159292,0.48,0,0,0
"5678","340312460023",1,0.696665213339147,0.722044728434505,0.151088348271447,0.24,0,0,0
"5679","340312460031",0.969018932874355,0.627317490730037,0.551181102362205,0.154044750430293,0.48,0,0,0
"5680","340312460032",0.994892167990919,NA,0.824027072758037,0.185584562996595,0.6,0,0,0
"5681","340312460033",0.868371212121212,0.718029127883488,0.498320268756999,0.428571428571429,0.56,0,0,0
"5682","340312460034",1,0.591665633337467,0.413725490196078,0.282136894824708,0.6,0,0,0
"5683","340312460035",1,1,0.907142857142857,0.288315629742033,0.44,0,0,0
"5684","340312460036",0.955635491606715,0.665905336378654,0.554455445544555,0.220623501199041,0.36,0,0,0
"5685","340312461011",0.967065868263473,0.235467058131767,0.537751677852349,0.175149700598802,0.56,0,0,0
"5686","340312461012",0.973975276512687,0.670713317146731,0.697959183673469,0.275211450878334,0.68,0,0,0
"5687","340312461013",0.973830973830974,0.983972064111744,0.76405325443787,0.284856284856285,0.48,0,0,0
"5688","340312461014",0.997715156130998,0.683569265722937,0.837514934289128,0.154805575935437,0.56,0,0,0
"5689","340312461021",0.930810171496156,0.402774388902444,0.498511904761905,0.395623891188646,0.44,0,0,0
"5690","340312461022",0.975652173913043,0.370974516101936,0.68459152016546,0.603478260869565,0.4,0,0,0
"5691","340312461031",0.953096539162113,0.392790428838285,0.615446500402253,0.102459016393443,0.8,0,0,0
"5692","340312461032",0.873879258816497,0.603497586009656,0.617370892018779,0.202208018593841,0.6,0,0,0
"5693","340312461033",0.987735849056604,0.664813340746637,0.514246947082768,0.442669172932331,0.56,0,0,0
"5694","340312461034",1,0.665881336474654,0.477312390924956,0.196506550218341,0.52,0,0,0
"5695","340312461041",0.920980926430518,0.584625661497354,0.417877094972067,0.243869209809264,0.44,0,0,0
"5696","340312461042",0.980132450331126,0.157223371106516,0.416113744075829,0.176600441501104,0.68,0,0,0
"5697","340312462011",0.887258172114743,0.751516993932024,0.549662487945998,0.0733822548365577,0.44,0,0,0
"5698","340312462012",0.988919667590028,0.702769188923244,0.473042362002567,0.23760241483398,0.64,0,0,0
"5699","340312462013",0.965830607051981,0.746469014123944,0.532853717026379,0.183933115230825,0.52,0,0,0
"5700","340312462021",0.950141110065851,0.876280494878021,0.646627565982405,0.204139228598307,0.4,0,0,0
"5701","340312462022",1,0.644701421194315,0.592944369063772,0.212268743914314,0.48,0,0,0
"5702","340312462023",0.983554376657825,0.917772328910684,0.696495152870992,0.237135278514589,0.6,0,0,0
"5703","340312462024",0.947643979057592,0.695497218011128,0.618135376756066,0.103839441535777,0.76,0,0,0
"5704","340312462031",0.977407847800238,0.545997816008736,0.455719557195572,0.241379310344828,0.56,0,0,0
"5705","340312462032",0.88508064516129,0.492914028343887,0.459459459459459,0.304435483870968,0.76,0,0,0
"5706","340312462033",1,0.769684921260315,0.487714987714988,0.165686274509804,0.72,0,0,0
"5707","340312463001",1,0.5437498250007,0.413972888425443,0.407697790449038,0.88,0,0,0
"5708","340312463002",0.844915254237288,0.161667353330587,0.160963244613435,0.36864406779661,0.88,0,0,0
"5709","340312463003",0.920581113801453,0.496666013335947,0.517917511832319,0.312832929782082,0.76,0,0,0
"5710","340312568011",0.971986417657046,0.479470082119672,0.356079404466501,0.121392190152801,0.12,0,0,0
"5711","340312568012",0.966638865721435,0.5812496750013,0.358024691358025,0.0692243536280234,0.16,0,0,0
"5712","340312568013",0.967914438502674,0.552665789336843,0.464488636363636,0.161497326203209,0.2,0,0,0
"5713","340312568014",0.99492385786802,0.44062223751105,0.438251366120219,0.127749576988156,0.2,0,0,0
"5714","340312568021",0.967613636363636,0.70815316738733,0.436290322580645,0.192613636363636,0.2,0,0,0
"5715","340312568022",0.909255898366606,0.478242087031652,0.404669260700389,0.0199637023593466,0.16,0,0,0
"5716","340312568023",1,0.609089563641745,0.174736842105263,0.105769230769231,0.36,0,0,0
"5717","340312568024",1,0.585353658585366,0.433179723502304,0.19375,0.16,0,0,0
"5718","340312568031",0.967470555243971,0.359750560997756,0.47463768115942,0.260235558048233,0.28,0,0,0
"5719","340312568032",0.98062015503876,0.26313494746021,0.33608336951802,0.109109802563214,0.28,0,0,0
"5720","340312568041",0.977962577962578,0.693885224459102,0.442988204456094,0.0615384615384615,0.12,0,0,0
"5721","340312568042",0.983098591549296,0.637893448426206,0.430173292558614,0.222984562607204,0.16,0,0,0
"5722","340312568043",0.991946308724832,0.525805896776413,0.3609375,0.0859060402684564,0.24,0,0,0
"5723","340312568044",0.909015025041736,0.510353958584166,0.182232346241458,0.0325542570951586,0.2,0,0,0
"5724","340312568051",0.995451099317665,0.462318150727397,0.41316685584563,0.154662623199393,0.24,0,0,0
"5725","340312568052",1,0.510329958680165,0.415867480383609,0.0484610347085789,0.2,0,0,0
"5726","340312568053",0.935086277732128,0.43999824000704,0.399728997289973,0.202136400986031,0.28,0,0,0
"5727","340312641011",0.936725375081539,0.319754720981116,0.316950852557673,0.46836268754077,0.8,0,0,0
"5728","340312641012",0.898052691867125,0.28249887000452,0.352045670789724,0.528636884306987,0.68,0,0,0
"5729","340312641013",0.987637362637363,0.576425694297223,0.43557168784029,0.563186813186813,0.8,0,0,0
"5730","340312641014",0.829411764705882,0.243311026755893,0.300653594771242,0.605882352941176,0.88,0,0,0
"5731","340312641021",0.979634464751958,0.486386054455782,0.684014869888476,0.242708333333333,0.72,0,0,3
"5732","340312641022",0.969230769230769,0.402998388006448,0.390423572744015,0.493706293706294,0.76,0,0,0
"5733","340312641023",0.979288608734804,0.367094531621873,0.345138441725692,0.40117064385412,0.76,0,0,0
"5734","340312641024",0.740850642927794,0.448458206167175,0.375539568345324,0.056379821958457,0.64,0,0,0
"5735","340312641025",0.899055918663762,0.372666509333963,0.441068139963168,0.381989832970225,0.92,0,0,0
"5736","340312642001",0.776541961577351,0.187083251666993,0,1,0.8,4,4,7
"5737","340312642002",0.808277027027027,0.170331318674725,0.133725820016821,0.910472972972973,0.92,4,1,12
"5738","340312642003",0.892425206874602,0.0761396954412182,0.0356435643564356,1,0.96,7,5,10
"5739","340330201001",0.913754227733935,0.428886284454862,0.313973063973064,0.135851183765502,0.88,0,0,0
"5740","340330202001",0.943661971830986,NA,0.103225806451613,0.607198748043818,0.64,0,0,0
"5741","340330202002",0.855920114122682,0.167667329330683,0.19047619047619,0.793152639087018,0.76,0,0,0
"5742","340330203001",0.965250965250965,NA,0.17877094972067,0.553667953667954,0.72,0,0,0
"5743","340330203002",0.914950166112957,NA,0.0297339593114241,0.803322259136213,0.72,0,0,0
"5744","340330204001",0.969847328244275,0.280290878836485,0.12279792746114,0.569303338171263,0.72,0,0,0
"5745","340330205001",1,0.341570633717465,0.335958005249344,0.67398119122257,0.68,0,0,0
"5746","340330205002",0.964476885644769,0.305230779076884,0.129618768328446,0.248461902508282,0.76,0,0,0
"5747","340330206001",0.964996022275259,0.358498566005736,0.223260643821391,0.292760540970565,0.76,0,0,0
"5748","340330206002",0.948350071736011,0.212935148259407,0.137422360248447,0.154957321076822,0.8,0,0,0
"5749","340330207001",0.920039486673248,0.61999752000992,0.427424336009883,0.218705035971223,0.52,0,0,0
"5750","340330207002",0.973404255319149,0.516537933848265,0.382775119617225,0.145390070921986,0.36,0,0,0
"5751","340330207003",0.918032786885246,0.360354558581766,0.259370314842579,0.167016806722689,0.48,0,0,0
"5752","340330208001",0.942779291553134,0.297222811108756,0.336752136752137,0.128065395095368,0.56,0,0,0
"5753","340330208002",0.950600801068091,0.525765896936412,0.532291666666667,0.120160213618158,0.64,0,0,0
"5754","340330208003",0.988259668508287,0.371666513333947,0.337650323774283,0.167127071823204,0.6,0,0,0
"5755","340330209001",0.961960497439649,0.37999848000608,0.302895322939866,0.128017556693489,0.36,0,0,0
"5756","340330209002",0.971101145989038,0.291998832004672,0.256990679094541,0.12760795730228,0.36,0,0,0
"5757","340330210001",0.961538461538462,0.368518525925896,0.221206581352834,0.131009615384615,0.48,0,0,0
"5758","340330210002",0.880733944954128,0.321666713333147,0.296296296296296,0.0252293577981651,0.4,0,0,0
"5759","340330211011",0.991536748329621,0.464682141271435,0.281619937694704,0.0926503340757238,0.24,0,0,0
"5760","340330211012",0.961319218241042,0.299010803956784,0.189645776566757,0.0837359098228663,0.24,0,0,0
"5761","340330211021",0.986232790988736,0.306818772724909,0.2912,0.123904881101377,0.28,0,0,0
"5762","340330211022",0.978835978835979,0.163399346402614,0.271130625686059,0.688492063492063,0.2,1,0,1
"5763","340330211023",0.943653618030842,0.33435866256535,0.25963149078727,0.274587833996589,0.44,0,0,0
"5764","340330212011",0.952713178294574,0.406922372310511,0.323915237134208,0.1,0.36,0,0,0
"5765","340330212012",0.977307110438729,0.457330170679317,0.337264150943396,0.18372441337993,0.2,0,0,0
"5766","340330212021",0.975270479134467,0.31999872000512,0.223458038422649,0.212132921174652,0.32,0,0,0
"5767","340330213001",0.968325791855204,0.515273938904244,0.232179226069246,0.286916602907422,0.52,0,0,0
"5768","340330213002",0.962577962577963,0.34312262750949,0.158924205378973,0.267379679144385,0.6,0,0,1
"5769","340330214001",0.917545541706616,0.286110855556578,0.242424242424242,0.169702780441035,0.8,0,0,0
"5770","340330214002",0.944,0.30999876000496,0.146927871772039,0.137333333333333,0.72,0,0,0
"5771","340330215001",0.935138183869148,0.362378550485798,0.188034188034188,0.108855047941342,0.96,0,0,0
"5772","340330216001",0.90117994100295,0.288370846516614,0.305835010060362,0,0.76,0,0,0
"5773","340330216002",0.895027624309392,0.219167123331507,0.144955925563173,0.176006314127861,0.68,0,0,0
"5774","340330216003",0.938775510204082,0.327074691701233,0.142028985507246,0.118152524167562,0.52,0,0,0
"5775","340330216004",1,0.275098899604402,0.486088379705401,0.103674540682415,0.64,0,0,0
"5776","340330216005",0.962835512732278,0.300694797220811,0.145958986731001,0.030970406056435,0.48,1,0,1
"5777","340330217001",0.976858032932799,0.283234867060532,0.0931054802592811,0.174202127659574,0.6,0,0,1
"5778","340330219001",0.956043956043956,0.18999924000304,0.136482939632546,0.631868131868132,0.8,1,1,1
"5779","340330220001",0.958059626073775,0.11999952000192,0.0612959719789842,0.821627084386054,0.72,0,0,1
"5780","340330221001",0.95863309352518,0.136363454546182,0.142329020332717,0.647482014388489,0.72,1,1,1
"5781","340330222011",0.873303167420814,0.347774608901564,0.0924170616113744,0.0799396681749623,0.36,0,0,0
"5782","340330222012",0.925373134328358,0.277222891108436,0.1575,0.0467661691542289,0.2,0,0,0
"5783","340330222021",0.941040462427746,0.348998604005584,0.202786377708978,0.213547646383467,0.32,0,0,1
"5784","340350501001",0.972222222222222,0.277882888468446,0.466666666666667,0.49859943977591,0.68,3,1,4
"5785","340350501002",0.944823663253697,0.358998564005744,0.557902403495994,0.337883959044369,0.72,3,2,4
"5786","340350502001",1,0.527785888856445,0.493273542600897,0.690453230472517,0.6,1,1,3
"5787","340350502002",0.891981719983382,0.34689061243755,0.519895629484671,0.718321562110511,0.64,0,0,4
"5788","340350503001",0.992584745762712,0.466794132823469,0.596879063719116,0.23728813559322,0.64,2,1,4
"5789","340350503002",0.968208092485549,0.414462342150631,0.633273703041145,0.320809248554913,0.64,4,2,5
"5790","340350503003",0.963355834136933,0.479470082119672,0.691790040376851,0.421407907425265,0.68,1,1,3
"5791","340350503004",0.994108983799705,0.616313534745861,0.618852459016393,0.288659793814433,0.56,1,1,4
"5792","340350504001",0.900534759358289,0.505249979000084,0.480218281036835,0.565775401069519,0.68,3,2,5
"5793","340350504002",0.784478238070267,0.354114583541666,0.453879941434846,0.528578919769271,0.76,5,3,5
"5794","340350505001",0.818401937046005,0.351978592085632,0.347398030942335,0.524818401937046,0.72,2,2,3
"5795","340350505002",0.885913229780396,0.409702361190555,0.303680981595092,0.563470808784146,0.6,2,2,2
"5796","340350506001",0.917015607156452,0.451666193335227,0.349870801033592,0.50970688998858,0.64,0,0,0
"5797","340350506002",0.958897711349836,0.417578329686681,0.491216216216216,0.267749419953596,0.64,2,0,2
"5798","340350507011",0.990985189954926,0.541497834008664,0.432806324110672,0.327752736638764,0.56,0,0,0
"5799","340350507012",0.962915601023018,0.5749977000092,0.557142857142857,0.272554002541296,0.52,0,0,0
"5800","340350507013",1,0.557385770456918,0.696261682242991,0.397909407665505,0.4,0,0,0
"5801","340350507031",0.989789196310935,0.812196751212995,0.695856873822976,0.621541501976285,0.56,0,0,0
"5802","340350507032",0.968359087564386,0.159271362914548,0.564787339268051,0.564868804664723,0.56,2,0,3
"5803","340350507041",1,0.858632565469738,0.68733153638814,0.711304347826087,0.64,0,0,0
"5804","340350507042",0.982780344393112,0.781760872956508,0.73185595567867,0.70432591348173,0.48,0,0,0
"5805","340350507043",1,NA,0,0.0238095238095238,0.6,0,0,0
"5806","340350507044",0.975457732761979,0.610453558185767,0.579558011049724,0.350214257888586,0.52,0,0,0
"5807","340350508011",0.952404317958783,0.889280442878228,0.727132974634896,0.140824337585868,0.4,0,0,0
"5808","340350508012",0.985413290113452,0.553997784008864,0.388489208633094,0.407370015143867,0.64,0,0,0
"5809","340350508021",0.97622027534418,0.54437382250471,0.689200329760923,0.515018773466834,0.48,0,0,0
"5810","340350508022",0.997098646034816,0.768596925612298,0.569567240577013,0.337465137898977,0.48,0,0,0
"5811","340350509011",0.997171145685997,0.77937288250847,0.745083758193736,0.255068363979255,0.4,0,0,0
"5812","340350509012",0.994336951392166,0.585497658009368,0.588620013080445,0.189712128362435,0.4,0,0,0
"5813","340350509013",0.96969696969697,0.794280822876709,0.708527131782946,0.206896551724138,0.16,0,0,0
"5814","340350509021",0.996501749125437,0.636425454298183,0.620512820512821,0.259027443428021,0.72,0,0,0
"5815","340350509022",0.96529284164859,0.613665545337819,0.62125748502994,0.303817603393425,0.76,0,0,2
"5816","340350509031",0.999112688553682,0.648329406682373,0.700132100396301,0.288376220053239,0.44,0,0,0
"5817","340350509032",0.991911021233569,0.849496602013592,0.745961820851689,0.358948432760364,0.2,0,0,0
"5818","340350509033",1,1,0.728070175438597,0.322014051522248,0.44,0,0,0
"5819","340350509034",0.995046001415428,0.857724569101724,0.899295065458207,0.341825902335456,0.24,0,0,0
"5820","340350510001",0.995876288659794,0.350750596997612,0.329716193656094,0.462245567957978,0.76,1,1,4
"5821","340350510002",0.965069860279441,0.358366566533734,0.209411764705882,0.477045908183633,0.96,0,0,1
"5822","340350510003",0.954649564819056,0.504329982680069,0.586132177681473,0.589572192513369,0.84,3,3,5
"5823","340350510004",0.935217391304348,0.48687405250379,0.518243243243243,0.412608695652174,0.84,0,0,1
"5824","340350511001",0.745410036719706,0.214543141827433,0.376511226252159,0.824357405140759,0.88,0,0,0
"5825","340350511002",0.801649484536082,0.247983008067968,0.24299634591961,0.661030927835052,0.92,0,0,0
"5826","340350512001",0.808979246082169,0.306038775844897,0.30487106017192,0.770436255823803,0.88,0,0,0
"5827","340350512002",0.824701195219124,0.359662561349755,0.199324324324324,0.582470119521912,0.92,0,0,0
"5828","340350512003",0.772631578947368,0.27375090499638,0.163920922570016,0.820526315789474,0.96,0,0,0
"5829","340350513001",0.935211267605634,0.530829876680493,0.494883720930233,0.277464788732394,0.76,0,0,0
"5830","340350513002",0.965971459934138,0.36749853000588,0.352685050798258,0.296377607025247,0.76,0,0,0
"5831","340350514001",0.969151670951157,0.296666813332747,0.184041184041184,0.469580119965724,0.76,0,0,0
"5832","340350514002",0.978185993111366,0.374230503077988,0.32129963898917,0.181400688863375,0.76,0,0,0
"5833","340350514003",0.97673434856176,0.438598245607018,0.268070574843483,0.170896785109983,0.8,0,0,0
"5834","340350515001",0.975216365066876,0.332270670917316,0.342911877394636,0.506811989100817,0.76,0,0,0
"5835","340350515002",0.902612826603325,0.337346650613398,0.212871287128713,0.583135391923991,0.72,0,0,0
"5836","340350516001",0.904545454545455,0.25749897000412,0.327250608272506,0.446590909090909,0.8,0,0,1
"5837","340350516002",0.954979536152797,0.284670861316555,0.295508274231678,0.198726693951796,0.72,0,0,2
"5838","340350517001",0.743430482560917,0.351922592309631,0.261387526278907,0.766364070711897,0.68,0,0,1
"5839","340350517002",0.836734693877551,0.132999468002128,0.104812834224599,0.921390778533636,0.64,1,1,5
"5840","340350517003",0.724646226415094,NA,0.164303586321935,0.820754716981132,0.56,0,0,3
"5841","340350518001",0.731364275668073,0.394718421126315,0.0901320901320901,0.981247069854665,0.64,0,0,2
"5842","340350518002",0.960031974420464,0.607997568009728,0.329084588644264,0.589128697042366,0.52,0,0,4
"5843","340350518003",0.670886075949367,0.252222991108036,0.212244897959184,0.802893309222423,0.64,4,1,4
"5844","340350519001",0.937014314928425,0.566069735721057,0.39015606242497,0.610633946830266,0.8,0,0,0
"5845","340350519002",0.998659517426273,0.553917784328863,0.528028933092224,0.599195710455764,0.68,1,0,3
"5846","340350519003",0.867112810707457,0.419210323158707,0.442737430167598,0.755258126195029,0.68,0,0,0
"5847","340350520011",0.918396564065855,0.349034603861585,0.422606924643585,0.574803149606299,0.72,0,0,3
"5848","340350520012",0.854910714285714,0.38875044499822,0.465804066543438,0.797619047619048,0.6,0,0,4
"5849","340350520013",0.802304964539007,0.486386054455782,0.288690476190476,0.823581560283688,0.64,0,0,4
"5850","340350520021",0.904864864864865,0.219671121315515,0.211538461538462,0.650810810810811,0.68,0,0,0
"5851","340350520022",0.879239040529363,0.273798904804381,0.313924050632911,0.911497105045492,0.64,0,0,0
"5852","340350520023",0.769130434782609,0.20873116507534,0.301189730745147,0.842173913043478,0.68,0,0,0
"5853","340350521001",0.964972527472527,0.677433290266839,0.495395948434622,0.480769230769231,0.6,0,0,0
"5854","340350521002",0.906468531468531,0.392222431110276,0.32814371257485,0.40395256916996,0.84,0,0,0
"5855","340350521003",0.904607397793641,0.876360494558022,0.550155118924509,0.197923426346528,0.8,0,0,0
"5856","340350521004",0.924647364513734,1,0.610079575596817,0.575352635486266,0.6,0,0,0
"5857","340350522011",0.94949494949495,0.706997172011312,0.542149631190727,0.427609427609428,0.68,0,0,0
"5858","340350522012",0.991519674355495,0.578945684217263,0.629886194952994,0.331411126187246,0.72,0,0,0
"5859","340350522031",0.994660564454615,1,0.701952723535457,0.2372234935164,0.36,0,0,0
"5860","340350522032",0.994845360824742,0.75499698001208,0.718413597733711,0.332430340557276,0.48,0,0,0
"5861","340350522033",1,1,0.767441860465116,0.356046065259117,0.28,0,0,0
"5862","340350522041",0.973061760840999,0.77124891500434,0.680744092508798,0.223390275952694,0.44,0,0,0
"5863","340350522042",0.953785211267606,1,0.712523133867983,0.232394366197183,0.56,0,0,0
"5864","340350523001",1,0.877164491342035,0.679640718562874,0.0939947780678851,0.56,0,0,0
"5865","340350523002",0.994137046537193,0.64249743001028,0.631526603679761,0.350940665701881,0.84,0,0,0
"5866","340350523003",0.990704500978474,0.446974212103152,0.523865645256335,0.246581801037247,0.64,0,0,0
"5867","340350524001",1,0.318998724005104,0.66577718478986,0.195642095503013,0.28,0,0,0
"5868","340350524002",0.968533333333333,0.882688469246123,0.828082808280828,0.1024,0.4,0,0,0
"5869","340350524003",0.987882285054818,0.997220011119956,0.812935323383085,0.199653779572995,0.48,0,0,0
"5870","340350526031",1,0.383498466006136,0.742924528301887,0.379185520361991,0.24,0,0,0
"5871","340350526032",0.98755980861244,1,0.704530087897228,0.216666666666667,0.24,0,0,0
"5872","340350526033",0.980966325036603,NA,0.63023679417122,0.300878477306003,0.24,0,0,0
"5873","340350526041",1,0.752328990684037,0.783368644067797,0.289094650205761,0.4,0,0,0
"5874","340350526042",0.895209580838323,NA,0.652709359605911,0.223709369024857,0.36,0,0,0
"5875","340350526051",0.991789819376026,1,0.864643150123052,0.719211822660099,0.24,0,0,0
"5876","340350526052",1,0.919024323902704,0.88597210828548,0.618079096045198,0.2,0,0,0
"5877","340350526053",0.974646226415094,0.783996864012544,0.865255052935515,0.537735849056604,0.24,0,0,0
"5878","340350527011",0.95801749271137,0.6812492750029,0.528510638297872,0.187755102040816,0.4,0,0,0
"5879","340350527012",0.866552119129439,0.66999732001072,0.542725173210162,0.262313860252005,0.4,0,0,0
"5880","340350527013",0.980874316939891,1,0.853900709219858,0.191256830601093,0.12,0,0,0
"5881","340350527021",0.969303423848878,1,0.795681063122924,0.110979929161747,0.12,0,0,0
"5882","340350527022",0.94842868654311,0.883924464302143,0.799240025332489,0.0273972602739726,0.4,0,0,0
"5883","340350528001",0.927505330490405,0.767644929420282,0.668485675306958,0.111940298507463,0.4,0,0,0
"5884","340350528002",0.825407608695652,0.561109755560978,0.631360332294912,0.264941466420209,0.2,0,0,0
"5885","340350529011",0.936962750716332,0.580553677785289,0.604010025062657,0.159503342884432,0.36,0,0,0
"5886","340350529041",0.932293803857202,0.56689373242507,0.538701622971286,0.287940935192781,0.36,0,0,0
"5887","340350529051",0.950062421972534,0.511925952296191,0.673425054308472,0.285268414481898,0.28,0,0,0
"5888","340350529052",0.976949152542373,0.614465542137831,0.717355371900826,0.302372881355932,0.28,0,0,0
"5889","340350529061",0.99917149958575,0.309722761108956,0.669829222011385,0.362817362817363,0.44,0,0,0
"5890","340350529062",0.939032471835653,0.483682065271739,0.558620689655172,0.420808482438701,0.28,0,0,0
"5891","340350530001",0.797385620915033,0.315454738181047,0.303082191780822,0.647653000594177,0.92,0,0,0
"5892","340350530002",0.906200317965024,0.411346354614582,0.193370165745856,0.462639109697933,0.88,0,0,0
"5893","340350530003",0.904059040590406,0.345678617285531,0.297117516629712,0.573010015814444,0.92,0,0,0
"5894","340350531021",0.960992907801418,NA,0.461968680089485,0.724290780141844,0.64,0,0,0
"5895","340350531022",0.970942299709423,0.383878464486142,0.649553571428571,0.723536737235367,0.72,0,0,0
"5896","340350531031",0.945476333133613,0.544641821432714,0.507030603804797,0.796884361893349,0.6,0,0,0
"5897","340350531032",0.97389412617839,0.852436590253639,0.454816285998014,0.663434903047091,0.68,0,0,0
"5898","340350531033",0.982745098039216,0.552405790376838,0.575501583949314,0.594509803921569,0.64,0,0,0
"5899","340350531051",0.985346358792185,0.442998228007088,0.63236337828247,0.646813827571845,0.64,0,0,0
"5900","340350531052",0.920508744038156,0.555497778008888,0.651841556636553,0.623741388447271,0.52,0,0,0
"5901","340350531053",0.994291151284491,0.479954080183679,0.645311589982528,0.709350529709811,0.64,0,0,0
"5902","340350531054",0.988916256157635,0.611361554553782,0.691525423728814,0.550492610837438,0.48,0,0,0
"5903","340350532001",0.850303951367781,0.451458194167223,0.30384167636787,0.785714285714286,0.72,1,0,4
"5904","340350532002",0.483267158252978,0.376962492150031,0.110948905109489,0.967101531480431,0.64,0,0,3
"5905","340350532003",0.871986222732491,0.510733957064172,0.170031880977683,0.898966704936854,0.76,0,0,0
"5906","340350532004",0.982264665757162,0.395282418870325,0.512596899224806,0.845156889495225,0.64,0,0,0
"5907","340350532005",0.953242835595777,0.318510725957096,0.259770114942529,0.526395173453997,0.6,0,0,0
"5908","340350533001",0.924022346368715,0.223331106675573,0.294008647313156,0.941899441340782,0.84,0,0,0
"5909","340350533002",0.878582202111614,0.440882236471054,0.239085239085239,0.927601809954751,0.8,2,0,3
"5910","340350533003",0.575384615384615,0.288478846084616,0.238255033557047,0.882197802197802,0.72,4,0,5
"5911","340350534021",0.945368171021378,0.484838060647757,0.68349970640047,0.77331486611265,0.52,0,0,0
"5912","340350534022",1,0.927688289246843,0.622222222222222,0.0166666666666667,0.4,0,0,0
"5913","340350534023",0.942865779927449,0.736617053531786,0.766823831975997,0.592805320435308,0.48,0,0,0
"5914","340350534024",1,0.438330246679013,0.615546218487395,0.606015037593985,0.36,0,0,0
"5915","340350534031",0.980569049271339,0.422630309478762,0.536121673003802,0.92852185981957,0.56,0,0,0
"5916","340350534032",0.986232790988736,NA,0.388984509466437,0.734668335419274,0.6,0,0,0
"5917","340350534033",0.927246790299572,NA,0.761016949152542,0.737517831669044,0.6,0,0,0
"5918","340350534051",0.81798325445941,0.475238099047604,0.629742033383915,0.73753185293047,0.68,0,0,0
"5919","340350534052",0.958820255982193,0.862388550445798,0.876142975893599,0.342237061769616,0.48,0,0,0
"5920","340350534061",0.944995491433724,0.406054375782497,0.770100502512563,0.69882777276826,0.52,0,0,0
"5921","340350534062",0.969076226117786,0.451330194679221,0.570292530531099,0.780776048847745,0.6,0,0,0
"5922","340350535011",0.99089469517023,0.377914488342047,0.657059314954052,0.34006334125099,0.48,0,0,0
"5923","340350535012",0.952758620689655,0.583845664617342,0.633817427385892,0.701027397260274,0.92,0,0,0
"5924","340350536021",0.99298115995567,0.881832472670109,0.75577026301664,0.108237901736239,0.44,0,0,0
"5925","340350536022",0.976065382370111,0.574105703577186,0.633950120675784,0.373613543490952,0.4,0,0,0
"5926","340350536023",0.941446028513238,0.8249967000132,0.743311036789298,0.423625254582485,0.52,0,0,0
"5927","340350536031",1,0.643997424010304,0.653333333333333,0.220921155347385,0.68,0,0,0
"5928","340350536032",0.939969604863222,0.680997276010896,0.731796116504854,0.284954407294833,0.4,0,0,0
"5929","340350536033",1,0.479230083079668,0.454391891891892,0.10760667903525,0.56,0,0,0
"5930","340350536041",0.989869143098354,0.539497842008632,0.615686274509804,0.372367312552654,0.6,0,0,0
"5931","340350536042",0.945295404814004,0.733329066683733,0.583153347732181,0.207877461706783,0.52,0,0,0
"5932","340350537031",0.972436604189636,0.498886004455982,0.432506887052342,0.0893054024255788,0.36,0,0,0
"5933","340350537032",0.994088087496305,0.811816752732989,0.571103008204193,0.458468814661543,0.32,0,0,0
"5934","340350537041",0.979775280898876,0.806664773340907,0.714626391096979,0.242134831460674,0.28,0,0,0
"5935","340350537042",0.940114848236259,0.673885304458782,0.63355408388521,0.172272354388843,0.52,0,0,0
"5936","340350537051",0.892857142857143,0.442878228487086,0.461029411764706,0.463690476190476,0.4,0,0,0
"5937","340350537052",0.988063660477454,0.404642381430474,0.676497695852535,0.684350132625995,0.32,0,0,0
"5938","340350537053",1,0.712033151867393,0.617142857142857,0.257142857142857,0.48,0,0,0
"5939","340350537054",0.902828618968386,0.546345814616742,0.457418788410887,0.319800332778702,0.56,0,0,0
"5940","340350537061",0.956373937677054,0.580293678825285,0.762699014404852,0.266478873239437,0.36,0,0,0
"5941","340350537062",0.994113799869196,0.802140791436834,0.712280701754386,0.229561805101373,0.28,0,0,0
"5942","340350537063",1,0.78624885500458,0.614285714285714,0.57197844495766,0.48,0,0,0
"5943","340350537071",0.983895705521472,0.62124951500194,0.503846153846154,0.191884456671252,0.44,0,0,0
"5944","340350537072",0.970858283433134,0.858176567293731,0.685897435897436,0.330938123752495,0.28,0,0,0
"5945","340350538011",0.852739726027397,0.535713857144571,0.478371501272265,0.36472602739726,0.56,0,0,0
"5946","340350538041",0.994388327721661,0.480998076007696,0.469183359013867,0.47248471372985,0.76,0,0,3
"5947","340350538042",0.954113924050633,0.467202131191475,0.639262934089298,0.534282700421941,0.6,0,0,0
"5948","340350538043",0.873048907388137,0.334442662229351,0.260762607626076,0.425598335067638,0.64,0,0,0
"5949","340350538051",0.928129829984544,0.739541041835833,0.627882599580713,0.360123647604328,0.72,0,0,3
"5950","340350538052",0.982574060243963,0.440970236119056,0.535073409461664,0.35429561772716,0.84,0,0,0
"5951","340350538053",1,0.475342098631605,0.390459363957597,0.0666666666666667,0.68,0,0,0
"5952","340350538061",0.99297520661157,0.701517193931224,0.691733639494834,0.355785123966942,0.52,0,0,0
"5953","340350538071",0.986690865093769,0.95499618001528,0.7004329004329,0.423472474289171,0.36,0,0,0
"5954","340350538072",1,1,0.897183098591549,0.498657117278424,0.36,0,0,0
"5955","340350538073",1,1,0.680104031209363,0.283928571428571,0.4,0,0,0
"5956","340350538074",0.996384453148539,1,0.868241469816273,0.530280204880988,0.4,0,0,0
"5957","340350539011",0.986146095717884,0.50499798000808,0.766666666666667,0.163727959697733,0.6,0,0,0
"5958","340350539041",0.977674418604651,1,0.833333333333333,0.226976744186047,0.44,0,0,0
"5959","340350539042",0.996470588235294,0.966664133343467,0.772173913043478,0.532549019607843,0.36,0,0,0
"5960","340350539051",1,0.708925164299343,0.80259222333001,0.769911504424779,0.48,0,0,0
"5961","340350539052",1,1,0.812127774769897,0.493537015276146,0.32,0,0,0
"5962","340350539053",1,1,0.934150076569678,0.574430823117338,0.28,0,0,0
"5963","340350541001",0.975135135135135,1,0.474619289340102,0.186159844054581,0.28,0,0,0
"5964","340350541002",0.981113801452784,0.593329626681493,0.747482014388489,0.564925730713943,0.2,0,0,0
"5965","340350541003",0.955427749820273,0.837688649245403,0.62736660929432,0.318435754189944,0.32,0,0,0
"5966","340350541004",0.932150313152401,0.475998096007616,0.582375478927203,0.424843423799582,0.12,0,0,0
"5967","340350541005",0.958316633266533,1,0.705466237942122,0.343887775551102,0.4,0,0,0
"5968","340350542011",1,1,0.920393559928444,0.305421363392378,0.36,0,0,0
"5969","340350542012",1,1,0.934510669610007,0.42906918865107,0.28,0,0,0
"5970","340350542013",0.959105779716467,0.662305350778597,0.861538461538462,0.650490730643402,0.4,0,0,0
"5971","340350542014",1,0.23875104499582,0.548829701372074,0.393631436314363,0.4,0,0,0
"5972","340350542021",0.957075788061704,0.764496942012232,0.663627152988855,0.411147540983607,0.32,0,0,0
"5973","340350542022",0.995495495495496,0.83812064751741,0.706015037593985,0.461711711711712,0.32,0,0,0
"5974","340350542023",0.980029585798817,0.953496186015256,0.738394320043692,0.458579881656805,0.44,0,0,0
"5975","340350543011",1,0.380310478758085,0.660609613130129,0.295427901524033,0.6,0,0,0
"5976","340350543012",1,0.610469558121768,0.628043660789253,0.628917378917379,0.68,0,0,0
"5977","340350543021",0.977332630469162,0.319666721333115,0.593792172739541,0.619399051133368,0.52,0,0,0
"5978","340350543022",1,0.374410502357991,0.680555555555556,0.468507333908542,0.64,0,0,0
"5979","340350543023",0.935856992639327,0.439890240439038,0.530844155844156,0.606729758149317,0.56,0,0,0
"5980","340350543024",1,0.435454258182967,0.553505535055351,0.370805369127517,0.56,0,0,0
"5981","340373710001",0.974375400384369,0.421598313606746,0.340866290018832,0.19026265214606,0.16,0,0,0
"5982","340373710002",0.998995983935743,0.451330194679221,0.245738636363636,0.0779220779220779,0.24,0,0,0
"5983","340373710003",0.83303730017762,0.369498522005912,0.409610983981693,0.106571936056838,0.12,0,0,0
"5984","340373710004",0.888888888888889,NA,0.454545454545455,0.152592592592593,0.32,0,0,0
"5985","340373711001",1,0.463998144007424,0.312651087832393,0.12708453133985,0.52,0,0,0
"5986","340373711002",0.977611940298508,0.444742221031116,0.32355273592387,0.0671641791044776,0.24,0,0,0
"5987","340373712001",0.921212121212121,0.389770440918236,0.274853801169591,0.125757575757576,0.6,0,0,0
"5988","340373712002",0.945151033386328,0.245999016003936,0.228672985781991,0.140699523052464,0.68,0,0,0
"5989","340373713001",0.901811248808389,0.540665837336651,0.225531914893617,0.367969494756911,0.24,0,0,0
"5990","340373713002",0.996511627906977,0.45375018499926,0.39662447257384,0.05,0.24,0,0,0
"5991","340373713003",0.975103734439834,0.498846004615982,0.436443791329904,0.175311203319502,0.16,0,0,0
"5992","340373714001",0.97510593220339,0.459706161175355,0.387580299785867,0.213453389830508,0.24,0,0,0
"5993","340373714002",0.952029520295203,0.50499798000808,0.253348214285714,0.157749077490775,0.16,0,0,0
"5994","340373715021",1,0.386478454086184,0.449186991869919,0.1312,0.16,0,0,0
"5995","340373715022",0.881188118811881,0.499622001511994,0.37536231884058,0.0881188118811881,0.24,0,0,0
"5996","340373715023",0.97972972972973,0.531997872008512,0.4928,0.179054054054054,0.32,0,0,0
"5997","340373715024",1,0.490362038551846,0.439344262295082,0.1784,0.32,0,0,0
"5998","340373715031",0.983185840707965,0.357914568341727,0.271523178807947,0.109734513274336,0.24,0,0,0
"5999","340373715032",0.964403066812705,0.335942656229375,0.167112299465241,0.137458926615553,0.4,0,0,0
"6000","340373716001",0.935217091660923,0.368998524005904,0.362773029439696,0.283252929014473,0.2,0,0,0
"6001","340373716002",0.978737541528239,0.273458906164375,0.314310051107325,0.149501661129568,0.4,0,0,0
"6002","340373717001",0.915841584158416,0.6624973500106,0.322108345534407,0.0425742574257426,0.36,0,0,0
"6003","340373717002",0.983184965380811,0.459442162231351,0.307593307593308,0.165677546983185,0.4,0,0,0
"6004","340373717003",0.970588235294118,0.458634165463338,0.280265339966833,0.152836134453782,0.28,0,0,0
"6005","340373718011",0.962232243517475,0.447810208759165,0.35989932885906,0.0174746335963923,0.16,0,0,0
"6006","340373718012",0.972341733251383,NA,0.50834879406308,0.0633066994468347,0.24,0,0,0
"6007","340373718013",0.935587761674718,0.349918600325599,0.115009746588694,0.14975845410628,0.04,0,0,0
"6008","340373718021",0.939356435643564,0.289622841508634,0.134146341463415,0.196163366336634,0.28,0,0,0
"6009","340373718022",0.900308324768756,0.432082271670913,0.158402203856749,0.229188078108941,0.56,0,0,0
"6010","340373718023",1,0.350934596261615,0.468431771894094,0.10126582278481,0.36,0,0,0
"6011","340373719001",0.977000919963201,0.410998356006576,0.321285140562249,0.0459981600735971,0.28,0,0,0
"6012","340373719002",0.992685475444096,0.4062503749985,0.437587657784011,0.0700104493207941,0.16,0,0,0
"6013","340373720001",1,0.471998112007552,0.386634844868735,0.0389948006932409,0.12,0,0,0
"6014","340373720002",0.953034300791557,0.447142211431154,0.473454545454545,0.0976253298153034,0.28,0,0,0
"6015","340373721001",0.95141065830721,0.42375030499878,0.458661417322835,0.1201248049922,0.4,0,0,0
"6016","340373721002",0.973684210526316,0.30875076499694,0.40522133938706,0.0559210526315789,0.48,0,0,0
"6017","340373722001",0.942446043165468,0.417774328902684,0.341772151898734,0.135329341317365,0.44,0,0,0
"6018","340373722002",0.921097770154374,0.416998332006672,0.374725274725275,0.186106346483705,0.24,0,0,0
"6019","340373723001",0.993092862624712,0.524249903000388,0.367,0.120491174213354,0.2,0,0,0
"6020","340373723002",0.992650918635171,0.49812200751197,0.434456928838951,0.216310293386375,0.28,0,0,0
"6021","340373723003",0.97316384180791,0.47249811000756,0.25414364640884,0.0889830508474576,0.36,0,0,0
"6022","340373724001",0.945890128046262,0.46125015499938,0.413497589716122,0.12242374278648,0.68,0,0,0
"6023","340373725001",0.964684845775592,0.426818292726829,0.33066008636644,0.282074206526598,0.64,0,0,0
"6024","340373725002",1,0.58499766000936,0.284518828451883,0.238761238761239,0.64,0,0,0
"6025","340373726001",0.990822027134876,0.58312166751333,0.288082901554404,0.202314445331205,0.68,0,0,0
"6026","340373726002",0.997638724911452,NA,0.474464579901153,0.231404958677686,0.44,0,0,0
"6027","340373726003",1,0.416038335846657,0.359605911330049,0.0465264499681326,0.36,0,0,0
"6028","340373727001",0.958020989505247,0.176743293026828,0.270318021201413,0.637181409295352,0.64,0,0,0
"6029","340373727002",0.934713375796178,0.454062183751265,0.406486486486486,0.302547770700637,0.56,0,0,0
"6030","340373727003",0.99259807549963,0.30813476746093,0.407205240174672,0.141376757957069,0.52,0,0,0
"6031","340373728001",0.970983342289092,0.361750552997788,0.204166666666667,0.179473401397098,0.8,0,0,0
"6032","340373729001",0.990897269180754,0.355838576645693,0.118971061093248,0.104031209362809,0.6,0,0,0
"6033","340373729002",0.962833914053426,0.262270950916196,0.223529411764706,0.159586681974742,0.64,0,0,0
"6034","340373729003",0.826117318435754,0.283042867828529,0.184418145956607,0.326815642458101,0.76,0,0,0
"6035","340373730001",0.954703832752613,0.45499818000728,0.25,0.164634146341463,0.4,0,0,0
"6036","340373730002",0.940018744142455,0.385830456678173,0.280884265279584,0.217432052483599,0.36,0,0,0
"6037","340373731001",0.889595808383233,0.908444366222535,0.631161473087819,0.166916167664671,0.76,0,0,0
"6038","340373731002",0.992201039861352,0.847664609341563,0.687347931873479,0.256499133448873,0.52,0,0,0
"6039","340373731003",1,0.921148315406738,0.579084967320261,0.256370656370656,0.44,0,0,0
"6040","340373731004",0.989929506545821,0.557997768008928,0.495934959349593,0.163141993957704,0.56,0,0,0
"6041","340373732001",0.993760635280771,0.770272918908324,0.632601351351351,0.219512195121951,0.16,0,0,0
"6042","340373732002",0.967479674796748,0.74499702001192,0.570054945054945,0.121951219512195,0.2,0,0,0
"6043","340373733001",0.968243681140635,0.820928716285135,0.70880829015544,0.100453661697991,0.4,0,0,0
"6044","340373733002",0.964771322620519,0.51499794000824,0.603942652329749,0.226823238566131,0.6,0,0,0
"6045","340373734001",0.949101796407186,0.28562285750857,0.416201117318436,0.145365853658537,0.56,0,0,0
"6046","340373734002",1,0.632161471354115,0.57161629434954,0.0572998430141287,0.4,0,0,0
"6047","340373734003",1,0.731969072123712,0.564208782104391,0.0619699934768428,0.44,0,0,0
"6048","340373734004",1,0.829684681261275,0.842532467532468,0.0844155844155844,0.48,0,0,0
"6049","340373734005",1,0.466546133815465,0.697542533081285,0.0954838709677419,0.52,0,0,0
"6050","340373734006",0.960544217687075,0.497282010871957,0.477678571428571,0.310204081632653,0.56,0,0,0
"6051","340373734007",1,0.621561513753945,0.788954635108481,0.0247093023255814,0.4,0,0,0
"6052","340373735001",0.95910780669145,0.448846204615182,0.46606914212548,0.157992565055762,0.32,0,0,0
"6053","340373735002",0.933065595716198,0.31499874000504,0.417536534446764,0.178045515394913,0.6,0,0,0
"6054","340373735003",0.882022471910112,0.378634485462058,0.236641221374046,0.164545454545455,0.4,0,0,0
"6055","340373735004",0.985419198055893,0.676537293850825,0.464012251148545,0.0206561360874848,0.4,0,0,0
"6056","340373736001",0.908849850845211,0.441818232727069,0.544704264099037,0.116186693147964,0.68,0,0,0
"6057","340373737001",0.899310344827586,0.153999384002464,0.152450090744102,0.477241379310345,0.68,0,0,0
"6058","340373737002",0.965405405405405,0.350206599173603,0.291666666666667,0.252586206896552,0.56,0,0,0
"6059","340373737003",0.981372549019608,0.288330846676613,0.242793791574279,0.0882352941176471,0.56,0,0,0
"6060","340373737004",0.964611872146119,0.198499206003176,0.29088471849866,0.108565737051793,0.6,0,0,0
"6061","340373738001",0.95725865880619,0.251698993204027,0.185336048879837,0.232745961820852,0.72,0,0,0
"6062","340373738002",0.957310565635005,0.19939120243519,0.197309417040359,0.165421558164354,0.64,0,0,0
"6063","340373738003",0.993061979648474,0.536961852152591,0.363124560168895,0.482886216466235,0.52,0,0,0
"6064","340373739001",0.974834437086093,0.423634305462778,0.215339233038348,0.0251655629139073,0.24,0,0,0
"6065","340373739002",1,0.459230163079348,0.291627469426152,0.105909439754413,0.12,0,0,0
"6066","340373739003",1,0.48249807000772,0.367088607594937,0.0366412213740458,0.16,0,0,0
"6067","340373739004",0.978494623655914,0.571665713337147,0.277611940298507,0.0176651305683564,0.24,0,0,0
"6068","340373740001",0.974632843791722,0.515905936376254,0.428047662694775,0.121495327102804,0.24,0,0,0
"6069","340373740002",0.976678043230944,0.6687493250027,0.550251256281407,0.0952921157118548,0.24,0,0,0
"6070","340373741001",1,0.499166003335987,0.688461538461538,0.21991341991342,0.28,0,0,0
"6071","340373741002",1,0.748329006683973,0.787735849056604,0.0902421129860602,0.24,0,0,0
"6072","340373741003",0.97005444646098,0.57624969500122,0.537593984962406,0.246823956442831,0.32,0,0,0
"6073","340373742001",0.986928104575163,0.448330206679173,0.409288824383164,0.0887021475256769,0.48,0,0,0
"6074","340373742002",0.971864951768489,0.528433886264455,0.445221445221445,0.228548516439455,0.64,0,0,0
"6075","340373743001",1,0.614061543753825,0.564210526315789,0.239255933290571,0.48,0,0,0
"6076","340373743002",0.976004464285714,0.424602301590794,0.313980137509549,0.19921875,0.64,0,0,0
"6077","340373744001",1,0.792140831436674,0.496613995485327,0.22459499263623,0.36,0,0,0
"6078","340373744002",0.959302325581395,0.556069775720897,0.43972602739726,0.0746124031007752,0.4,0,0,0
"6079","340373745001",1,0.590445638217447,0.370044052863436,0.0905923344947735,0.44,0,0,0
"6080","340373745002",0.984025559105431,0.441598233607066,0.18956043956044,0.252396166134185,0.44,0,0,0
"6081","340373746001",0.971049457177322,0.516361934552262,0.326848249027237,0.109770808202654,0.8,0,0,0
"6082","340373746002",0.956642579210673,0.435310258758965,0.379931389365352,0.150442477876106,0.56,0,0,0
"6083","340373746003",0.964285714285714,0.531961872152511,0.51,0.188616071428571,0.64,0,0,0
"6084","340373747001",0.887403237156932,0.438330246679013,0.423945044160942,0.379310344827586,0.52,0,0,0
"6085","340373747002",0.9340592861464,0.426518293926824,0.31691818903892,0.284936479128857,0.52,0,0,0
"6086","340373747003",0.987202925045704,0.539497842008632,0.454133635334088,0.107861060329068,0.52,0,0,0
"6087","340373748001",0.949762389680923,0.52999788000848,0.462699822380107,0.36591989137814,0.6,0,0,0
"6088","340373748002",0.971611721611722,0.305866776532894,0.356234096692112,0.206959706959707,0.64,0,0,0
"6089","340373748003",0.896551724137931,0.49749801000796,0.420924574209246,0.14367816091954,0.64,0,0,0
"6090","340373748004",0.97319932998325,0.48499806000776,0.207142857142857,0.319932998324958,0.6,0,0,0
"6091","340373749001",0.914564686737185,0.365674537301851,0.280552603613177,0.295362082994304,0.48,0,0,0
"6092","340373749002",0.985663082437276,0.347854608581566,0.328548644338118,0.213859020310633,0.56,0,0,0
"6093","340373749003",0.963263358778626,0.41125035499858,0.36716621253406,0.230916030534351,0.52,0,0,0
"6094","340390302001",0.855828220858896,0.258214967140131,0.108571428571429,0.993865030674847,0.8,3,0,14
"6095","340390302002",0.689992475545523,0.183383266466934,0.0403276622558286,0.994732881866065,0.8,3,0,14
"6096","340390304001",0.776234567901235,0.201471194115224,0.0296875,0.920524691358025,0.8,8,3,14
"6097","340390304002",0.76008064516129,0.306290774836901,0.0857763300760043,1,0.84,4,2,14
"6098","340390304003",0.832415902140673,0.178703285186859,0.0820820820820821,0.961467889908257,0.76,8,6,13
"6099","340390304004",0.895725388601036,0.112195551217795,0.0960960960960961,0.812176165803109,0.72,9,6,13
"6100","340390305001",0.31858407079646,0.183215267138931,0,1,0.76,5,1,14
"6101","340390305002",0.860116166505324,NA,0.0719482619240097,0.88431752178122,0.92,11,9,19
"6102","340390305003",0.741267787839586,NA,0.0719557195571956,0.946959896507115,0.88,13,6,17
"6103","340390305004",0.749865519096288,0.371538513845945,0.0860420650095602,0.949973103819258,0.84,6,1,12
"6104","340390306001",0.84913112164297,0.28813484746061,0.079746835443038,0.81911532385466,0.92,15,9,19
"6105","340390306002",0.809661835748792,0.193203227187091,0.0845814977973568,0.947826086956522,0.76,1,1,3
"6106","340390307011",0.816428571428571,0.25499898000408,0.191304347826087,0.769285714285714,0.64,1,0,2
"6107","340390307012",0.864357864357864,0.323234707061172,0.178733031674208,0.823953823953824,0.72,1,0,2
"6108","340390307031",0.921176470588235,0.225715097139611,0.0840336134453782,0.816470588235294,0.64,1,1,3
"6109","340390307032",0.79840196681008,0.277642889428442,0.0297619047619048,0.960663798401967,0.6,1,1,3
"6110","340390307033",0.854285714285714,0.260862956548174,0.156331877729258,0.857714285714286,0.64,2,1,4
"6111","340390307041",0.813594954449895,0.268458926164295,0.25323275862069,0.85353889278206,0.64,2,0,8
"6112","340390307042",0.754137115839243,0.178571285714857,0.0956607495069034,0.957446808510638,0.68,2,1,8
"6113","340390308021",0.739408009286129,0.347142611429554,0.104261796042618,0.887405687753918,0.72,2,1,4
"6114","340390308022",0.859903381642512,0.424166303334787,0.108414239482201,0.725704427832087,0.8,3,1,13
"6115","340390309001",0.75,NA,0,0.918807339449541,0.64,5,1,6
"6116","340390309002",0.875457875457875,0.252406990372039,0.122209165687427,0.905494505494505,0.64,1,1,8
"6117","340390309003",0.680058436815194,0.165207339170643,0.0112781954887218,0.925493060628196,0.76,2,1,13
"6118","340390309004",0.819571865443425,0.432426270294919,0.0174216027874564,0.737767584097859,0.84,3,1,14
"6119","340390310001",0.756391526661797,0.26312294750821,0.00350877192982456,1,0.8,4,3,16
"6120","340390310002",0.720101781170484,0.167739329042684,0.139817629179331,0.848176420695505,0.76,3,1,16
"6121","340390311001",0.916434540389972,0.0903236387054452,0.150429799426934,0.788300835654596,0.6,3,2,7
"6122","340390311002",0.832038834951456,0.269062923748305,0.0889867841409692,0.980097087378641,0.72,4,0,8
"6123","340390311003",0.640768588137009,NA,0.050131926121372,0.970760233918129,0.72,3,1,9
"6124","340390311004",0.906944444444444,0.2374990500038,0.0620985010706638,0.916666666666667,0.8,2,1,14
"6125","340390311005",0.791352093342485,0.245935016259935,0.023945267958951,0.942347288949897,0.72,6,2,15
"6126","340390312001",0.850678733031674,0.378946484214063,0.129518072289157,0.952941176470588,0.76,5,1,9
"6127","340390312002",0.691752577319588,0.227083091667633,0.107096774193548,0.963748894783378,0.8,6,2,9
"6128","340390312003",0.837018319646241,0.280402878388486,0.122651933701657,0.796588755527479,0.68,6,3,11
"6129","340390312004",0.74228855721393,0.236667053331787,0.0542253521126761,0.938369781312127,0.72,7,1,16
"6130","340390312005",0.638083228247163,0.232051071795713,0,1,0.76,7,3,12
"6131","340390313011",0.639947437582129,0.275998896004416,0.408308004052685,0.717477003942181,0.8,1,0,7
"6132","340390313012",0.821138211382114,0.243999024003904,0.120300751879699,0.759581881533101,0.92,6,5,12
"6133","340390313021",0.719216898505925,0.306594773620906,0.084070796460177,0.948995363214838,0.8,5,4,12
"6134","340390313022",0.836520076481836,0.231415074339703,0.359253499222395,0.946462715105163,0.68,4,1,13
"6135","340390313023",0.827742520398912,0.195179219283123,0.214285714285714,0.805983680870354,0.72,4,1,11
"6136","340390314001",0.77133655394525,0.155335378658485,0.105663567202029,0.986044015029522,0.68,7,4,16
"6137","340390314002",0.748355263157895,0.195751216995132,0.119402985074627,0.967105263157895,0.76,7,5,11
"6138","340390314003",0.692989524576954,0.245183019267923,0.0803108808290155,0.940370668815471,0.72,4,1,12
"6139","340390314004",0.691786621507197,0.176803292786829,0.108019639934534,0.887383573243014,0.72,2,1,12
"6140","340390315001",0.835757575757576,0.258210967156131,0.221957040572792,0.889090909090909,0.92,3,3,9
"6141","340390315002",0.721804511278195,0.18375126499494,0.158279963403477,0.7053998632946,0.72,3,0,8
"6142","340390315003",0.758538522637013,0.316090735637057,0.177254098360656,0.779189833200953,0.76,3,1,12
"6143","340390315004",0.79,0.381634473462106,0.240942028985507,0.945,0.72,3,0,13
"6144","340390316011",0.877372262773723,0.205147179411282,0.150710900473934,0.948905109489051,0.8,8,5,12
"6145","340390316012",0.800347222222222,0.31999872000512,0.244239631336406,0.998263888888889,0.72,2,1,8
"6146","340390316013",0.668792934249264,0.236607053571786,0.193732193732194,0.90873405299313,0.72,2,0,6
"6147","340390316021",0.5337361530715,0.234323062707749,0.206572769953052,0.858006042296072,0.64,2,1,5
"6148","340390316022",0.714108910891089,0.336782652869389,0.283212560386473,0.815973651708522,0.68,3,1,5
"6149","340390316023",0.817717206132879,0.282666869332523,0.290754257907543,0.848381601362862,0.84,4,4,6
"6150","340390316024",0.671905697445973,0.211731153075388,0.103678929765886,0.860510805500982,0.68,4,1,5
"6151","340390317001",0.705150976909414,0.16999932000272,0.20704845814978,0.898164594434577,0.64,3,0,9
"6152","340390317002",0.721573208722741,0.197679209283163,0.126379690949227,0.924154025670945,0.76,6,2,9
"6153","340390317003",0.827075098814229,0.183331266674933,0.217207334273625,0.922924901185771,0.68,2,1,7
"6154","340390317004",0.79228855721393,0.28499886000456,0,0.690298507462687,0.6,2,0,7
"6155","340390318011",0.826110806363138,0.340862636549454,0.156862745098039,0.633571036752606,0.6,0,0,5
"6156","340390318012",0.775518847945786,0.255802976788093,0.192086790044671,0.898348157560356,0.68,2,0,5
"6157","340390318013",0.652597402597403,0.237915048339807,0.119940029985007,0.88961038961039,0.64,2,2,7
"6158","340390318021",0.691449814126394,0.162587349650601,0.137270550678372,0.952203929899097,0.72,3,0,7
"6159","340390318022",0.671060891399874,0.126639493442026,0.074154852780807,0.92,0.72,3,2,8
"6160","340390319031",0.689964857477548,0.184843260626957,0.0927152317880795,0.919953143303397,0.6,2,0,6
"6161","340390319032",0.780923344947735,0.245815016739933,0.193962748876044,0.858449477351916,0.6,2,1,6
"6162","340390319033",0.594924812030075,0.181803272786909,0.196384039900249,0.911662315056571,0.6,3,0,5
"6163","340390319041",0.8568,0.116799532801869,0.161993769470405,0.908,0.76,3,3,9
"6164","340390319042",0.787258248009101,0.152295390818437,0.171677215189873,0.925483503981797,0.64,3,2,7
"6165","340390320021",0.868571428571429,0.360830556677773,0.122122122122122,0.606969205834684,0.64,1,0,3
"6166","340390320022",0.710877373011801,0.287094851620594,0.148367952522255,0.786300667008722,0.64,0,0,2
"6167","340390320031",0.819030680302357,NA,0.107908847184987,0.773232547799022,0.6,0,0,2
"6168","340390320032",0.757220921155347,0.230163079347683,0.0706836616454229,0.975800156128025,0.68,0,0,3
"6169","340390320041",0.822601839684626,0.261282954868181,0.166153846153846,0.806282722513089,0.6,0,0,0
"6170","340390320042",0.777124773960217,0.363998544005824,0.0554400554400554,0.939421338155515,0.64,0,0,0
"6171","340390321011",0.8045486851457,0.424338302646789,0.226351351351351,0.634683724235963,0.56,0,0,0
"6172","340390321012",0.859701492537313,NA,0.311546840958606,0.78955223880597,0.64,0,0,0
"6173","340390321013",0.76521164021164,0.453174187303251,0.509825327510917,0.738095238095238,0.72,0,0,0
"6174","340390321021",1,NA,0.461095100864553,0.602564102564103,0.56,0,0,0
"6175","340390321022",0.948489010989011,0.604321582713669,0.430331753554502,0.370192307692308,0.6,0,0,0
"6176","340390321023",0.675429726996967,0.512981948072208,0.534883720930233,0.413549039433771,0.52,0,0,0
"6177","340390322001",0.656540607563546,0.286426854292583,0.143658810325477,0.989460632362058,0.76,0,0,0
"6178","340390322002",0.860492379835873,0.282390870436518,0.29608938547486,0.966002344665885,0.64,0,0,0
"6179","340390322003",0.872448979591837,0.313886744453022,0.222493887530562,0.981292517006803,0.64,0,0,1
"6180","340390322004",0.926030491247883,0.507921968312127,0.432980599647266,0.971460548405148,0.8,0,0,1
"6181","340390322005",0.961844197138315,0.396950412198351,0.518099547511312,1,0.72,0,0,0
"6182","340390323001",0.891608391608392,0.330922676309295,0.183057448880234,0.97972027972028,0.8,0,0,0
"6183","340390323002",0.639810426540284,0.274650901396394,0.212989493791786,0.877454299255247,0.88,0,0,2
"6184","340390324011",0.86897880539499,0.628177487290051,0.192368839427663,0.729287090558767,0.76,0,0,0
"6185","340390324012",0.699101796407186,NA,0.301785714285714,0.530688622754491,0.8,0,0,0
"6186","340390324013",0.920792079207921,0.146751412994348,0.16452442159383,0.542079207920792,0.68,0,0,0
"6187","340390324014",1,0.247307010771957,0.405013192612137,0.785057471264368,0.72,0,0,0
"6188","340390324021",0.607352941176471,0.240275038899844,0.150747986191024,0.6875,0.76,0,0,0
"6189","340390324022",0.963990267639903,0.563533745865017,0.360824742268041,0.947445255474453,0.8,0,0,0
"6190","340390325001",0.842062852538276,0.385734457062172,0.166201117318436,0.781627719580983,0.8,1,1,6
"6191","340390325002",0.853997682502897,0.500553997784009,0.313014827018122,0.741599073001159,0.68,1,0,4
"6192","340390325003",0.845092024539877,0.268518925924296,0.181927710843374,0.654907975460123,0.72,0,0,1
"6193","340390325004",0.970124932102118,0.810516757932968,0.565579984836998,0.488864747419881,0.76,0,0,5
"6194","340390325005",0.850156087408949,0.399166403334387,0.25,0.828303850156087,0.68,0,0,0
"6195","340390326001",0.926242236024845,0.327854688581246,0.366497461928934,0.870341614906832,0.68,0,0,0
"6196","340390326002",0.896,0.410274358902564,0.349090909090909,0.837333333333333,0.76,0,0,0
"6197","340390326003",0.958579881656805,0.434094263622946,0.426767676767677,0.953738569123185,0.72,0,0,0
"6198","340390326004",0.971896955503513,0.509837960648157,0.393561786085151,0.807181889149102,0.56,0,0,0
"6199","340390327011",0.820859872611465,0.521361914552342,0.4387031408308,0.632165605095541,0.64,0,0,0
"6200","340390327012",0.896496815286624,0.521397914408342,0.526342710997442,0.76234076433121,0.76,0,0,0
"6201","340390327021",0.967130214917826,0.307750768996924,0.362948960302457,0.865992414664981,0.68,0,0,0
"6202","340390327022",0.951496388028896,0.553317786728853,0.22707423580786,0.941176470588235,0.64,0,0,0
"6203","340390327023",0.947157726180945,0.37190251238995,0.267448055407565,0.674939951961569,0.72,0,0,0
"6204","340390327024",0.876865671641791,0.345530617877528,0.481644640234949,0.801305970149254,0.56,0,0,0
"6205","340390328001",0.873762376237624,0.427422290310839,0.300385109114249,0.843564356435644,0.64,0,0,0
"6206","340390328002",1,NA,0.287917737789203,0.895870736086176,0.56,0,0,0
"6207","340390328003",0.949685534591195,0.334166663333347,0.351851851851852,0.86735277301315,0.72,0,0,0
"6208","340390328004",0.882059800664452,0.485498058007768,0.302631578947368,1,0.6,0,0,0
"6209","340390329011",0.983174835405998,0.377934488262047,0.363805970149254,0.679590343818581,0.64,0,0,0
"6210","340390329012",0.911670235546039,0.41685033259867,0.407647907647908,0.576017130620985,0.76,0,0,0
"6211","340390329013",0.985714285714286,0.474622101511594,0.246659815005139,0.885630498533724,0.64,0,0,0
"6212","340390329021",0.981643721318315,0.419614321542714,0.354215456674473,0.553191489361702,0.76,0,0,0
"6213","340390329022",0.990009514747859,0.437058251766993,0.358837485172005,0.385823025689819,0.68,0,0,0
"6214","340390330001",1,0.683277266890932,0.549789621318373,0.608501118568233,0.6,0,0,0
"6215","340390330002",0.941923774954628,0.445998216007136,0.598006644518272,0.490018148820327,0.64,0,0,0
"6216","340390330003",0.706340378197998,0.427466290134839,0.513089005235602,0.659621802002225,0.76,0,0,0
"6217","340390330004",0.927880386983289,0.457390170439318,0.34696261682243,0.496042216358839,0.76,0,0,0
"6218","340390331001",0.991208791208791,0.480714077143691,0.482539682539683,0.76043956043956,0.6,0,0,0
"6219","340390331002",0.666666666666667,0.315286738853045,0.205501618122977,0.948717948717949,0.68,0,0,0
"6220","340390331003",0.58804347826087,0.322094711621153,0.360248447204969,0.840217391304348,0.68,0,0,0
"6221","340390331004",0.594594594594595,0.453666185335259,0.365203761755486,0.875,0.6,0,0,0
"6222","340390331005",0.998930481283422,NA,0.504573170731707,0.736898395721925,0.6,0,0,0
"6223","340390331006",0.891173950299914,0.44249823000708,0.219611848825332,0.886889460154242,0.64,0,0,0
"6224","340390331007",0.958995815899582,0.415242339030644,0.464147286821705,0.793305439330544,0.68,0,0,0
"6225","340390332001",1,0.465998136007456,0.545706371191136,0.638971315529179,0.68,0,0,0
"6226","340390332002",0.957542457542458,0.441426234295063,0.381268436578171,0.781218781218781,0.72,0,0,0
"6227","340390332003",0.992727272727273,0.671361314554742,0.572847682119205,0.366060606060606,0.6,0,0,0
"6228","340390333001",0.900890868596882,0.587605649577402,0.444620253164557,0.720489977728285,0.56,0,0,0
"6229","340390333002",0.95,0.692305230779077,0.545087483176312,0.390384615384615,0.6,0,0,0
"6230","340390333003",0.91701244813278,0.597725609097564,0.294853963838665,0.807053941908714,0.56,0,0,0
"6231","340390333004",0.927461139896373,0.473858104567582,0.480427046263345,0.526424870466321,0.56,0,0,0
"6232","340390334001",0.963400236127509,0.616537533849865,0.434782608695652,0.484061393152302,0.64,0,0,0
"6233","340390334002",0.975654290931223,0.752688989244043,0.644748858447489,0.44796104686549,0.52,0,0,0
"6234","340390334003",1,0.342998628005488,0.450819672131148,0.558762886597938,0.56,0,0,0
"6235","340390334004",0.954896907216495,0.506069975720097,0.622033898305085,0.675257731958763,0.6,0,0,0
"6236","340390335011",0.847038019451813,0.452998188007248,0.46875,0.730327144120248,0.64,0,0,0
"6237","340390335012",1,0.124027503889984,0.251221214235869,0.484347312463083,0.64,0,0,0
"6238","340390335013",0.98088813940416,0.46562213751145,0.311768754301445,0.740303541315346,0.72,0,0,0
"6239","340390335021",0.887096774193548,0.57814568741725,0.399029126213592,0.561155913978495,0.56,0,0,0
"6240","340390335022",0.97751677852349,0.561817752728989,0.598360655737705,0.714093959731544,0.64,0,0,3
"6241","340390336001",0.974955277280859,0.566109735561058,0.457207207207207,0.132379248658318,0.56,0,0,0
"6242","340390336002",0.982758620689655,0.462058151767393,0.416968817984046,0.320780399274047,0.76,0,0,0
"6243","340390336003",0.893213572854291,0.483250066999732,0.292389853137517,0.158682634730539,0.6,0,0,0
"6244","340390336004",0.796590909090909,0.25938696245215,0.325819672131148,0.717045454545455,0.68,0,0,0
"6245","340390336005",1,0.30499878000488,0.219858156028369,0.146090534979424,0.68,0,0,0
"6246","340390336006",0.935721812434141,0.244175023299907,0.131103074141049,0.722866174920969,0.76,0,0,0
"6247","340390336007",0.949848024316109,0.544581821672713,0.260593220338983,0.492401215805471,0.72,0,0,0
"6248","340390337001",0.943150046598322,0.422750308998764,0.339677891654466,0.551724137931034,0.72,0,0,0
"6249","340390337002",0.907172995780591,0.476162095351619,0.371572871572872,0.493143459915612,0.68,0,0,0
"6250","340390337003",0.976800976800977,0.391998432006272,0.407630522088353,0.523809523809524,0.64,0,0,0
"6251","340390337004",1,NA,0.493265993265993,0.508620689655172,0.64,0,0,0
"6252","340390338001",0.975020145044319,0.661757352970588,0.299862448418157,0.273166800966962,0.64,0,0,0
"6253","340390338002",1,NA,0.543307086614173,0.235668789808917,0.6,0,0,0
"6254","340390338003",0.851362510322048,0.437774248903004,0.40968443960827,0.668455821635012,0.72,0,0,0
"6255","340390338004",0.930656934306569,0.371446514213943,0.389202762084118,0.686131386861314,0.68,0,0,0
"6256","340390339001",0.837760910815939,0.406538373846505,0.373555840821566,0.630929791271347,0.68,0,0,0
"6257","340390339002",0.854166666666667,0.281942872228511,0.323924731182796,0.785037878787879,0.8,0,0,0
"6258","340390339003",0.886023294509151,0.627957488170047,0.311258278145695,0.732945091514143,0.72,0,0,0
"6259","340390340001",0.93423019431988,0.233999064003744,0.0645161290322581,0.960388639760837,0.72,0,0,0
"6260","340390340002",0.97009165460685,0.289818840724637,0.188349514563107,0.755426917510854,0.76,0,0,0
"6261","340390340003",0.791341991341991,0.230399078403686,0.105485232067511,0.955844155844156,0.8,0,0,0
"6262","340390340004",0.901388888888889,0.460518157927368,0.592592592592593,0.6375,0.76,0,0,0
"6263","340390341001",0.915083798882682,0.156027375890496,0.201320132013201,0.946927374301676,0.68,0,0,0
"6264","340390341002",0.947873799725652,0.354230583077668,0.334677419354839,0.764060356652949,0.64,0,0,0
"6265","340390341003",0.967195767195767,0.486782052871788,0.219354838709677,0.762962962962963,0.6,0,0,0
"6266","340390342001",0.979674796747967,0.284106863572546,0.238434163701068,0.894889663182346,0.72,0,0,0
"6267","340390342002",0.761020881670534,0.493330026679893,0.240866035182679,0.811291569992266,0.68,0,0,0
"6268","340390342003",0.909529553679131,0.603509585961656,0.427320490367776,0.816546762589928,0.68,0,0,0
"6269","340390343001",0.986803519061584,0.575353698585206,0.455938697318008,0.841642228739003,0.84,0,0,0
"6270","340390343002",0.874562427071178,0.313398746405014,0.488653555219365,0.750291715285881,0.8,0,0,0
"6271","340390343003",0.881366860090264,0.481818072727709,0.384111384111384,0.738233397807866,0.76,0,0,0
"6272","340390344001",0.87027027027027,NA,0.257372654155496,0.951351351351351,0.76,0,0,0
"6273","340390344002",0.975071907957814,0.524257902968388,0.184940554821664,0.834132310642378,0.84,0,0,0
"6274","340390344003",0.893964110929853,0.385370458518166,0.0744234800838574,0.972267536704731,0.72,0,0,0
"6275","340390344004",0.894177215189873,0.198087207651169,0.1392,0.921012658227848,0.8,0,0,0
"6276","340390345001",0.93273850377488,0.389642441430234,0.0610610610610611,0.559368565545642,0.76,0,0,1
"6277","340390345002",0.833013435700576,0.067059731761073,0.0333333333333333,0.656429942418426,0.68,0,0,0
"6278","340390345003",0.855044074436827,0.506397974408102,0.227866473149492,0.835455435847209,0.72,0,0,0
"6279","340390345004",0.932203389830508,0.328854684581262,0.171875,0.846246973365617,0.72,0,0,0
"6280","340390345005",0.955710955710956,0.468390126439494,0.116863905325444,0.898601398601399,0.72,0,0,0
"6281","340390346001",0.928921568627451,0.34059463762145,0.189775367931836,0.979166666666667,0.68,0,0,0
"6282","340390346002",0.890593729152768,0.248931004275983,0.0897959183673469,0.90927284856571,0.8,0,0,0
"6283","340390346003",0.925501432664756,0.33499866000536,0.236530880420499,0.980897803247373,0.8,0,0,0
"6284","340390347001",0.803048065650645,0.219535121859513,0.27027027027027,0.640093786635405,0.6,0,0,0
"6285","340390347002",0.67420814479638,0.30499878000488,0.139951179820993,0.5198973042362,0.68,0,0,0
"6286","340390347003",0.923603192702395,0.382114471542114,0.374789915966387,0.743443557582668,0.72,0,0,0
"6287","340390347004",0.741463414634146,0.314166743333027,0.252173913043478,0.832520325203252,0.76,0,0,0
"6288","340390348001",0.989489489489489,0.358974564101744,0.124472573839662,0.438438438438438,0.6,0,0,0
"6289","340390348002",0.978571428571429,0.52249791000836,0.45474372955289,0.433571428571429,0.72,0,0,0
"6290","340390348003",1,0.692269230923076,0.398916967509025,0.357388316151203,0.64,0,0,0
"6291","340390348004",0.989121338912134,0.614477542089832,0.297169811320755,0.702928870292887,0.72,0,0,0
"6292","340390348005",0.802666666666667,0.492774028903884,0.248648648648649,0.509333333333333,0.6,0,0,0
"6293","340390349001",0.739978331527627,0.302142791428834,0.204330175913396,0.664138678223185,0.76,0,0,0
"6294","340390349002",1,0.149667401330395,0.27710843373494,0.254612546125461,0.64,0,0,0
"6295","340390349003",0.912572855953372,0.44749821000716,0.483069977426637,0.46044962531224,0.72,0,0,0
"6296","340390349004",0.915673693858845,0.189135243459026,0.257510729613734,0.213565536205316,0.68,0,0,0
"6297","340390349005",0.999165275459099,0.592461630153479,0.2911227154047,0.581803005008347,0.72,0,0,0
"6298","340390349006",1,0.523805904776381,0.195876288659794,0.344036697247706,0.64,0,0,0
"6299","340390350001",0.974025974025974,0.354850580597678,0.24191063174114,0.6504329004329,0.72,0,0,0
"6300","340390350002",0.771765863256272,0.38062247751009,0.298212005108557,0.666502705361535,0.84,0,0,1
"6301","340390351001",0.839753466872111,0.480998076007696,0.307602339181287,0.893682588597843,0.8,0,0,0
"6302","340390351002",0.612980769230769,0.20999916000336,0.207612456747405,0.376201923076923,0.76,0,0,0
"6303","340390351003",0.790550414028251,0.258690965236139,0.355083459787557,0.709206039941549,0.72,0,0,0
"6304","340390352001",0.90757180156658,0.41312234751061,0.248263888888889,0.694516971279373,0.76,0,0,1
"6305","340390352002",0.779135338345865,0.376198495206019,0.109144542772861,0.736842105263158,0.88,2,0,7
"6306","340390353001",1,0.340678637285451,0.223684210526316,0.84,0.8,0,0,0
"6307","340390353002",0.97752808988764,NA,0.157575757575758,0.831460674157303,0.72,0,0,0
"6308","340390353003",0.88506711409396,0.243507025971896,0.189944134078212,0.917785234899329,0.76,0,0,0
"6309","340390353004",0.956122022565817,0.40499838000648,0.0969362129583124,0.770580860844129,0.88,0,0,0
"6310","340390353005",0.934847579199044,0.303074787700849,0.271822358346095,0.705756929637527,0.8,0,0,0
"6311","340390354001",0.886204208885425,0.363790544837821,0.182978723404255,0.564082885648504,0.88,5,1,11
"6312","340390354002",0.849576271186441,0.446470214119144,0.151444184231069,0.653072033898305,0.88,0,0,0
"6313","340390355001",0.866035182679296,0.227827088691645,0.326797385620915,0.519621109607578,0.76,0,0,1
"6314","340390355002",1,0.24249903000388,0.205263157894737,0.735177865612648,0.68,0,0,2
"6315","340390355003",0.873298429319372,NA,0.315396113602392,0.593717277486911,0.8,1,1,3
"6316","340390355004",0.706595905989386,NA,0.287981859410431,0.898407884761183,0.84,3,3,4
"6317","340390355005",0.963940193491645,0.464918140327439,0.0645994832041344,0.557607739665787,0.72,1,0,3
"6318","340390355006",0.885676741130092,0.463838144647421,0.178368121442125,0.78580814717477,0.72,1,0,3
"6319","340390355007",1,0.31812272750909,0.220833333333333,0.599732262382865,0.76,0,0,2
"6320","340390355008",0.888888888888889,0.33499866000536,0.395833333333333,0.602020202020202,0.68,0,0,1
"6321","340390356001",0.967391304347826,0.399542401830393,0.376181474480151,0.51195652173913,0.64,0,0,1
"6322","340390356002",1,0.620325518697925,0.458917835671343,0.249146757679181,0.6,1,0,3
"6323","340390356003",0.985029940119761,0.574457702169191,0.544715447154472,0.440119760479042,0.6,0,0,3
"6324","340390356004",0.956884561891516,0.688569245723017,0.329123328380386,0.508113120074177,0.72,1,0,3
"6325","340390357001",0.86,NA,0.351032448377581,0.68,0.72,2,1,4
"6326","340390357002",0.942403628117914,0.215387138451446,0.238857938718663,0.786394557823129,0.92,3,1,4
"6327","340390357003",0.882863340563991,0.328682685269259,0.555016181229773,0.517353579175705,0.76,1,1,5
"6328","340390357004",0.853813559322034,0.825236699053204,0.529577464788732,0.447033898305085,0.8,3,2,5
"6329","340390357005",0.943121693121693,0.451666193335227,0.488135593220339,0.292328042328042,0.88,1,1,5
"6330","340390358001",1,0.109827560689757,0.342741935483871,0.579317269076305,0.88,3,2,5
"6331","340390358002",0.778938906752412,0.440414238343047,0.229398663697105,0.786173633440514,0.96,5,5,8
"6332","340390358003",0.960720130932897,0.46810612757549,0.509433962264151,0.715220949263502,0.84,4,3,8
"6333","340390359001",0.91029207232267,0.358042567829729,0.457720588235294,0.691933240611961,0.92,4,3,6
"6334","340390359002",0.884444444444444,0.415998336006656,0.520435967302452,0.727072633895818,0.92,4,3,7
"6335","340390359003",0.893530997304582,0.349022603909584,0.184210526315789,0.952156334231806,0.88,2,1,8
"6336","340390360001",0.906666666666667,0.228947084211663,0.387550200803213,0.676195711929632,0.92,3,3,4
"6337","340390360002",0.974920200638395,0.356090575637697,0.103698811096433,0.858641130870953,0.88,3,1,3
"6338","340390360003",1,0.421698313206747,0.648648648648649,0.864906832298137,0.84,1,0,7
"6339","340390361001",0.963768115942029,0.24499902000392,0.226430298146656,0.148221343873518,0.64,0,0,0
"6340","340390362001",1,0.583525665897336,0.558652729384437,0.0856911883589329,0.56,0,0,0
"6341","340390362002",0.987386478304743,0.495462018151927,0.424101198402131,0.140766902119072,0.6,0,0,0
"6342","340390362003",0.936562860438293,0.364738541045836,0.269662921348315,0.158016147635525,0.68,0,0,0
"6343","340390362004",1,0.405998376006496,0.431764705882353,0.206952303961196,0.72,0,0,0
"6344","340390362005",0.990217391304348,0.555765776936892,0.539509536784741,0.391304347826087,0.64,0,0,0
"6345","340390363011",0.980670611439842,0.501337994648021,0.391327913279133,0.270216962524655,0.8,0,0,0
"6346","340390363012",0.999458288190683,0.255458978164087,0.275662251655629,0.123916369199388,0.68,0,0,0
"6347","340390363013",0.970731707317073,0.410678357286571,0.36405529953917,0.11219512195122,0.6,0,0,0
"6348","340390363021",1,0.746589013643945,0.614473684210526,0.126272912423625,0.64,0,0,0
"6349","340390363022",0.96443390634262,0.554277782888868,0.641367806505421,0.148784825133373,0.56,0,0,0
"6350","340390364001",1,0.511781952872189,0.647147147147147,0.148756452369779,0.44,0,0,0
"6351","340390364002",0.968790637191157,0.675205299178803,0.844488188976378,0.0676202860858258,0.64,0,0,0
"6352","340390364003",0.742904841402337,1,0.78359096313912,0.411519198664441,0.64,0,0,0
"6353","340390364004",0.984660336011687,1,0.886543535620053,0.14609203798393,0.56,0,0,0
"6354","340390364005",0.982485875706215,1,0.887155963302752,0.134463276836158,0.4,0,0,0
"6355","340390365001",0.986466892218463,0.57187371250515,0.880586080586081,0.0937651039149348,0.52,0,0,0
"6356","340390365002",0.992779783393502,1,0.906040268456376,0.0731046931407942,0.48,0,0,0
"6357","340390365003",0.995682210708117,1,0.818734793187348,0.207253886010363,0.44,0,0,0
"6358","340390365004",0.988458927359131,1,0.801596351197263,0.327902240325866,0.4,0,0,0
"6359","340390366001",0.989803350327749,0.702633189467242,0.873405299313052,0.0546249089584851,0.64,0,0,0
"6360","340390366002",1,0.472774108903564,0.6797583081571,0.30976430976431,0.76,0,0,0
"6361","340390366003",0.966800228963938,0.506473974104104,0.52841918294849,0.428162564396108,0.68,0,0,0
"6362","340390367001",0.968085106382979,0.840712637149451,0.6657824933687,0.319148936170213,0.6,0,0,0
"6363","340390367002",1,0.926196295214819,0.88911704312115,0.236804564907275,0.44,0,0,0
"6364","340390367003",1,0.538525845896616,0.670653173873045,0.249446902654867,0.64,0,0,0
"6365","340390367004",0.952135493372607,0.692345230619077,0.695081967213115,0.314064801178203,0.6,0,0,0
"6366","340390368001",1,1,0.84652278177458,0.199095022624434,0.6,0,0,0
"6367","340390368002",0.984539270253556,1,0.850050658561297,0.408163265306122,0.52,0,0,0
"6368","340390368003",0.955458989679522,1,0.847411444141689,0.164041281912004,0.52,0,0,0
"6369","340390368004",0.971213159698424,0.827912688349247,0.6,0.261682242990654,0.48,0,0,0
"6370","340390368005",1,0.730905076379694,0.828449328449329,0.197530864197531,0.6,0,0,0
"6371","340390369001",0.991913746630728,0.430190279238883,0.470923603192702,0.228212039532794,0.68,0,0,0
"6372","340390369002",0.960407239819005,0.560785756856973,0.365591397849462,0.127828054298643,0.76,0,0,0
"6373","340390369003",1,0.347998608005568,0.281573498964803,0.105580693815988,0.48,0,0,0
"6374","340390369004",0.97953216374269,0.524165903336387,0.350943396226415,0.384502923976608,0.64,0,0,0
"6375","340390369005",0.952420701168614,0.381666473334107,0.426550598476605,0.358931552587646,0.68,0,0,0
"6376","340390370001",1,0.59499762000952,0.728179551122195,0,0.48,0,0,0
"6377","340390370002",0.981481481481482,0.299442802228791,0.427891156462585,0.29082774049217,0.68,0,0,0
"6378","340390370003",0.99249530956848,0.478478086087656,0.59741935483871,0.158536585365854,0.44,0,0,0
"6379","340390370004",0.920875420875421,0.433330266678933,0.748400852878465,0.176767676767677,0.6,0,0,0
"6380","340390370005",1,0.881516473934104,0.798319327731092,0.0644692195831314,0.6,0,0,0
"6381","340390371001",1,0.874996500014,0.666182873730044,0.0920372285418821,0.52,0,0,0
"6382","340390371002",0.964285714285714,0.858496566013736,0.667213114754098,0.0806122448979592,0.48,0,0,0
"6383","340390371003",0.99558693733451,1,0.806083650190114,0.0344218887908208,0.52,0,0,0
"6384","340390371004",0.985390796201607,0.918396326414694,0.862199747155499,0.0507982583454282,0.6,0,0,0
"6385","340390372001",1,0.465998136007456,0.716196136701337,0.252847380410023,0.76,0,0,0
"6386","340390372002",0.969465648854962,0.326314694741221,0.656133828996282,0.202020202020202,0.72,0,0,0
"6387","340390372003",0.985244040862656,0.400766396934412,0.497416020671835,0.148577449947313,0.76,0,0,0
"6388","340390372004",0.969097651421508,NA,0.638479441427463,0.161928306551298,0.72,0,0,0
"6389","340390373001",0.991083998122947,0.846376614493542,0.518126888217523,0.105584232754575,0.6,0,0,0
"6390","340390373002",0.986964618249534,0.756588973644105,0.728021978021978,0.0400372439478585,0.68,0,0,0
"6391","340390373003",0.92235609103079,0.236999052003792,0.4578125,0.356091030789826,0.72,0,0,0
"6392","340390373004",1,0.5249979000084,0.501440922190202,0.0750915750915751,0.68,0,0,0
"6393","340390374001",0.981167608286252,0.523917904328383,0.411214953271028,0.188323917137476,0.68,0,0,0
"6394","340390374002",0.992125984251969,0.410998356006576,0.529498525073746,0.0888638920134983,0.56,0,0,0
"6395","340390374003",1,0.679025283898864,0.746383799421408,0.0761523046092184,0.72,0,0,0
"6396","340390374004",1,0.717773128907484,0.733249051833123,0.14235807860262,0.52,0,0,0
"6397","340390375001",0.964477933261572,0.307898768404926,0.699757869249395,0.486544671689989,0.6,0,0,0
"6398","340390375002",0.983096085409253,0.743997024011904,0.837809917355372,0.538256227758007,0.64,0,0,0
"6399","340390375003",0.878186968838527,0.435334258662965,0.550796812749004,0.368980169971671,0.8,0,0,0
"6400","340390375004",0.880633977216444,0.661997352010592,0.644122383252818,0.485388806339772,0.8,0,0,0
"6401","340390376011",0.879292403746098,0.360918556325775,0.629932985852569,0.441207075962539,0.64,0,0,0
"6402","340390376012",0.995918367346939,0.730997076011696,0.773628048780488,0.483673469387755,0.56,0,0,0
"6403","340390376013",0.94180407371484,0.576561693753225,0.586552217453505,0.193016488845781,0.56,0,0,0
"6404","340390376021",1,0.6937492250031,0.511494252873563,0.302492809204219,0.6,0,0,0
"6405","340390376022",1,0.612061551753793,0.69578313253012,0.321985364301623,0.64,0,0,0
"6406","340390376023",0.9985559566787,0.329686681253275,0.540487804878049,0.290252707581227,0.8,0,0,0
"6407","340390377001",0.943627450980392,0.851996592013632,0.719672131147541,0.487745098039216,0.84,0,0,0
"6408","340390377002",0.990599294947121,0.78062087751649,0.899193548387097,0.323149236192714,0.68,0,0,0
"6409","340390377003",0.981530343007916,1,0.896355353075171,0.232189973614776,0.76,0,0,0
"6410","340390377004",1,0.726961092155631,0.766179540709812,0.159340659340659,0.6,0,0,0
"6411","340390377005",1,1,0.820168067226891,0.0914826498422713,0.6,0,0,0
"6412","340390378001",0.935843793584379,0.41562233751065,0.594180704441041,0.284541723666211,0.72,0,0,0
"6413","340390378002",0.838773102634683,0.439442242231031,0.654635967641568,0.376327172630751,0.64,0,0,0
"6414","340390378003",0.978883861236802,0.89062043751825,0.872852233676976,0.268476621417798,0.64,0,0,0
"6415","340390378004",0.903225806451613,0.961664153343387,0.830526315789474,0.307071960297767,0.64,0,0,0
"6416","340390379001",1,1,0.956521739130435,0.364071038251366,0.72,0,0,0
"6417","340390379002",0.959478021978022,0.697997208011168,0.781052631578947,0.240384615384615,0.48,0,0,0
"6418","340390379003",1,1,0.948805460750853,0.134799235181644,0.32,0,0,0
"6419","340390379004",1,1,0.932994062765055,0.191689750692521,0.52,0,0,0
"6420","340390380001",0.880225988700565,0.244191023235907,0.345403899721448,0.52316384180791,0.8,0,0,0
"6421","340390380002",0.909578544061303,0.41501833992664,0.416666666666667,0.72183908045977,0.8,0,0,0
"6422","340390380003",0.883401920438957,0.54499782000872,0.607433217189315,0.513717421124829,0.76,0,0,0
"6423","340390380004",0.576,0.525881896472414,0.382352941176471,0.88,0.8,0,0,0
"6424","340390380005",0.993464052287582,0.503649985400058,0.572668112798265,0.320121951219512,0.72,0,0,0
"6425","340390381011",1,0.650353398586406,0.746518105849582,0.128252788104089,0.52,0,0,0
"6426","340390381012",0.988019169329074,0.81749673001308,0.884478672985782,0.268769968051118,0.44,0,0,0
"6427","340390381013",1,0.917268330926676,0.855245683930943,0.204933586337761,0.48,0,0,0
"6428","340390381031",0.994175888177053,0.634265462938148,0.748142031379026,0.284216656959814,0.52,0,0,0
"6429","340390381032",1,0.640829436682253,0.456573705179283,0.268449197860963,0.4,0,0,0
"6430","340390381041",0.991310644460536,0.80122079511682,0.599099099099099,0.140477914554671,0.36,0,0,0
"6431","340390381042",0.963072378138848,0.5999976000096,0.583257506824386,0.401033973412112,0.44,0,0,0
"6432","340390381043",0.873051224944321,0.377270490918036,0.583094555873925,0.598984771573604,0.6,0,0,0
"6433","340390381044",0.981257557436518,0.774780900876397,0.745205479452055,0.289600967351874,0.56,0,0,0
"6434","340390382011",0.976007243096424,0.990396038415846,0.751746031746032,0.380281690140845,0.6,0,0,0
"6435","340390382012",0.979609929078014,0.94062023751905,0.592088998763906,0.216312056737589,0.52,0,0,0
"6436","340390382013",0.986598596043395,0.814556741773033,0.703101920236337,0.351914414414414,0.52,0,0,0
"6437","340390382014",1,0.823072707709169,0.812248995983936,0.252482269503546,0.56,0,0,0
"6438","340390382021",1,0.617825528697885,0.628637951105937,0.191056910569106,0.32,0,0,0
"6439","340390382022",1,0.813632745469018,0.883089770354906,0.332142857142857,0.52,0,0,0
"6440","340390382023",0.992533026995979,0.569269722921108,0.705072463768116,0.236961451247166,0.4,0,0,0
"6441","340390382024",1,0.372058511765953,0.660194174757282,0.236024844720497,0.56,0,0,0
"6442","340390382025",1,1,0.806845965770171,0.120065789473684,0.48,0,0,0
"6443","340390383001",0.987039563437926,0.279330882676469,0.549172346640701,0.168485675306958,0.48,0,0,0
"6444","340390383002",0.943022295623452,0.73499706001176,0.605993340732519,0.312551610239472,0.48,0,0,0
"6445","340390383003",0.987290969899666,1,0.802618328298087,0.240133779264214,0.4,0,0,0
"6446","340390383004",1,0.532269870920516,0.671353251318102,0.293963254593176,0.48,0,0,0
"6447","340390383005",0.983539094650206,0.888596445614218,0.663507109004739,0.164302600472813,0.64,0,0,0
"6448","340390384001",1,0.904684381262475,0.711538461538462,0.464075382803298,0.56,0,0,0
"6449","340390384002",0.963593380614657,0.738785044859821,0.540579710144928,0.313947990543735,0.76,0,0,0
"6450","340390384003",1,0.541997832008672,0.58392101551481,0.269961977186312,0.68,0,0,0
"6451","340390384004",1,0.517437930248279,0.480947476828012,0.803936411809235,0.72,0,0,0
"6452","340390384005",1,0.503305986776053,0.390660592255125,0.831759656652361,0.76,0,0,0
"6453","340390385001",0.926900584795322,0.665693337226651,0.639316239316239,0.260233918128655,0.56,0,0,0
"6454","340390385002",1,1,0.817325800376648,0.276492082825822,0.56,0,0,0
"6455","340390385003",0.979619565217391,0.871188515245939,0.70468948035488,0.261775362318841,0.56,0,0,0
"6456","340390385004",1,0.592961628153487,0.7624750499002,0.136690647482014,0.56,0,0,0
"6457","340390385005",1,0.74312102751589,0.703992210321324,0.267625899280576,0.64,0,0,0
"6458","340390386011",0.951546391752577,0.425190299238803,0.736879942487419,0.395360824742268,0.48,0,0,0
"6459","340390386012",1,0.49437402250391,0.592724679029957,0.223653395784543,0.44,0,0,0
"6460","340390386013",1,0.667389330442678,0.7467498699948,0.39701589361012,0.68,0,0,0
"6461","340390386014",1,0.914756340974636,0.82021151586369,0.319502074688797,0.44,0,0,0
"6462","340390386021",1,1,0.773561811505508,0.472624798711755,0.4,1,1,1
"6463","340390386022",0.989124805800104,0.988328046687813,0.777511961722488,0.286897980321077,0.44,0,0,1
"6464","340390386023",0.951985226223453,0.956148175407298,0.745428973277075,0.244036697247706,0.44,0,0,1
"6465","340390387011",0.946676406135866,0.724673101307595,0.737766624843162,0.070854638422206,0.52,0,0,1
"6466","340390387012",1,0.55687377250491,0.796979865771812,0.488732394366197,0.68,0,0,3
"6467","340390387013",1,0.979128083487666,0.811274509803922,0.101398601398601,0.6,0,0,0
"6468","340390387014",0.924761904761905,0.68439726241095,0.659154929577465,0.517142857142857,0.68,0,0,2
"6469","340390387021",0.969784172661871,0.766664933340267,0.628378378378378,0.415827338129496,0.52,0,0,0
"6470","340390387022",1,0.99312002751989,0.692188708430008,0.0599013389711064,0.6,0,0,0
"6471","340390387023",0.98140200286123,0.796664813340747,0.842105263157895,0.406294706723891,0.6,0,0,0
"6472","340390387024",0.990901571546733,0.626361494554022,0.675306957708049,0.325062034739454,0.56,0,0,0
"6473","340390388001",0.937372362151123,0.171955312178751,0.241657077100115,0.989108236895847,0.68,0,0,2
"6474","340390388002",0.941605839416058,0.340394638421446,0.118727050183599,0.97242497972425,0.68,2,0,3
"6475","340390388003",0.743142144638404,0.456954172183311,0.360308285163776,0.9214463840399,0.68,2,2,3
"6476","340390388004",0.643103448275862,0.377650489398042,0.236842105263158,0.899137931034483,0.72,2,2,4
"6477","340390389001",0.922058823529412,0.488178047287811,0.26410835214447,0.834532374100719,0.68,4,3,5
"6478","340390389002",0.700709994538504,0.298846804612782,0.109561752988048,1,0.64,4,0,5
"6479","340390389003",0.528064992614476,NA,0.148936170212766,0.982274741506647,0.64,2,1,4
"6480","340390389004",0.804059040590406,0.264342942628229,0.129210658622423,0.89695885509839,0.6,1,1,6
"6481","340390390001",0.663350785340314,0.222043111827553,0.283877349159248,0.998429319371728,0.76,4,2,4
"6482","340390390002",0.59451862262825,0.212855148579406,0.160955347871236,0.927385892116183,0.76,3,3,6
"6483","340390390003",0.816749585406302,NA,0.0277777777777778,0.993393889347647,0.76,4,3,6
"6484","340390391001",0.983618763961281,0.493258026967892,0.562749003984064,0.756515264333582,0.64,3,1,3
"6485","340390391002",1,0.813884744461022,0.755060728744939,0.611570247933884,0.6,3,1,4
"6486","340390391003",1,0.66309334762661,0.76,0.411642411642412,0.44,1,1,3
"6487","340390391004",1,0.581665673337307,0.710594315245478,0.502923976608187,0.4,3,0,5
"6488","340390392001",1,0.725497098011608,0.636206896551724,0.800733496332518,0.64,3,0,5
"6489","340390392002",0.7877223178428,0.35059859760561,0.410235580828595,0.955249569707401,0.64,3,1,5
"6490","340390392003",0.684275184275184,0.182075271698913,0.126569037656904,0.792383292383292,0.64,3,1,4
"6491","340390392004",0.781584582441114,0.217911128355487,0.151627906976744,0.894539614561028,0.56,0,0,5
"6492","340390393011",0.533859303090072,0.195123219507122,0,1,0.64,2,1,4
"6493","340390393012",0.442432082794308,0.188251246995012,0.0893665158371041,0.992884864165589,0.72,3,1,4
"6494","340390393021",0.492252066115702,0.149231403074388,0.0283140283140283,0.927685950413223,0.68,2,1,4
"6495","340390393022",0.544354838709677,0.186603253586986,0.119897959183673,0.962903225806452,0.72,1,1,5
"6496","340390394001",0.638297872340426,0.183167267330931,0.033106960950764,0.938878143133462,0.76,3,3,4
"6497","340390394002",0.82529335071708,0.319878720485118,0.0169811320754717,0.977835723598436,0.76,3,3,4
"6498","340390394003",0.83451536643026,0.295346818612726,0.112959719789842,0.99290780141844,0.76,0,0,1
"6499","340390395011",0.706211812627291,0.28189487242051,0.162754303599374,0.984725050916497,0.68,2,1,3
"6500","340390395012",0.589339339339339,0.33999864000544,0.0971524288107203,1,0.72,2,1,3
"6501","340390395021",0.664522513607125,0.222143111427554,0.142857142857143,0.966353290450272,0.84,0,0,1
"6502","340390395022",0.547674418604651,0.246819012723949,0.185430463576159,0.988953488372093,0.8,3,1,3
"6503","340390396001",0.592828224407172,0.220263118947524,0.398898505114083,0.953863898500577,0.6,0,0,3
"6504","340390396002",0.903748733535968,0.326722693109228,0.336923076923077,0.860182370820669,0.56,0,0,4
"6505","340390396003",0.884655532359081,0.216071135715457,0.123265306122449,0.900835073068894,0.6,0,0,3
"6506","340390397001",0.984884645982498,0.503849984600062,0.467065868263473,0.836117740652347,0.56,0,0,2
"6507","340390397002",0.981751824817518,0.581565673737305,0.236602628918099,0.839732888146911,0.52,0,0,0
"6508","340390397003",0.878119001919386,NA,0.307599517490953,0.826923076923077,0.48,0,0,0
"6509","340390397004",0.838565022421525,0.330734677061292,0.244851258581236,0.952914798206278,0.64,0,0,1
"6510","340390398011",0.788925081433225,NA,0.0810276679841897,0.853420195439739,0.76,4,1,10
"6511","340390398012",0.781557743957028,0.147999408002368,0.0453781512605042,1,0.84,4,1,11
"6512","340390398013",0.791948833709556,0.318902724389102,0.108669108669109,0.843115124153499,0.88,11,8,13
"6513","340390399001",0.834346504559271,0.216975132099472,0.230055658627087,0.887537993920973,0.76,7,3,13
"6514","340390399002",0.695167286245353,0.142291430834277,0.103125,0.928915662650602,0.8,8,5,12
"6515","340399800001",0.723684210526316,NA,0,0.956284153005464,0.92,12,7,21
"6516","340410306001",0.941273779983457,0.125731497074012,0.202586206896552,0.280397022332506,0.8,0,0,0
"6517","340410306002",0.971473851030111,0.35312258750965,0.154639175257732,0.589540412044374,0.8,0,0,0
"6518","340410306003",0.918342474101158,0.340078639685441,0.257575757575758,0.125533211456429,0.84,0,0,0
"6519","340410307001",0.861988304093567,0.314802740789037,0.0393700787401575,0.487719298245614,0.76,0,0,0
"6520","340410307002",0.943826473859844,0.271458914164343,0.241121495327103,0.626807563959956,0.76,0,0,0
"6521","340410307003",0.892444444444444,NA,0.11251580278129,0.331555555555556,0.88,0,0,0
"6522","340410307004",0.955505279034691,0.252998988004048,0.273615635179153,0.346907993966817,0.84,0,0,0
"6523","340410308001",0.957123098201936,0.352142591429634,0.166990291262136,0.187624750499002,0.84,0,0,0
"6524","340410308002",0.959021406727829,0.236347054611782,0.154118689105403,0.205738705738706,0.8,0,0,0
"6525","340410309001",0.843465045592705,0.0939956240175039,0.255079006772009,0.22644376899696,0.92,0,0,0
"6526","340410309002",0.974854932301741,NA,0.275689223057644,0.551257253384913,0.84,0,0,0
"6527","340410309003",0.981299212598425,NA,0.423899371069182,0.318897637795276,0.84,0,0,0
"6528","340410311011",0.949453551912568,0.496702013191947,0.3260663507109,0.118852459016393,0.28,0,0,0
"6529","340410311012",0.959247648902821,0.551665793336827,0.498737373737374,0.0721003134796238,0.12,0,0,0
"6530","340410311013",0.981657179000633,0.630201479194083,0.387846291331546,0.094876660341556,0.24,0,0,0
"6531","340410311014",1,0.480678077287691,0.5,0.11013986013986,0.2,0,0,0
"6532","340410311021",0.940606843124597,0.437498250007,0.369402985074627,0.0974822466107166,0.16,0,0,0
"6533","340410311022",0.989071038251366,0.45499818000728,0.526806526806527,0.0746812386156648,0.16,0,0,0
"6534","340410311023",0.981912144702842,0.472270110919556,0.553282182438193,0.107186358099878,0.32,0,0,0
"6535","340410312001",0.977766798418972,0.480830076679693,0.406855439642325,0.0745310957551826,0.24,0,0,0
"6536","340410312002",0.973926380368098,0.378690485238059,0.245583038869258,0.170245398773006,0.16,0,0,0
"6537","340410312003",0.943446088794926,0.416034335862657,0.307903780068729,0.142102482831484,0.36,0,0,0
"6538","340410312004",0.984590860786397,0.44562221751113,0.334351145038168,0.115926892950392,0.4,0,0,0
"6539","340410312005",0.966800804828974,0.382998468006128,0.196859903381643,0.120724346076459,0.48,0,0,0
"6540","340410313011",0.925462459194777,0.439642241431034,0.372997711670481,0.112078346028292,0.28,0,0,0
"6541","340410313012",0.957798165137615,0.379714481142075,0.485919098822325,0.210275229357798,0.4,0,0,0
"6542","340410313013",1,0.25749897000412,0.259863945578231,0.101528384279476,0.28,0,0,0
"6543","340410313021",0.948751642575558,0.347306610773557,0.47244094488189,0.0157687253613666,0.32,0,0,0
"6544","340410313022",0.986201609812189,0.493042027831889,0.566718995290424,0.265235722499042,0.24,0,0,0
"6545","340410313023",1,0.520737917048332,0.560202788339671,0.0497691123653155,0.24,0,0,0
"6546","340410314011",0.740384615384615,0.231051075795697,0.211726384364821,0.449038461538462,0.6,0,0,0
"6547","340410314012",0.984910040626814,0.330310678757285,0.45392749244713,0.163087637840975,0.52,0,0,0
"6548","340410314013",0.991827203736135,0.571125715497138,0.592320261437909,0.389132821075741,0.52,0,0,0
"6549","340410314021",0.581569115815691,0.2749989000044,0.36153161175423,0.49439601494396,0.68,0,0,0
"6550","340410314022",0.951259138911454,0.39499842000632,0.29837067209776,0.339561332250203,0.56,0,0,0
"6551","340410314023",0.97954629973968,0.509625961496154,0.352858151023289,0.21941242097434,0.52,0,0,0
"6552","340410315001",1,0.227955088179647,0.303457106274008,0.163865546218487,0.2,0,0,0
"6553","340410315002",1,0.463822144711421,0.355475763016158,0.36179295624333,0.24,0,0,0
"6554","340410315003",0.927007299270073,0.616997532009872,0.438563327032136,0,0.36,0,0,0
"6555","340410315004",1,0.33315466738133,0.203180212014134,0.469660194174757,0.32,0,0,0
"6556","340410315005",0.954179868388984,0.367742529029884,0.398170946183609,0.415793321959542,0.48,0,0,0
"6557","340410316011",1,0.220923116307535,0.427378964941569,0.0886571056062582,0.16,0,0,0
"6558","340410316012",0.987491770901909,0.163259346962612,0.167641325536062,0.0429371499688861,0.36,0,0,0
"6559","340410316013",0.888166449934981,0.41062235751057,0.416666666666667,0.0299089726918075,0.36,0,0,0
"6560","340410316014",0.988605898123324,0.383518465926136,0.314595660749507,0.184316353887399,0.36,0,0,0
"6561","340410316021",0.852135117909496,0.41999832000672,0.308631921824104,0.138942001274697,0.44,0,0,0
"6562","340410316022",0.948275862068966,0.362998548005808,0.196990424076607,0.210953346855984,0.44,0,0,0
"6563","340410317001",0.959241706161137,0.360414558341767,0.181286549707602,0.0691943127962085,0.56,0,0,0
"6564","340410317002",0.982346832814122,0.495766016935932,0.432228915662651,0.128764278296989,0.48,0,0,0
"6565","340410317003",0.980544747081712,0.35499858000568,0.179545454545455,0.0739299610894942,0.52,0,0,0
"6566","340410318001",0.988405797101449,0.462306150775397,0.18,0.0108108108108108,0.4,0,0,0
"6567","340410318002",0.929292929292929,0.348886604453582,0.341397849462366,0.16969696969697,0.36,0,0,0
"6568","340410318003",0.985824742268041,0.28499886000456,0.16,0,0.48,0,0,0
"6569","340410319001",0.904394299287411,0.424202303190787,0.482999128160418,0.253562945368171,0.6,0,0,0
"6570","340410319002",0.98125,0.494122023511906,0.333951762523191,0.016875,0.52,0,0,0
"6571","340410319003",0.960259529602595,0.479642081431674,0.228019323671498,0.163828061638281,0.48,0,0,0
"6572","340410319004",0.926184538653367,0.355330578677685,0.434146341463415,0.276309226932668,0.4,0,0,0
"6573","340410320001",0.932246998284734,0.274678901284395,0.185817465528562,0.309605488850772,0.64,0,0,0
"6574","340410320002",0.954423592493298,0.23499906000376,0.325803649000869,0.258445040214477,0.68,0,0,0
"6575","340410320003",0.946494464944649,0.341450634197463,0.120396600566572,0.0590405904059041,0.72,0,0,0
"6576","340410320004",0.898140662894099,0.315466738133047,0.342032967032967,0.203718674211803,0.76,0,0,0
"6577","340410320005",0.937673130193906,0.20375118499526,0.28898426323319,0.203601108033241,0.68,0,0,0
"6578","340410321011",0.942295081967213,0.503329986680053,0.382242990654206,0.150819672131148,0.68,0,0,0
"6579","340410321012",0.973972602739726,0.456942172231311,0.350687622789784,0.128767123287671,0.44,0,0,0
"6580","340410321021",0.972451790633609,0.66499734001064,0.526659959758551,0.421793694520967,0.72,0,0,0
"6581","340410321022",0.954045954045954,0.580713677145291,0.634538152610442,0.0699300699300699,0.64,0,0,0
"6582","340410321023",1,0.946664213343147,0.652933832709114,0.0759075907590759,0.6,0,0,0
"6583","340410322001",0.968446601941748,0.477142091431634,0.61617900172117,0.109223300970874,0.72,0,0,0
"6584","340410322002",0.977988382757566,0.506665973336107,0.462605042016807,0.324059920513604,0.52,0,0,0
"6585","340410322003",0.971153846153846,0.251942992228031,0.527246992215145,0.412820512820513,0.72,0,0,0
"6586","340410322004",0.986700986700987,0.311922752308991,0.291784702549575,0.232741617357002,0.8,0,0,0
"6587","340410322005",0.973451327433628,0.28249887000452,0.301075268817204,0.242730720606827,0.6,0,0,0
"6588","340410323001",0.788732394366197,0.448178207287171,0.325153374233129,0.256651017214397,0.68,0,0,0
"6589","340410323002",0.926279271465742,0.496842012631949,0.407249466950959,0.0936686903729401,0.76,0,0,0
"6590","340410323003",0.9648,0.271562913748345,0.338551859099804,0.016,0.56,0,0,0
"6591","340410323004",0.918562874251497,0.356666573333707,0.179530201342282,0.122155688622754,0.8,0,0,0
"6592","340410324001",0.934156378600823,0.325998696005216,0.26140350877193,0.224965706447188,0.76,0,0,0
"6593","340410324002",0.962987886944818,0.298570805716777,0.191326530612245,0.175368139223561,0.72,0,0,0
